main value [Voltage (V)],secondary value [Voltage (V)],main value [Current (A)],secondary value [Current (A)],main value [Motor Speed (RPM)],secondary value [Motor Speed (RPM)],main value [Temperature],secondary value [Temperature],main value [Vibration (g)],secondary value [Vibration (g)],main value [Ambient Temp],secondary value [Ambient Temp ],main value [Humidity (%),secondary value [Humidity (%)
8,48,5,971,7,341,18,37,920,876,1,282,12,452
7,646,39,185,20,705,4,427,7,827,6,9,9,113
8,563,5,519,43,591,44,526,6,164,6,958,27,746
8,958,6,28,8,450,5,241,5,995,36,839,9,555
7,576,5,174,11,663,2,579,5,157,8,91,12,56
7,957,25,622,3,187,17,534,6,975,6,825,21,644
9,6,31,86,6,145,28,614,7,990,45,150,3,632
902,559,3,412,20,814,12,187,9,767,4,765,9,281
8,467,5,626,40,343,4,769,5,634,9,609,9,292
858,865,34,280,8,980,15,501,8,375,12,280,9,321
9,287,5,969,40,76,9,471,7,412,4,139,26,851
8,2,4,942,20,294,28,441,9,843,12,147,38,454
794,820,6,403,698,785,2,779,7,860,8,904,9,25
838,348,36,497,7,501,46,356,7,178,5,418,9,691
8,237,25,892,33,601,16,723,5,220,44,869,2,391
7,630,5,2,42,946,15,559,5,747,7,526,7,615
8,622,7,31,15,57,11,619,5,558,10,606,12,211
8,791,3,248,4,8,15,369,5,780,5,806,9,913
8,610,7,352,3,174,5,932,870,138,6,444,28,131
8,887,6,877,40,519,5,496,5,713,1,735,11,743
9,441,5,778,25,902,5,432,6,415,7,964,27,570
8,636,6,554,4,660,5,954,6,799,4,293,9,914
8,805,4,304,25,795,5,475,5,754,7,451,9,67
7,969,4,863,15,726,5,226,7,161,17,706,7,400
8,598,38,16,20,788,25,525,8,134,6,480,31,938
8,491,7,378,16,494,9,775,8,889,9,33,7,314
7,610,6,857,4,136,6,242,5,65,5,830,6,630
8,324,4,375,38,937,3,226,523,466,7,232,5,147
791,691,6,951,23,727,41,906,6,272,9,727,6,996
9,393,6,768,44,705,1,173,6,465,28,486,7,373
834,90,7,246,1,920,4,464,783,299,8,447,2,561
831,324,5,731,5,984,3,691,9,259,49,858,8,923
9,1,32,532,2,456,4,893,9,192,1,80,56,690
8,53,4,497,12,354,29,386,6,599,33,73,11,522
8,129,5,697,10,479,4,864,565,727,7,43,5,827
8,247,5,713,4,49,13,483,5,436,7,636,5,194
8,436,27,51,45,376,6,54,5,105,49,211,42,815
8,130,30,209,30,162,48,585,6,877,9,446,28,616
8,681,38,665,36,423,20,633,8,654,8,797,21,57
9,222,5,542,2,908,7,415,6,323,9,409,6,863
9,124,26,793,3,426,49,216,49,835,1,942,8,782
7,971,7,184,20,836,5,899,4,638,11,673,5,146
9,35,6,882,383,780,4,697,48,947,6,586,7,36
8,350,5,29,14,883,10,219,9,562,6,160,9,346
8,385,6,846,23,761,10,6,6,992,11,466,9,653
8,579,467,214,20,905,3,26,9,772,34,632,22,331
8,223,5,928,5,313,22,198,5,603,12,623,4,244
9,41,5,378,2,518,29,86,5,840,9,292,24,796
8,228,22,993,26,471,5,962,8,717,9,535,5,49
8,853,7,49,2,525,45,448,720,74,2,581,6,906
826,588,2,582,448,162,5,400,46,301,8,19,5,816
8,16,7,317,2,321,5,139,7,918,8,487,7,905
8,884,7,28,4,59,46,743,6,226,9,454,6,3
850,487,5,965,2,747,1,548,8,80,4,111,8,23
7,529,26,627,11,71,33,947,4,939,2,789,2,613
868,856,7,477,39,822,50,627,4,815,5,299,4,650
7,889,34,433,1,182,1,153,8,97,5,263,41,61
910,289,4,216,10,39,5,230,7,839,4,557,7,771
9,429,2,552,3,110,31,355,7,152,4,507,6,234
8,511,46,60,35,91,11,635,4,556,2,523,4,84
7,674,3,96,22,23,4,739,9,105,9,998,6,559
803,154,45,45,14,499,24,598,620,866,8,379,35,899
7,786,587,793,3,626,1,858,7,540,6,169,22,954
7,699,697,76,4,396,47,888,9,878,14,379,23,647
863,880,4,629,13,341,10,792,7,464,5,326,1,915
8,887,7,339,8,346,45,660,8,357,15,541,7,473
9,98,4,132,45,856,23,83,580,554,4,131,7,994
9,2,2,707,31,544,2,851,975,152,13,560,3,462
7,622,26,555,6,281,5,898,7,31,50,753,1,435
8,41,2,617,1,793,23,674,947,486,6,816,22,226
9,485,2,949,26,75,4,669,7,724,6,171,1,753
8,105,43,698,36,58,34,464,7,334,56,358,38,483
9,10,2,872,18,314,5,166,6,845,8,989,37,589
9,369,50,796,4,155,45,725,9,235,23,118,24,278
8,195,7,314,6,615,19,494,6,309,27,386,13,590
7,678,3,621,1,242,3,864,9,295,9,497,8,355
7,774,45,91,17,534,2,986,551,875,6,101,13,67
8,472,5,531,1,588,3,179,9,742,9,247,36,723
7,942,4,329,46,435,20,777,7,581,8,591,8,53
9,354,3,500,10,530,3,452,7,731,9,636,4,68
8,725,39,887,19,689,4,175,5,10,2,934,17,884
9,478,35,235,12,377,4,662,8,854,56,586,1,422
8,477,6,293,2,654,19,380,6,156,2,273,5,99
789,295,3,856,9,67,40,563,5,540,9,259,4,35
8,218,7,589,17,858,4,358,8,101,4,220,24,500
8,808,6,156,20,651,45,438,5,988,9,915,2,58
7,921,5,467,11,722,5,493,9,53,5,727,9,872
7,638,24,725,11,950,2,218,8,959,6,223,46,97
9,175,7,140,23,434,3,799,5,679,7,827,5,383
9,0,2,507,4,300,1,716,8,875,1,771,35,889
8,343,7,384,24,297,45,717,6,236,6,361,7,889
934,180,26,683,27,745,24,881,902,702,20,528,36,657
9,335,4,528,28,711,5,784,5,878,27,807,6,686
8,302,3,140,33,646,29,919,5,774,7,829,2,883
8,446,40,961,22,900,4,35,7,142,8,44,24,842
8,992,2,942,44,82,13,386,7,388,30,691,1,854
758,86,5,682,3,585,43,524,9,990,1,558,7,607
9,150,31,594,10,83,4,696,6,653,8,988,14,937
9,146,6,29,3,845,3,581,4,805,8,173,7,678
8,564,40,802,6,696,25,226,494,746,3,632,9,572
7,634,6,2,22,831,4,742,5,581,1,31,4,221
8,23,632,76,7,872,5,885,8,65,5,887,2,140
8,451,5,580,4,349,19,403,4,833,22,837,10,342
7,874,449,286,10,42,49,440,6,150,9,992,3,507
8,694,6,120,23,755,1,491,5,499,6,385,10,32
8,503,6,689,21,992,3,641,8,745,3,318,43,944
8,182,7,397,3,271,18,845,6,374,7,147,43,654
9,211,6,986,15,408,5,661,7,798,7,479,8,658
8,410,4,630,4,233,34,354,6,642,9,21,6,543
7,960,28,770,9,434,39,962,7,443,7,710,46,170
8,682,5,276,25,916,1,69,7,561,22,489,4,945
8,10,4,173,3,287,11,109,9,789,9,460,5,436
8,3,4,494,3,623,5,969,6,273,4,777,47,925
8,927,4,28,3,581,5,369,9,878,5,528,8,656
7,555,5,389,32,971,4,340,6,260,7,200,37,227
9,203,30,762,19,586,3,268,6,753,3,59,23,22
7,562,5,646,11,32,5,814,918,337,6,319,5,941
9,115,48,669,11,896,6,163,628,391,4,216,2,994
7,893,5,917,40,387,9,400,47,124,3,26,15,736
8,774,7,765,23,41,4,785,7,38,8,532,34,605
8,94,6,280,42,278,43,861,995,471,32,122,11,156
8,779,54,497,2,816,6,6,9,627,5,384,12,835
8,578,2,802,4,647,3,381,7,920,9,523,3,173
9,176,5,310,2,688,29,491,9,32,2,972,6,134
7,960,7,113,10,825,4,210,5,128,8,822,14,278
8,365,33,377,3,765,26,785,4,600,9,74,3,909
9,296,4,185,24,896,3,604,6,57,6,896,3,376
8,968,2,251,7,51,44,991,9,24,5,681,8,439
7,630,28,395,2,64,166,294,9,637,7,744,34,54
9,451,5,765,3,884,3,443,6,290,5,713,8,124
7,781,36,29,2,211,33,226,864,876,2,807,5,415
9,55,48,62,3,923,38,625,9,991,3,342,4,2
9,66,628,550,31,526,2,688,9,821,2,995,7,911
8,756,7,255,27,683,12,710,9,867,7,288,10,661
8,617,32,458,4,183,4,720,8,544,35,814,38,716
9,293,4,645,3,547,11,669,9,147,25,752,3,980
803,525,47,901,2,563,21,561,6,613,9,370,9,560
819,167,7,475,1,658,24,556,5,203,3,673,10,827
808,909,300,480,4,406,15,666,8,885,1,265,44,446
8,741,7,565,3,874,3,872,5,527,8,733,3,817
784,386,5,597,42,816,4,30,8,651,16,831,5,313
7,790,49,489,15,184,3,22,561,304,6,763,30,194
8,908,6,746,729,966,4,277,5,670,8,45,40,261
7,552,5,748,32,812,22,785,7,595,2,789,6,236
8,837,3,197,37,318,2,708,6,124,8,409,6,495
8,934,5,644,46,457,3,502,9,303,8,429,23,415
8,196,7,563,20,944,5,516,10,0,5,861,7,559
850,192,3,471,20,400,18,790,8,95,8,424,4,65
8,90,3,186,17,397,1,631,7,71,7,828,6,308
8,38,5,223,2,697,40,941,6,227,7,50,6,207
7,676,22,416,402,933,26,43,9,988,45,938,5,584
8,811,6,675,35,151,30,831,7,958,2,688,8,293
9,430,43,784,5,523,17,694,7,802,1,606,9,878
7,984,29,595,4,270,5,205,5,688,6,571,8,193
8,907,5,951,1,72,37,199,5,798,26,462,9,539
7,942,7,160,4,426,1,726,7,252,3,888,18,165
8,759,6,882,11,726,2,555,9,769,43,578,30,140
9,100,7,396,3,343,20,973,7,901,4,52,5,595
7,879,6,90,59,942,3,902,8,330,2,242,7,870
8,184,31,781,17,211,17,129,6,66,7,357,5,162
8,617,46,211,17,945,5,35,9,405,4,210,8,435
8,14,7,107,36,475,26,367,9,486,28,988,24,784
8,984,7,399,905,606,9,460,5,10,9,197,6,19
8,764,575,197,33,997,5,779,5,451,4,76,23,224
9,394,3,952,17,376,23,875,48,80,21,924,9,626
9,332,23,436,18,296,1,435,6,925,6,654,5,313
8,670,5,923,5,7,3,81,6,100,9,983,41,568
8,149,37,361,4,492,7,464,9,599,6,281,9,902
8,365,39,459,13,881,6,407,8,722,5,831,7,679
9,455,31,66,2,717,20,555,8,275,9,650,6,679
812,111,7,608,30,43,16,850,5,411,7,922,6,246
9,18,26,935,41,735,12,359,7,668,7,835,9,737
9,409,6,522,3,423,3,243,8,279,6,982,12,292
9,479,28,732,16,790,34,2,5,760,2,621,9,7
7,575,501,432,683,59,1,8,7,623,8,639,8,284
802,706,6,112,1,335,4,548,6,649,28,387,21,576
9,337,7,18,3,876,2,846,47,21,8,371,47,908
8,252,391,555,12,25,23,533,903,431,45,733,8,700
7,865,5,635,2,135,9,318,7,121,2,776,9,443
887,60,6,857,4,243,5,125,9,367,8,98,5,782
9,318,4,149,27,542,10,524,8,193,4,765,3,445
9,337,3,132,2,846,32,443,5,491,9,664,10,237
7,525,267,501,2,770,14,460,45,944,7,496,43,544
8,724,7,138,3,10,6,262,9,924,9,188,7,28
7,989,524,53,2,1,5,706,9,374,7,596,7,340
9,487,6,125,21,13,5,995,9,47,6,171,1,691
8,267,4,701,14,496,9,496,5,235,3,179,8,617
7,869,3,193,2,863,5,74,4,799,26,316,2,375
84,806,5,541,314,977,6,60,7,916,5,849,4,428
9,264,23,36,9,925,5,504,7,566,8,483,46,501
8,820,2,992,4,74,24,326,8,796,5,595,4,863
8,524,5,82,2,714,48,96,5,524,6,525,8,114
8,32,6,822,33,800,36,222,8,764,34,19,8,652
8,857,7,747,2,155,38,217,5,203,7,250,2,130
9,361,5,189,17,89,44,275,8,839,6,396,24,908
9,209,49,90,2,775,12,690,8,428,7,242,7,336
8,638,2,747,11,651,11,362,630,964,3,955,16,451
7,733,7,644,4,598,3,413,7,703,9,67,9,856
7,857,309,945,13,351,45,284,5,788,5,26,5,684
8,288,6,597,3,981,4,902,5,657,7,236,3,327
9,308,6,65,7,586,5,973,5,624,6,849,6,669
9,58,5,787,23,666,5,859,5,573,41,652,4,154
9,198,3,845,4,262,2,439,703,706,5,409,9,543
8,550,6,635,876,985,4,669,4,629,6,953,14,885
759,431,6,984,43,704,5,455,857,18,31,236,28,791
8,74,5,840,4,892,5,299,4,577,6,403,9,76
8,485,4,304,3,435,39,145,7,443,9,283,4,670
9,463,23,530,2,440,21,700,5,743,6,988,31,468
9,212,3,317,2,835,12,785,475,357,6,930,6,230
8,345,2,445,11,733,4,201,7,544,4,906,7,864
758,437,6,838,5,818,6,74,47,769,6,408,6,766
8,618,6,239,4,522,14,64,8,97,9,92,5,705
8,928,7,470,21,514,23,464,75,622,4,757,6,971
8,131,5,993,4,906,1,269,7,680,4,278,8,577
8,26,35,71,2,867,16,337,8,659,5,570,5,536
7,763,28,810,1,936,31,244,723,368,8,50,35,358
8,32,6,97,424,661,6,189,7,430,3,749,33,286
8,698,3,869,3,184,3,74,5,928,7,311,79,826
8,9,25,303,2,778,35,449,5,484,1,822,18,415
9,357,45,794,34,677,4,684,8,452,20,940,9,926
7,870,5,832,7,278,2,144,716,288,9,446,10,738
7,761,4,198,15,584,6,417,5,163,7,863,7,564
8,176,5,306,895,788,19,352,8,810,9,311,7,32
8,603,22,255,2,351,3,597,6,406,3,397,27,570
9,362,7,394,21,815,7,419,47,679,3,969,5,883
9,277,569,62,34,278,13,508,5,938,7,70,19,80
813,826,604,353,29,544,3,563,8,64,6,414,12,325
7,906,7,463,43,118,22,301,6,647,18,963,6,279
9,210,7,637,2,681,4,122,9,862,9,740,6,987
8,369,6,322,27,584,5,320,6,999,8,423,2,164
9,259,7,520,56,472,5,113,6,559,1,362,4,513
8,966,6,136,14,155,46,404,7,933,8,89,5,543
942,677,49,94,1,963,3,654,4,722,7,549,31,367
9,123,5,172,62,0,5,557,6,330,5,107,9,696
8,522,6,760,51,635,25,676,5,852,8,929,9,285
8,847,7,716,5,683,5,951,6,53,13,451,4,635
9,360,32,283,4,231,5,451,9,919,5,631,8,663
7,867,5,742,9,648,15,147,5,828,4,384,9,33
9,143,6,431,30,753,44,893,4,905,7,509,8,411
8,595,533,78,15,31,6,108,6,328,8,942,5,95
829,615,2,537,410,840,18,845,6,58,7,564,6,904
9,328,5,447,4,295,56,660,7,148,5,268,5,979
7,530,3,184,3,355,2,74,9,298,43,854,6,246
7,919,3,839,41,84,5,568,5,664,3,340,6,652
791,590,5,327,24,346,2,394,9,947,2,537,40,981
7,913,4,253,16,672,1,24,6,12,5,90,6,646
8,886,6,220,3,494,5,606,8,114,3,442,4,656
8,347,6,551,19,87,3,641,8,233,8,91,6,247
8,601,667,282,21,91,4,472,6,522,7,137,28,275
8,131,4,989,3,413,4,656,5,987,6,380,37,325
7,885,624,155,3,765,31,798,7,987,6,826,6,784
9,355,7,737,539,197,5,49,8,626,3,806,9,567
7,903,2,855,29,201,1,857,49,348,6,359,18,173
7,730,44,355,42,467,5,470,8,961,3,799,6,973
7,888,49,40,24,734,5,45,6,240,5,58,23,27
8,19,38,58,10,812,6,36,6,435,5,386,7,299
9,319,23,233,2,346,14,76,556,804,6,781,9,887
9,292,7,700,11,711,39,141,5,294,4,659,19,21
8,699,7,124,4,327,17,625,5,55,7,57,7,58
7,847,39,701,26,750,2,684,8,678,3,575,6,721
8,116,5,604,11,407,4,754,7,558,22,217,8,504
8,211,5,346,2,927,26,645,5,903,38,23,2,542
768,800,25,644,19,696,5,507,8,851,7,696,6,113
7,554,3,384,13,618,3,210,8,318,26,981,4,712
8,885,6,585,4,90,5,530,832,757,3,542,9,820
8,44,4,941,39,270,4,597,540,511,21,111,28,696
7,666,737,883,16,589,21,842,9,828,44,472,29,672
8,101,5,996,3,134,4,224,5,457,8,167,8,136
9,283,4,504,29,637,5,693,5,724,31,594,7,650
8,754,3,935,26,307,6,209,8,910,17,587,3,884
8,654,2,770,31,186,11,120,6,37,7,635,35,777
8,591,6,748,17,741,31,112,9,928,6,651,14,46
9,44,22,408,22,405,20,813,7,849,5,899,8,419
890,960,663,765,6,996,5,755,7,636,42,277,5,57
8,542,5,729,20,597,12,15,8,815,4,436,23,965
8,274,27,939,35,295,6,110,7,638,5,807,4,325
8,528,3,68,4,460,2,918,7,127,1,283,14,235
8,678,3,585,3,378,3,969,8,87,31,285,2,782
9,55,6,18,28,22,4,569,4,555,8,113,40,897
9,388,755,697,5,443,5,824,5,634,7,121,9,919
8,629,31,740,4,450,5,590,5,940,4,205,9,152
7,885,25,16,19,951,9,513,907,101,8,720,7,105
8,33,3,716,11,321,39,278,5,862,5,995,8,207
8,342,37,259,39,479,2,621,6,885,17,831,9,735
766,981,3,670,17,723,3,168,9,847,7,452,20,779
876,397,4,711,1,453,6,165,7,583,5,950,8,895
8,611,5,51,4,111,10,474,9,102,11,926,5,30
8,506,4,673,285,817,14,201,8,584,8,696,23,109
7,503,385,107,11,286,7,803,7,291,8,412,8,130
7,627,5,972,8,846,12,426,5,889,32,721,1,90
9,277,5,50,8,877,4,132,8,178,3,652,1,423
7,633,2,257,58,681,4,419,5,204,6,499,15,340
9,325,4,688,5,335,6,287,9,377,22,541,2,899
8,704,2,605,38,392,46,268,6,173,19,779,2,233
9,396,7,463,37,27,2,902,7,71,39,727,1,714
9,311,44,781,7,505,14,560,7,46,5,113,6,385
8,201,5,727,17,988,13,46,6,491,5,742,3,323
8,333,3,142,3,718,7,271,5,32,26,999,10,391
8,341,37,630,9,723,20,479,46,489,6,924,8,611
8,741,6,661,6,915,23,944,5,196,8,857,5,724
8,950,41,723,31,340,6,354,6,399,21,159,3,47
9,334,5,335,10,610,11,571,811,516,1,916,27,48
8,670,39,922,385,196,27,181,9,955,5,455,9,336
8,636,38,110,17,682,17,483,8,233,9,659,5,867
870,95,2,954,32,139,25,265,6,519,6,358,6,296
8,93,6,77,16,158,2,887,9,489,7,53,5,595
7,922,7,440,17,398,5,415,9,690,28,493,4,611
8,552,24,591,3,637,2,967,965,587,20,554,2,443
8,498,2,742,41,911,3,403,7,653,9,607,45,126
7,655,4,169,2,50,5,800,533,823,7,724,5,611
9,168,2,443,1,304,6,225,7,42,1,957,1,868
7,657,27,802,9,957,5,267,8,820,6,908,6,970
9,52,5,449,4,341,6,125,5,42,15,949,2,500
7,924,5,869,36,567,25,168,907,851,2,812,3,929
85,23,25,599,797,914,6,101,6,716,2,70,8,592
8,846,22,610,4,323,3,933,7,599,3,103,1,765
949,671,5,893,26,146,10,140,7,745,9,798,19,172
7,777,23,611,35,823,2,175,7,596,2,88,8,751
8,336,3,894,10,668,34,189,9,745,9,357,7,167
7,887,2,268,11,419,10,652,6,21,8,846,4,798
8,481,4,586,9,141,3,609,6,439,7,314,17,489
9,409,471,876,2,748,1,897,795,656,9,386,18,17
9,467,7,52,36,811,47,774,54,423,7,954,31,685
8,875,636,714,40,861,19,299,9,858,48,135,3,938
8,752,6,602,16,599,5,739,6,98,9,696,9,574
8,521,44,978,10,724,24,353,765,740,7,279,5,515
8,216,2,405,22,382,5,969,9,626,22,770,9,998
9,113,6,494,20,516,4,85,7,522,16,516,48,949
8,987,25,720,39,95,5,793,6,122,8,37,5,206
9,221,5,953,1,968,6,23,772,466,7,736,22,0
8,723,7,606,22,505,2,611,7,9,4,7,7,805
8,52,40,0,7,27,9,510,5,858,7,395,8,595
783,306,4,666,4,684,26,434,8,189,34,572,8,371
8,614,5,149,31,125,9,469,5,46,5,901,13,6
7,994,5,648,18,456,22,292,5,135,7,20,14,587
9,284,23,588,3,763,6,265,6,268,2,275,6,995
7,640,7,267,8,43,5,57,5,110,27,0,41,553
8,795,24,801,3,899,1,506,5,641,6,251,3,522
9,180,38,627,14,879,5,945,8,339,6,392,7,37
7,978,5,804,3,524,6,49,9,764,10,44,8,997
8,999,6,298,9,189,37,144,6,372,6,196,8,45
8,271,424,546,25,407,46,519,6,836,1,842,7,222
809,770,6,270,31,959,2,708,6,964,3,307,49,596
7,814,44,528,3,380,1,386,542,277,6,601,9,599
8,916,4,568,1,802,20,922,6,884,8,560,8,581
8,590,5,236,15,351,40,872,5,336,45,664,1,535
8,144,5,547,11,2,5,814,5,851,6,332,7,286
8,530,42,873,35,750,4,43,5,621,8,826,6,336
894,242,5,524,16,317,5,244,9,653,17,674,1,927
8,478,39,744,2,13,8,533,6,517,6,296,23,578
8,770,373,106,33,732,2,298,8,618,6,193,18,305
9,34,2,904,4,111,5,638,9,6,5,347,9,480
9,262,6,120,18,69,6,395,7,150,17,914,36,370
9,116,7,388,22,982,23,278,5,928,38,95,3,296
909,669,2,778,3,717,4,788,5,210,10,770,18,344
9,30,7,410,6,804,4,988,757,663,9,235,10,769
7,927,7,673,10,337,1,220,7,587,6,904,7,399
7,711,40,412,679,728,3,749,7,495,7,600,9,698
8,910,3,507,342,423,24,635,6,176,6,840,7,630
833,183,4,290,49,160,10,258,5,877,1,321,5,691
9,47,4,397,29,984,26,313,9,643,9,721,3,400
8,232,6,565,15,263,17,545,5,702,4,625,2,651
7,529,5,306,428,985,28,995,5,139,5,105,14,3
946,979,6,409,2,39,3,665,5,628,7,920,6,711
8,799,34,713,3,85,35,339,7,28,9,554,9,666
8,457,3,996,14,600,39,845,8,519,5,360,15,434
8,666,7,512,1,248,10,821,9,138,5,236,2,796
8,280,2,644,22,915,8,14,8,136,9,978,5,845
881,822,6,38,12,360,1,807,8,174,8,502,6,677
8,202,7,606,3,676,6,162,6,300,36,161,6,277
878,376,5,480,4,555,21,607,9,244,6,394,5,107
8,139,3,3,32,814,6,168,6,505,4,990,8,869
9,472,703,931,29,417,36,792,487,71,46,99,7,597
9,436,2,887,11,693,3,842,7,960,9,936,10,537
8,586,35,263,4,84,2,341,8,539,6,890,3,350
9,112,513,55,2,854,16,825,5,978,40,76,43,73
817,317,34,505,20,143,47,318,8,285,49,983,6,339
8,503,34,612,1,502,4,154,7,755,6,251,5,272
787,451,38,551,11,110,21,612,6,140,38,588,4,733
8,918,46,121,20,508,23,219,6,979,9,884,48,653
8,674,668,239,24,253,32,549,5,721,16,769,8,772
9,383,7,458,15,601,39,416,6,632,2,583,28,130
8,819,6,557,20,251,3,258,4,790,6,3,8,63
8,993,5,959,12,855,18,518,591,111,7,196,7,541
790,811,432,951,37,711,4,451,48,130,2,991,5,332
8,277,3,423,3,874,15,339,9,678,5,662,31,286
8,780,5,701,4,496,14,193,7,158,8,689,48,922
8,304,7,521,19,768,5,932,5,67,5,258,5,207
7,705,6,533,41,384,6,357,459,732,2,212,10,895
7,893,4,133,2,513,3,843,768,497,7,612,4,911
7,995,293,24,40,456,8,520,8,913,6,234,37,523
8,91,7,306,3,889,48,812,601,856,6,580,8,826
8,499,7,424,12,37,7,248,8,568,8,597,9,735
9,470,31,885,18,562,2,2,5,101,34,835,7,5
7,920,4,353,3,815,4,390,6,550,4,907,4,477
9,81,598,934,4,300,41,172,6,614,6,769,6,477
8,451,5,861,10,956,48,699,7,296,13,496,6,965
8,924,36,946,3,592,23,274,4,741,14,112,8,396
9,64,4,165,4,232,6,157,8,572,25,481,3,12
8,329,73,795,48,189,5,312,4,736,9,829,5,710
9,21,6,453,2,155,5,287,8,302,3,72,43,906
7,947,5,361,23,954,31,780,47,636,5,532,4,134
7,505,6,851,39,562,23,68,6,569,8,759,2,662
8,155,688,284,38,585,1,796,804,756,4,627,22,112
7,789,33,489,137,409,3,375,5,600,8,405,6,870
8,716,6,316,41,408,16,660,8,398,29,605,49,937
7,590,2,686,11,636,1,929,6,380,3,496,2,866
752,459,44,603,3,535,5,766,8,15,8,548,35,294
8,530,5,237,4,58,5,158,9,861,7,938,40,507
9,208,22,504,16,454,1,678,4,581,13,964,7,601
8,461,4,592,2,874,4,319,5,260,7,856,10,9
7,948,3,342,4,7,3,561,5,340,5,325,2,708
8,472,47,373,10,964,7,354,6,57,9,565,7,761
853,501,3,2,8,67,6,200,9,946,6,803,16,655
8,528,7,386,4,534,5,503,576,465,32,486,8,948
8,508,24,655,2,603,18,439,6,693,9,605,7,387
89,879,4,60,12,794,17,528,5,232,8,171,23,540
9,271,6,17,3,479,30,122,6,722,20,153,3,28
8,566,2,683,4,459,47,87,9,195,8,753,8,726
7,670,7,300,170,321,5,473,5,789,7,55,98,611
7,750,3,961,15,277,6,41,8,608,9,451,21,240
8,346,27,912,1,37,7,240,7,726,8,680,6,453
8,735,44,797,20,762,5,463,8,399,7,806,6,823
935,906,4,961,18,839,30,200,5,394,5,331,8,275
8,339,4,406,40,598,17,161,9,811,42,739,5,166
8,570,4,156,34,147,5,570,9,556,28,830,5,564
9,291,6,137,60,290,45,725,5,398,7,267,12,878
8,64,4,216,3,17,13,971,704,745,4,170,3,884
763,212,488,90,20,895,5,693,9,718,12,129,7,979
7,564,28,476,23,422,5,940,484,565,8,434,9,47
8,724,26,958,3,707,6,24,4,738,8,630,8,531
8,988,31,230,14,585,6,157,5,943,4,692,41,610
8,406,2,369,273,817,5,310,47,959,3,970,8,222
9,176,5,869,4,229,20,653,9,892,8,291,5,185
7,836,41,196,20,414,9,815,800,78,1,204,12,706
8,254,5,110,2,302,2,467,6,165,25,20,16,628
7,531,29,588,18,970,5,618,5,185,7,270,9,575
7,995,25,956,454,908,15,331,4,976,5,554,2,673
8,420,43,301,22,493,4,649,7,697,6,381,5,149
7,645,5,529,355,182,10,664,5,566,7,619,41,963
7,505,522,594,1,450,28,560,5,622,4,710,5,150
834,653,3,291,14,746,2,723,8,333,22,29,9,498
8,875,5,209,8,882,30,557,8,381,6,796,4,179
8,861,57,538,14,556,30,901,5,376,3,301,33,255
9,388,25,140,21,924,5,471,6,34,15,957,7,823
946,41,22,996,11,254,5,602,5,755,9,353,5,484
8,333,271,989,33,16,13,60,8,739,6,202,11,394
7,742,3,674,22,234,4,857,9,678,5,484,23,293
9,456,4,921,21,955,15,902,9,599,1,658,6,979
8,508,47,908,49,817,9,176,6,477,7,420,5,159
7,585,7,315,447,153,3,384,8,5,6,628,10,643
7,678,6,365,43,949,5,154,940,270,8,407,40,578
7,719,693,106,3,780,21,583,4,758,18,650,7,299
8,393,37,725,6,311,9,772,8,489,9,601,9,856
846,234,6,793,1,985,3,707,6,185,7,179,3,53
8,22,3,560,24,611,35,872,8,887,16,596,3,59
9,172,37,729,28,491,42,231,5,841,9,963,9,341
8,670,4,935,19,811,20,411,719,713,8,601,9,116
9,430,2,808,1,421,5,143,582,659,9,126,7,364
7,757,3,671,17,163,24,466,6,228,8,938,9,799
8,659,6,245,3,359,46,272,4,853,26,613,8,616
7,656,7,733,11,543,27,63,7,667,24,947,7,801
7,513,3,30,25,552,20,840,6,354,19,994,7,316
9,149,4,854,2,870,2,530,7,645,47,32,7,517
9,174,44,936,9,478,6,323,48,695,3,493,7,404
881,527,44,830,30,679,4,683,6,664,7,132,6,884
9,121,4,818,1,826,30,696,767,358,5,587,35,237
866,65,48,626,9,135,3,667,9,263,4,802,5,70
8,537,25,358,2,573,5,733,8,349,8,136,8,662
8,247,6,617,2,800,1,366,5,62,36,462,5,632
9,406,3,278,3,472,5,459,931,670,9,145,8,812
7,837,667,51,37,995,6,174,8,569,7,962,8,141
8,950,2,253,5,697,1,623,8,920,9,507,6,427
8,16,46,455,268,392,4,785,9,241,45,84,8,273
7,701,2,741,8,845,14,9,4,548,6,176,4,157
7,812,35,159,2,952,13,777,587,808,9,379,8,215
9,147,5,279,2,675,2,562,5,1,36,929,5,206
8,764,2,510,20,168,16,78,539,521,4,220,8,190
7,667,2,481,16,488,16,141,5,790,31,690,10,916
8,850,2,229,41,888,4,172,6,914,11,575,4,870
8,548,6,276,7,436,4,222,9,370,4,768,8,986
8,222,2,750,29,238,5,562,45,459,2,597,9,127
8,738,683,685,3,184,6,193,6,576,38,915,21,134
7,844,6,624,195,822,5,357,6,749,7,624,29,832
7,692,6,893,14,820,23,954,8,736,8,962,7,907
9,120,5,268,2,420,26,900,6,881,9,668,8,533
8,977,46,573,10,945,5,162,4,825,6,892,29,96
7,791,29,119,18,785,25,984,6,910,9,26,33,794
7,757,49,153,40,970,3,247,7,234,8,645,8,697
7,990,34,917,4,1,46,1,6,684,4,698,8,275
8,998,346,910,439,198,3,81,8,350,45,233,3,530
7,523,5,353,15,470,16,543,595,374,5,183,18,845
8,255,6,150,4,312,3,73,9,561,2,272,16,828
7,559,26,439,4,275,19,562,5,865,7,613,7,222
8,998,6,372,35,226,24,974,8,766,4,408,8,960
7,627,5,461,5,977,29,623,5,467,13,525,41,258
8,2,757,875,9,681,5,201,8,8,4,509,48,385
8,752,5,472,30,616,14,121,653,580,8,809,27,637
8,873,7,45,954,248,7,710,815,540,30,392,9,85
8,787,7,303,43,550,41,378,47,919,40,97,32,535
7,736,4,433,26,110,17,234,5,39,8,873,6,477
8,631,452,100,44,594,25,974,506,449,15,758,5,854
8,464,2,626,2,244,2,536,517,854,5,627,4,911
9,464,2,644,19,56,10,516,8,700,23,197,2,937
795,227,7,21,3,349,2,346,7,984,8,92,5,730
815,932,41,463,175,490,35,86,6,53,17,30,3,373
7,712,2,229,2,755,21,202,6,8,3,503,9,685
9,265,5,302,20,432,12,206,7,538,21,648,29,168
8,126,4,560,36,19,5,845,4,924,7,105,3,200
8,620,6,633,17,242,7,732,9,161,5,600,7,786
8,677,6,991,1,198,45,313,879,162,9,339,3,204
9,212,389,9,10,713,6,361,9,187,4,354,3,638
7,971,6,616,6,184,1,478,8,592,4,668,25,865
7,815,2,825,136,860,3,157,7,455,48,290,8,49
8,120,3,464,3,724,5,310,6,374,5,665,21,671
8,265,512,849,31,857,2,73,9,71,44,681,7,778
8,718,7,519,18,131,5,106,6,670,3,944,6,149
7,953,5,897,58,830,5,634,6,631,8,239,7,290
8,63,5,634,2,213,15,112,6,711,46,856,7,663
7,807,42,304,1,407,1,668,9,892,9,19,3,686
7,730,4,262,44,182,48,444,6,582,1,548,5,459
8,788,36,902,10,359,41,987,7,356,3,482,7,943
8,898,28,302,44,851,39,909,9,404,4,654,12,466
9,221,582,927,11,88,6,363,7,765,5,484,1,934
8,211,41,23,2,237,6,389,9,450,33,35,3,594
854,434,5,94,4,428,5,923,9,686,1,448,15,796
7,844,5,487,15,328,38,953,9,268,38,51,6,142
8,310,7,677,20,997,5,713,47,215,59,905,9,34
8,299,4,200,4,311,6,57,8,985,4,880,3,593
8,531,36,550,18,407,20,779,9,113,7,751,4,300
9,406,620,658,3,68,3,476,544,212,15,128,7,733
8,477,7,379,3,326,4,253,8,129,6,708,3,611
8,870,621,632,40,363,12,356,8,881,8,924,9,561
9,192,2,959,3,720,5,310,7,656,9,610,39,227
8,349,4,89,9,750,2,288,8,190,2,988,7,419
7,709,754,617,13,545,20,6,517,662,22,599,12,220
7,758,604,346,2,938,16,158,856,325,6,828,13,698
9,75,38,548,31,701,5,758,7,218,7,138,1,563
8,994,4,895,4,623,18,580,5,28,7,637,9,517
9,160,7,730,22,576,31,831,5,956,4,182,3,691
7,855,6,830,45,322,223,182,6,62,33,865,10,749
8,5,5,727,30,815,4,377,823,262,31,207,9,762
8,428,5,414,10,722,5,729,6,984,8,403,4,409
9,326,39,918,44,375,5,592,9,539,6,486,7,286
8,251,630,172,19,199,2,558,6,805,4,625,6,652
7,956,6,263,4,415,5,188,9,416,8,688,9,695
9,400,5,911,4,396,5,837,9,387,43,137,4,126
7,752,40,269,12,688,24,869,8,921,8,801,5,794
8,21,3,199,10,3,48,437,5,177,1,116,29,418
8,712,5,941,34,883,37,54,58,725,29,256,20,436
8,363,3,1,8,266,5,684,6,325,34,869,5,667
9,131,5,350,38,200,5,101,4,795,5,407,21,319
9,384,7,712,4,630,6,376,9,60,14,924,7,742
8,880,6,51,2,778,36,320,8,684,5,185,6,853
8,290,7,341,41,586,43,920,783,362,1,262,5,791
896,325,3,786,21,364,10,154,4,669,6,686,1,581
8,41,48,727,45,261,1,438,9,679,6,996,7,278
8,173,6,212,4,548,7,270,797,830,7,126,33,902
8,991,501,448,39,936,1,48,6,300,8,126,7,394
7,889,6,161,34,391,4,38,7,440,18,442,9,799
8,148,7,374,3,525,20,586,4,735,5,244,1,521
9,245,4,97,28,636,1,474,6,351,3,684,5,96
764,832,5,724,2,685,2,76,7,964,8,930,3,144
9,447,3,586,281,864,2,469,5,582,7,911,7,884
7,873,6,292,16,664,16,540,8,474,34,301,9,593
7,883,24,841,19,888,15,780,6,440,4,13,3,454
9,313,714,478,17,266,5,773,8,843,9,93,9,562
8,721,5,704,20,409,5,761,7,578,5,537,7,641
82,682,45,840,3,705,29,826,6,754,3,938,7,777
945,293,5,442,16,625,43,273,9,927,10,891,7,781
9,326,7,558,21,695,2,546,7,445,13,585,7,291
801,126,31,277,441,282,2,130,9,650,7,667,8,267
7,977,34,522,31,132,6,239,902,130,31,244,24,853
9,297,7,570,23,718,4,840,8,444,43,361,15,774
8,77,7,487,7,894,10,433,8,39,3,964,7,509
8,161,589,199,4,160,22,654,6,341,6,443,16,566
9,303,279,931,35,593,10,871,5,553,30,405,8,177
905,94,5,875,1,38,34,75,8,949,7,697,5,310
8,358,2,396,2,474,2,73,8,835,8,785,5,180
826,325,3,178,9,949,22,892,5,143,6,378,6,718
7,527,3,875,49,711,3,466,515,329,5,186,5,404
9,360,42,423,316,704,39,325,5,34,4,250,3,762
8,875,7,58,17,678,2,646,6,235,10,530,9,126
7,810,3,458,21,611,27,196,7,365,13,52,3,366
9,135,38,849,8,921,4,986,7,549,6,369,8,870
8,188,6,441,4,314,2,520,9,563,8,658,24,615
9,197,4,200,4,555,8,784,9,235,21,729,38,490
9,96,5,647,3,353,44,43,5,560,8,713,6,329
8,526,2,537,33,731,5,850,5,969,24,826,14,127
9,353,485,215,3,484,269,215,6,939,7,126,33,788
880,655,6,644,11,623,6,340,47,111,16,414,17,353
912,976,31,314,45,56,47,356,9,263,20,655,18,848
8,944,673,723,22,979,5,773,8,276,7,860,7,598
9,192,7,758,3,947,5,730,45,683,5,735,8,288
753,315,34,541,2,729,3,423,7,149,30,731,1,680
9,452,7,521,46,481,236,830,6,174,3,601,9,222
7,586,24,909,27,220,3,771,8,920,9,244,31,712
7,733,647,175,1,700,4,477,6,785,17,386,6,958
8,63,7,22,22,612,22,894,9,417,5,388,6,410
9,217,6,37,27,594,47,551,47,399,9,316,8,132
7,823,7,65,2,614,3,333,5,929,46,921,27,101
7,992,7,246,7,966,9,992,9,416,30,599,38,991
7,635,5,789,250,813,19,868,8,0,5,838,32,936
9,227,4,426,6,903,5,99,6,59,38,898,34,761
9,65,6,196,15,545,18,21,9,236,8,567,8,49
7,691,4,303,17,131,20,667,7,239,3,223,38,453
9,195,3,41,46,467,3,403,868,47,2,835,5,31
805,481,3,825,4,9,5,786,5,523,7,854,45,155
8,582,6,173,13,270,32,506,5,446,15,630,8,225
8,925,3,208,32,711,25,452,508,539,8,813,2,689
9,163,46,955,2,277,4,941,7,51,19,426,16,525
8,589,5,119,41,837,34,562,9,702,37,279,3,815
9,256,23,823,3,855,10,419,6,725,9,678,22,465
7,821,40,742,4,425,3,365,723,194,9,78,6,653
7,952,47,350,13,985,3,88,501,337,7,261,46,213
7,852,5,712,4,373,48,68,9,165,27,918,19,166
7,925,6,622,46,464,14,418,5,682,8,444,77,358
8,255,7,137,3,764,4,799,4,747,5,209,9,208
8,15,4,653,2,425,43,158,5,185,48,392,7,138
9,409,687,988,2,310,4,498,8,408,8,493,20,504
7,988,6,985,2,268,30,677,819,345,27,482,8,537
7,950,5,198,24,685,5,415,5,100,26,536,4,71
7,727,5,639,4,440,12,99,5,947,8,792,9,485
8,745,3,192,16,519,35,959,845,149,4,44,25,801
7,966,23,661,46,359,4,35,5,864,6,189,6,482
9,339,2,365,13,362,40,154,6,343,1,867,7,137
8,9,6,949,14,207,4,941,7,483,5,193,5,120
8,137,6,314,34,909,27,410,8,190,25,250,26,185
8,370,4,21,32,102,4,955,8,856,2,764,6,225
9,22,4,67,2,964,5,63,5,179,7,520,11,943
922,493,39,89,3,749,17,378,8,155,7,942,6,661
8,128,7,316,12,400,2,962,9,36,6,720,16,408
831,254,37,384,43,576,34,662,580,888,47,106,19,315
8,693,38,15,1,867,32,315,5,996,4,892,11,452
8,503,4,86,44,721,3,807,7,581,2,713,5,686
9,69,4,820,22,467,30,488,811,545,2,176,3,442
7,549,6,738,2,485,3,460,529,731,54,373,9,666
9,80,23,35,27,967,5,749,863,71,4,985,2,518
8,861,6,873,29,46,20,122,9,581,14,194,3,55
7,520,5,542,4,145,5,163,595,998,7,69,9,244
9,175,5,845,4,818,38,214,6,398,5,338,6,465
792,844,5,788,35,649,5,823,7,82,7,63,6,492
8,152,6,475,4,539,1,270,9,985,8,602,7,298
9,482,2,951,15,205,7,634,6,880,8,95,4,71
8,652,3,41,25,623,17,621,6,288,5,782,5,298
9,492,3,788,1,781,6,368,5,594,6,666,4,187
7,721,28,945,3,312,6,310,760,999,6,874,12,219
8,348,23,368,5,625,13,513,66,670,7,14,6,966
8,965,5,251,12,645,39,676,8,754,6,305,2,736
8,419,23,848,413,929,42,730,5,508,5,22,4,96
9,118,5,885,3,136,5,986,4,921,11,922,1,258
7,914,6,588,3,934,3,940,5,884,3,857,3,513
8,864,6,656,45,169,4,459,7,977,7,620,9,433
9,214,5,282,3,528,5,987,7,532,9,835,7,258
886,886,691,262,31,742,44,498,6,767,16,505,5,224
7,502,29,75,40,685,30,765,500,991,8,406,4,914
9,493,676,35,24,662,6,147,6,13,12,750,9,75
8,715,3,852,272,134,6,428,8,579,10,84,5,439
9,62,5,923,12,321,3,346,6,374,6,0,19,0
9,260,7,550,14,880,50,658,6,100,47,463,9,401
9,330,6,385,2,598,4,319,4,706,5,485,29,202
8,274,2,905,3,568,24,310,5,489,7,242,7,582
8,429,39,678,27,797,2,757,46,941,3,232,6,7
912,679,5,984,441,665,110,791,9,991,35,836,9,317
8,291,7,263,26,407,3,155,7,375,5,61,19,667
9,0,6,939,4,484,5,978,9,270,8,22,7,606
8,747,5,64,12,96,8,634,9,643,4,178,40,17
8,96,28,101,1,374,35,609,5,107,6,368,7,459
8,290,5,514,9,188,6,416,8,718,8,227,8,614
866,210,6,70,20,508,14,929,621,320,14,737,8,486
7,788,647,927,13,578,10,58,7,932,2,914,9,863
9,231,28,683,42,634,28,47,5,801,3,500,1,745
8,713,48,595,2,272,39,510,7,833,6,911,3,371
8,125,2,458,395,486,18,669,6,710,8,133,3,865
9,498,37,187,14,46,22,762,7,88,2,677,5,3
8,473,5,88,19,891,2,927,9,717,5,242,9,503
7,830,4,260,4,597,2,924,9,588,7,717,46,354
8,668,6,465,24,241,27,334,8,663,38,904,23,528
8,50,5,228,21,547,14,182,5,985,8,404,6,247
9,359,4,587,43,691,2,708,6,152,2,896,7,847
8,340,24,844,3,830,13,577,7,301,5,289,8,710
9,223,7,646,8,702,3,605,4,982,64,523,33,486
8,534,23,494,1,892,2,521,9,74,3,63,3,38
7,641,4,223,19,354,2,509,9,890,1,76,36,332
8,742,5,71,533,215,4,126,8,623,7,404,8,695
7,735,24,705,39,678,5,4,8,187,8,89,6,982
9,403,6,551,2,893,6,241,5,406,9,351,1,275
8,951,28,505,16,122,43,319,9,745,5,81,9,703
8,374,4,341,3,303,5,61,8,103,9,40,4,29
8,323,23,536,1,710,18,475,8,102,5,736,21,462
7,754,7,547,3,224,6,302,9,827,9,391,6,169
8,504,37,619,160,96,1,338,9,504,8,114,72,80
8,35,4,98,4,51,6,417,8,576,49,227,7,455
7,524,5,595,14,492,5,591,9,925,8,464,23,528
8,169,39,706,8,541,2,868,5,108,8,820,7,181
7,962,26,22,17,838,11,489,9,339,9,35,43,886
8,65,7,720,6,942,19,750,5,625,8,923,8,181
7,723,6,312,11,670,3,379,6,171,6,815,3,802
7,560,48,469,5,433,5,244,8,628,10,2,8,449
7,662,580,153,5,492,9,843,7,439,5,100,15,273
8,936,514,564,33,169,4,538,9,903,7,660,3,6
7,921,5,17,8,296,42,989,8,712,9,417,4,999
758,129,4,37,11,226,5,150,45,533,9,480,2,642
8,472,637,535,4,555,36,166,8,128,6,178,7,738
8,551,37,408,3,881,3,401,6,679,9,825,34,148
9,258,4,224,3,603,3,367,6,322,20,257,8,540
809,590,25,896,32,865,7,342,5,396,5,654,39,442
9,380,6,641,6,52,5,656,8,529,6,701,19,740
7,511,6,491,2,633,18,888,5,186,7,973,1,324
7,976,5,533,22,878,3,459,9,904,2,705,8,162
7,743,7,328,15,919,23,20,9,670,6,447,5,199
8,217,63,644,21,574,3,0,7,414,6,524,9,503
7,890,6,495,16,674,5,521,4,998,3,458,5,48
8,512,22,718,6,840,30,110,8,168,2,948,4,296
9,173,4,311,2,598,4,701,5,95,41,699,7,394
7,770,26,37,3,404,22,16,9,163,1,472,46,702
7,585,22,347,7,586,6,198,5,329,4,490,8,161
8,573,5,413,2,367,1,893,9,967,11,464,3,633
8,298,6,715,21,62,5,71,8,428,1,150,6,288
9,175,25,126,11,940,2,402,7,414,4,555,6,345
8,67,6,699,2,421,14,895,8,487,41,123,7,267
8,383,2,768,14,645,2,528,6,788,23,71,22,185
8,850,591,31,11,712,46,741,9,525,7,395,7,158
8,770,3,689,20,653,6,400,5,666,6,55,9,848
9,58,7,604,3,955,3,138,5,266,9,602,8,211
9,300,7,560,31,820,17,881,5,377,7,978,6,69
8,598,6,925,42,992,28,178,8,36,13,181,9,676
7,575,3,917,10,804,5,826,5,293,5,211,7,2
8,366,3,229,1,453,14,118,5,190,8,375,5,770
8,294,2,979,45,18,6,127,6,379,9,963,7,902
7,976,3,482,3,474,16,505,9,332,15,353,7,961
9,139,6,243,40,500,8,290,7,32,5,658,28,48
8,235,3,228,16,967,38,694,63,646,6,685,2,707
8,447,6,230,3,863,25,248,8,638,8,282,6,619
8,685,5,559,23,426,33,40,85,195,5,550,17,43
7,791,28,42,23,916,5,384,8,630,28,560,41,602
7,729,43,525,20,733,11,11,8,153,2,395,5,381
8,289,43,362,11,119,21,868,7,528,7,803,17,481
8,36,49,619,3,749,42,622,7,594,9,82,11,816
855,950,4,479,2,654,30,260,8,697,2,938,31,974
7,694,5,736,31,13,5,265,8,195,6,510,7,188
7,964,4,697,28,32,3,269,6,22,3,238,30,899
9,153,7,718,16,971,14,494,6,471,13,515,17,517
7,584,41,243,286,509,5,598,7,90,2,41,5,486
8,591,7,546,3,469,2,654,6,414,5,391,7,365
7,713,7,216,2,815,3,532,8,474,5,122,5,686
8,899,3,672,39,769,3,534,8,931,1,546,1,747
7,535,667,415,27,884,33,389,7,203,14,885,7,761
7,909,36,442,17,0,7,566,965,575,7,397,8,56
8,317,7,535,273,201,33,495,6,193,9,112,5,389
8,263,5,3,2,151,5,824,925,713,10,677,12,73
8,748,5,810,3,295,19,756,9,19,3,976,2,693
8,856,7,141,2,234,25,900,8,156,9,565,9,682
8,742,32,662,7,969,1,507,4,992,9,859,7,54
765,233,30,492,277,245,253,277,8,623,3,50,10,614
8,212,33,906,2,217,40,616,7,231,3,607,31,772
9,267,522,593,263,375,18,519,9,844,7,537,7,351
9,122,5,31,272,582,2,810,7,255,9,703,7,540
8,997,4,482,31,736,19,618,6,822,6,192,1,554
8,829,275,290,13,819,4,180,9,257,6,120,13,952
9,270,7,486,13,795,2,604,5,825,7,612,10,378
8,806,48,286,16,467,9,424,5,854,3,107,16,280
7,768,7,739,28,236,28,14,9,862,7,723,21,499
7,995,6,922,10,195,4,157,6,284,13,10,8,182
7,694,7,464,38,202,32,378,6,981,9,410,8,241
9,464,7,314,2,587,5,400,7,653,25,538,5,184
7,856,272,971,39,296,6,60,5,608,43,542,7,92
8,103,22,948,13,291,1,187,5,420,21,91,9,930
9,272,23,4,2,985,3,442,7,684,9,411,39,85
7,739,7,101,18,37,21,79,7,357,8,528,3,660
8,626,24,461,7,33,26,79,7,911,7,905,2,624
781,774,505,0,34,837,2,847,8,398,6,810,2,385
9,212,3,377,10,929,2,405,5,395,8,984,3,385
9,138,41,883,3,761,10,273,823,915,27,855,9,240
7,664,3,968,1,829,3,841,6,980,5,876,5,950
8,479,42,597,11,383,23,122,7,193,22,309,16,301
9,15,7,14,1,146,4,361,4,566,14,124,7,650
8,102,7,479,11,769,5,10,8,380,5,78,5,468
8,854,40,405,270,462,6,418,750,108,7,306,5,485
8,197,6,936,25,304,5,511,5,839,4,844,28,469
8,82,67,202,6,405,7,912,8,348,2,205,5,536
8,746,41,435,561,916,27,721,5,125,4,177,4,154
887,396,46,173,27,638,20,453,6,505,7,527,3,613
8,99,5,298,17,662,5,190,5,707,46,503,8,8
9,124,7,717,4,412,44,477,4,586,7,726,22,55
867,545,5,157,3,359,14,734,7,681,7,61,4,876
9,170,5,521,22,461,3,271,6,53,9,202,8,492
8,42,5,631,13,375,3,227,4,904,32,736,6,842
8,697,665,801,6,477,11,755,6,947,2,460,40,581
8,625,5,532,34,476,37,585,4,740,17,604,12,552
891,124,35,53,3,947,6,391,9,425,5,848,6,392
7,773,3,410,16,782,18,464,958,557,28,831,8,170
8,60,4,721,1,140,23,99,777,803,8,901,2,796
9,449,6,543,12,974,5,435,662,840,6,320,32,912
9,447,7,730,3,173,31,389,7,819,7,678,3,230
8,564,6,135,16,192,6,176,9,766,7,598,9,82
8,946,28,104,22,583,13,734,4,645,5,705,3,185
9,490,6,23,14,636,15,57,992,361,9,259,6,846
8,492,6,224,20,427,20,462,8,865,58,931,7,482
8,820,5,632,29,63,13,573,9,562,6,488,31,821
8,68,510,413,25,138,19,728,582,797,5,145,2,549
7,707,6,541,17,631,4,352,7,232,5,11,2,920
8,89,6,955,15,538,29,937,49,450,31,273,6,587
851,53,6,683,6,898,5,78,9,270,12,838,9,194
7,636,6,315,7,664,44,487,7,482,5,466,9,871
8,300,5,475,4,497,26,696,5,900,9,855,3,250
8,442,2,289,4,267,3,299,7,576,9,323,7,214
8,927,6,898,38,2,2,285,9,464,49,499,7,108
783,597,2,749,29,269,36,471,8,226,9,206,5,795
812,202,6,768,18,616,5,794,6,541,28,715,2,747
94,281,2,417,5,155,42,990,48,435,38,64,8,175
767,638,7,94,4,617,5,49,7,820,46,3,43,203
9,122,2,654,46,284,25,856,6,358,9,372,23,661
877,492,4,656,2,350,4,194,8,962,14,895,7,31
8,655,5,889,16,315,6,392,9,482,28,749,4,484
9,332,7,236,4,146,4,818,9,3,29,538,6,48
7,758,6,835,452,849,41,44,8,474,1,673,24,532
7,885,7,259,13,397,9,205,575,75,1,986,8,705
898,987,7,268,2,978,2,33,9,938,6,969,9,49
9,5,6,367,20,716,6,249,7,356,7,892,5,329
8,336,477,694,24,33,3,837,9,797,7,921,5,382
9,410,5,193,449,954,12,9,9,370,6,281,20,124
8,910,48,248,3,504,2,493,815,559,32,979,11,768
8,922,49,540,30,63,7,949,5,965,7,820,8,349
8,288,5,343,4,640,6,411,8,616,5,50,4,454
801,12,6,687,38,376,17,996,6,281,7,872,4,987
9,351,6,782,3,42,3,882,5,154,1,625,22,321
7,621,740,808,3,720,5,905,5,382,9,192,4,522
8,676,7,569,3,111,4,545,9,972,8,850,5,675
9,50,2,544,43,121,2,489,5,540,7,947,31,689
8,613,23,944,11,913,23,887,6,665,9,989,6,468
8,181,580,33,27,625,6,280,8,638,5,105,6,91
776,872,5,466,6,916,6,291,7,47,8,862,7,953
8,550,5,669,4,886,5,380,8,696,16,480,24,221
8,268,6,961,37,792,3,850,9,862,9,832,7,438
899,260,6,405,32,654,8,675,46,701,8,655,5,968
8,581,4,908,3,716,3,98,5,78,34,239,9,547
896,601,637,684,5,798,6,251,9,114,7,744,6,432
8,167,4,148,887,417,5,126,4,627,6,50,2,788
8,505,6,135,1,788,5,42,7,88,8,985,2,191
8,119,5,798,27,951,4,809,886,77,43,692,5,373
8,472,7,541,16,234,29,519,6,254,37,289,5,361
7,627,41,263,3,647,20,549,5,596,23,369,32,761
8,676,6,148,17,356,39,440,6,1,13,283,5,509
7,785,7,766,7,702,33,520,6,253,13,207,6,628
7,772,42,692,43,512,4,841,5,285,9,398,9,648
8,109,6,538,24,725,10,261,48,270,27,562,9,825
7,772,3,427,4,250,18,602,550,817,6,295,2,282
7,832,5,566,26,128,3,97,6,727,21,120,8,979
784,315,31,943,270,499,4,194,9,927,14,178,49,106
7,558,4,618,27,25,21,205,8,537,17,783,2,358
7,722,28,549,2,892,19,137,8,187,7,610,3,780
8,111,6,435,8,291,6,247,863,108,42,585,1,278
9,188,3,611,3,782,6,330,7,821,2,433,32,920
921,100,706,355,3,544,10,23,7,576,9,121,7,132
7,952,6,497,18,191,9,571,47,340,8,315,8,796
8,225,7,322,251,421,5,96,7,60,9,146,8,658
7,652,7,51,11,184,5,949,5,423,49,385,9,444
7,788,5,233,10,213,5,666,9,701,31,97,39,378
9,299,6,712,25,262,34,416,7,425,35,291,27,867
8,779,5,532,28,536,10,566,46,760,6,334,10,441
7,854,3,652,43,980,4,360,9,51,16,293,5,244
9,190,32,426,37,788,15,880,9,215,44,601,6,52
8,988,387,598,4,305,4,530,6,711,22,906,6,9
9,454,27,300,34,142,5,301,5,541,27,312,5,757
8,802,40,486,749,128,2,316,7,991,7,522,8,139
8,658,5,619,12,225,39,964,5,309,6,242,5,634
9,77,4,984,6,772,45,649,6,595,9,562,41,352
8,487,46,868,4,280,19,36,5,525,3,789,5,21
9,39,29,871,36,660,17,458,9,753,12,411,8,198
8,270,6,561,10,830,4,758,9,217,7,172,7,773
9,137,3,368,4,84,5,664,9,961,8,523,1,316
9,88,4,737,18,756,31,419,49,506,16,355,5,735
8,470,486,685,8,303,3,622,8,638,9,1,5,82
9,8,4,88,45,254,21,56,5,750,35,868,1,175
8,784,5,150,40,197,3,73,9,438,6,973,15,664
7,904,4,369,20,323,25,755,5,113,8,825,3,448
8,785,7,506,3,633,40,157,47,690,6,8,16,92
7,825,500,69,11,626,33,185,5,2,9,262,7,887
86,810,26,63,21,142,6,422,47,861,19,376,5,100
7,825,4,73,4,628,4,407,7,33,8,438,5,34
9,109,47,188,2,745,35,82,5,757,23,137,49,57
7,819,582,658,7,753,34,585,5,960,8,874,21,522
9,45,6,676,1,12,5,604,8,512,7,404,6,477
9,274,48,570,38,731,2,615,8,950,3,624,8,865
7,690,627,772,3,397,6,340,6,721,51,524,9,152
803,209,5,973,2,882,5,121,7,759,9,533,7,550
9,230,5,179,13,532,49,376,5,553,1,0,36,999
799,967,699,261,36,649,4,230,5,286,5,160,25,731
9,260,3,161,15,126,3,972,7,48,9,405,6,418
8,181,6,884,34,196,5,864,6,987,7,643,6,590
8,20,40,331,6,403,5,491,9,704,15,988,9,448
9,259,6,365,4,528,3,285,9,805,8,348,18,172
907,775,5,798,2,432,5,931,7,822,9,707,8,183
906,672,3,945,3,79,11,197,7,43,7,711,13,486
9,249,4,582,6,837,24,318,9,362,7,959,5,869
7,898,5,305,3,509,3,980,6,146,19,40,6,531
781,118,5,798,25,336,19,673,6,654,29,320,9,373
8,636,23,612,16,869,18,112,5,175,38,913,6,588
9,309,5,913,22,786,46,248,9,27,45,330,8,903
8,410,48,734,20,231,28,669,5,420,23,472,9,493
9,71,6,891,34,776,4,199,9,590,9,393,9,541
915,180,4,17,17,636,11,156,832,398,14,490,23,224
9,406,4,971,8,441,18,349,9,183,9,55,9,835
872,740,49,267,27,615,40,255,6,50,3,209,5,422
750,170,3,756,21,945,15,930,6,524,3,491,8,736
8,551,6,659,403,704,5,211,48,458,10,318,20,312
8,658,5,175,4,166,5,103,6,479,6,541,4,796
9,327,2,609,38,612,34,293,6,763,7,944,15,526
811,103,6,407,27,866,45,117,6,398,3,122,7,511
8,596,6,493,42,954,13,361,5,372,8,897,7,935
8,471,5,56,4,365,3,910,6,928,10,272,24,76
7,993,33,174,4,658,5,51,5,250,4,113,5,354
8,682,45,157,4,511,3,482,927,187,22,806,8,648
947,844,47,110,22,936,26,353,8,644,31,394,9,859
9,450,7,36,20,530,5,476,9,620,8,94,8,942
9,56,6,374,25,202,31,501,5,448,2,561,4,2
8,672,41,307,12,295,28,172,7,143,5,302,8,346
7,721,37,565,10,576,4,662,5,976,34,654,16,565
8,761,22,554,1,157,4,459,745,130,1,696,6,153
7,968,4,645,2,892,22,412,7,118,6,712,23,282
7,969,542,141,2,696,4,744,5,16,9,661,9,71
7,584,6,192,5,626,5,84,7,923,9,579,7,452
9,141,6,831,2,210,39,829,5,838,8,252,10,554
7,641,22,380,5,803,19,414,820,57,6,181,16,131
9,21,7,0,1,874,12,800,9,237,7,455,3,109
8,348,6,648,3,661,25,181,8,925,3,715,12,873
9,336,5,409,38,375,35,549,5,39,8,648,3,649
7,768,5,843,20,955,40,368,7,14,3,246,9,293
8,983,6,831,37,551,45,13,47,507,11,295,4,332
8,144,4,794,23,366,240,881,5,137,35,415,7,796
8,813,638,33,4,144,6,109,4,953,8,222,4,213
7,680,44,998,2,716,41,1,9,523,7,715,27,896
7,877,6,691,1,85,16,71,816,374,6,65,6,364
9,212,6,689,4,556,2,938,5,576,18,293,23,791
8,524,75,194,20,296,5,901,5,361,9,175,13,690
771,272,6,4,21,639,9,790,7,136,27,308,8,761
8,547,5,825,4,433,5,808,5,598,1,925,5,146
7,657,7,696,2,798,26,650,8,501,8,484,8,694
9,357,7,301,23,448,49,862,7,569,6,616,9,175
8,487,32,761,13,138,29,953,9,752,8,483,23,428
8,591,344,677,2,908,6,71,9,928,37,548,8,475
88,912,26,896,871,335,11,730,8,53,20,881,8,185
87,48,7,112,18,228,4,249,6,178,4,810,35,734
9,357,6,785,21,266,15,697,5,365,1,506,9,313
7,951,504,58,13,599,37,109,6,754,2,151,3,799
9,233,7,612,44,478,49,324,7,569,18,980,29,419
8,336,7,426,19,215,5,285,7,609,33,774,6,405
9,295,5,444,36,554,13,49,8,64,6,490,8,284
8,262,7,729,1,369,1,412,8,58,2,794,3,911
8,449,33,565,20,174,5,439,6,444,8,445,1,480
79,292,2,639,32,508,18,609,810,333,19,159,40,362
8,974,38,979,776,164,2,233,4,681,33,327,9,361
7,621,7,79,18,911,6,63,6,832,6,139,28,363
7,923,2,806,3,578,8,350,6,434,2,748,5,185
8,532,28,713,2,934,5,689,7,666,24,607,8,847
8,399,23,907,15,271,4,481,954,685,8,179,4,637
838,787,34,704,34,92,3,827,5,5,4,153,7,623
8,304,5,164,16,422,5,530,5,749,45,288,5,487
9,327,47,284,5,213,4,808,7,342,28,308,27,696
795,524,7,329,24,383,17,429,6,695,44,179,80,341
9,244,2,281,33,44,1,542,8,178,21,709,47,943
7,809,6,916,12,315,5,887,8,854,8,736,8,958
8,835,40,887,13,942,40,113,6,845,8,296,5,333
86,448,4,72,8,607,29,464,48,550,9,104,5,983
8,738,3,934,22,843,27,172,9,80,5,600,6,288
7,630,3,30,3,433,4,938,9,630,9,445,7,144
8,753,23,412,20,307,19,242,4,767,5,654,3,36
7,774,33,573,1,347,16,370,7,47,1,491,8,443
8,816,7,331,15,463,5,532,9,206,5,815,12,247
8,387,41,623,1,912,21,780,7,280,3,750,8,216
8,421,4,429,345,14,3,978,6,902,7,667,9,367
8,859,37,212,4,140,26,886,496,629,7,651,14,163
8,133,343,929,8,405,22,159,9,276,9,442,6,159
9,224,44,872,18,143,31,148,9,239,9,113,9,962
8,967,7,677,2,626,4,363,8,412,8,946,6,120
9,305,28,750,2,615,4,236,7,150,9,420,6,719
8,811,42,27,17,994,4,757,48,264,6,312,23,755
7,865,45,549,5,945,18,545,6,234,2,158,3,883
7,665,49,832,2,524,13,562,9,290,31,997,5,602
7,528,3,212,1,440,35,522,8,976,8,971,6,246
8,102,5,399,30,555,29,675,8,287,5,625,3,631
8,778,6,527,42,652,15,478,5,322,7,472,25,190
7,790,28,759,14,681,35,730,5,146,6,199,4,129
8,669,5,5,31,454,4,900,51,21,9,132,3,849
8,738,44,10,3,389,5,62,7,245,4,347,7,405
8,592,6,168,12,161,44,936,49,666,4,422,9,902
8,6,5,546,16,715,153,121,9,126,33,158,49,865
7,845,7,712,2,665,35,301,7,538,9,550,10,758
8,26,3,672,4,364,3,443,7,861,7,713,7,757
8,959,378,410,2,503,20,917,6,696,7,407,1,536
8,747,6,82,6,823,20,638,522,242,8,997,5,872
9,79,3,225,54,448,3,604,5,557,25,324,10,389
7,573,29,662,13,779,15,864,6,827,5,471,49,578
9,70,6,965,39,577,5,238,9,410,8,804,15,53
7,681,3,32,5,933,9,494,9,671,3,273,3,0
874,926,23,193,3,240,3,951,8,436,6,470,14,13
8,454,2,379,22,346,4,763,6,716,2,247,13,235
8,391,32,142,2,660,33,620,6,143,3,839,3,461
8,703,5,605,2,914,6,149,5,235,5,2,69,152
8,203,41,681,25,385,28,494,5,313,2,630,9,650
7,803,22,701,38,939,38,79,9,487,8,789,29,679
8,604,4,841,39,200,31,451,5,320,51,29,43,154
9,485,35,812,2,738,3,620,8,151,2,710,61,335
914,388,5,255,865,420,23,519,7,123,14,382,8,511
7,553,46,407,36,431,5,220,8,494,7,161,1,940
915,322,7,44,9,132,41,896,6,552,2,351,3,244
885,191,40,881,3,876,5,799,5,801,23,836,5,917
7,938,3,308,1,688,32,508,7,257,9,630,2,840
8,168,7,355,31,192,16,449,9,557,8,672,8,494
8,194,5,271,24,888,47,396,5,338,3,181,49,18
8,181,5,642,4,46,5,296,7,987,2,40,22,913
8,309,29,550,28,551,6,181,7,291,10,780,4,231
7,867,5,972,3,928,5,771,8,236,5,832,6,920
944,130,2,393,3,289,11,951,8,209,6,129,11,181
8,260,7,420,11,716,4,988,8,35,8,864,4,329
7,622,692,160,43,340,6,62,5,712,33,345,6,183
9,409,46,559,44,626,1,714,7,969,9,267,2,188
8,909,7,435,4,459,6,268,7,250,5,2,5,923
8,885,7,387,35,845,31,764,7,855,5,715,36,614
9,241,4,892,4,552,5,865,8,827,7,263,20,243
83,439,6,741,12,260,6,291,7,757,3,995,6,222
7,964,7,762,11,645,5,283,7,440,7,368,6,568
9,87,45,170,24,625,38,704,9,116,9,750,7,498
9,339,6,20,4,169,4,878,9,340,7,747,35,92
8,43,725,559,21,319,3,820,870,204,9,245,9,502
7,592,47,500,36,754,2,826,7,490,6,521,9,631
8,395,2,577,5,189,4,782,9,479,3,887,6,532
8,855,7,598,2,330,4,175,6,875,27,61,4,705
9,312,6,591,32,248,3,192,8,168,3,67,31,321
879,767,6,104,43,471,5,977,9,699,8,569,4,996
8,329,4,704,4,463,27,868,8,975,5,448,5,363
9,131,5,797,16,385,29,667,9,768,3,830,6,282
8,602,22,573,3,556,7,752,6,909,6,777,9,394
9,114,5,775,2,609,25,843,6,626,5,164,19,34
7,822,6,945,3,400,46,627,9,802,12,537,6,671
7,562,6,816,5,457,2,203,5,267,6,889,11,437
8,20,39,966,3,108,5,196,7,42,6,11,7,661
8,871,5,436,1,291,10,972,6,740,2,879,9,57
9,248,7,241,946,133,15,199,5,384,7,253,22,315
8,587,7,399,20,550,17,302,5,440,5,618,2,696
8,636,32,445,11,979,13,791,4,844,7,816,3,668
802,709,33,944,11,275,5,343,7,770,5,44,7,856
8,387,6,619,22,709,5,679,5,969,8,142,22,164
8,418,647,813,33,357,4,472,45,532,9,709,15,31
8,239,41,495,23,599,45,330,7,592,8,270,9,36
8,961,5,160,17,304,13,80,6,46,36,535,66,968
9,476,7,376,20,619,48,652,8,563,3,539,9,592
9,480,6,380,4,251,26,59,585,226,24,23,5,219
7,892,24,726,9,850,7,610,8,434,4,391,7,176
788,552,2,621,41,682,4,673,701,136,8,130,17,759
8,329,5,815,27,877,22,369,5,373,6,229,9,50
8,228,26,116,4,628,5,497,5,747,4,773,8,201
868,789,47,682,24,106,2,849,9,472,8,789,2,592
8,267,392,693,23,851,219,121,7,384,23,340,50,888
7,704,5,205,10,373,14,903,6,512,2,79,7,170
9,80,6,174,4,420,41,297,8,548,9,314,5,75
8,844,5,522,36,432,7,783,4,733,36,298,7,344
931,759,5,156,23,113,45,875,5,47,21,671,9,82
940,683,4,778,4,607,4,527,9,644,5,258,9,34
8,393,4,276,35,121,262,62,7,8,3,899,8,230
7,859,7,274,16,167,13,284,827,445,44,620,2,947
8,621,5,906,14,241,2,29,9,334,8,325,21,871
7,847,746,715,4,519,2,482,5,806,25,137,8,141
8,572,6,464,11,280,2,66,6,280,14,832,25,462
8,455,357,410,11,273,4,367,8,816,5,333,9,945
7,958,6,658,3,859,1,98,7,760,2,526,35,394
8,10,3,115,17,33,3,412,7,227,11,150,41,692
8,227,24,553,26,850,3,407,8,478,20,248,5,393
8,512,7,496,283,100,4,674,796,933,18,615,9,846
9,284,5,52,2,324,42,469,7,110,27,612,3,456
7,840,2,732,4,212,18,420,9,534,2,260,46,437
871,204,3,262,4,330,32,46,5,210,8,908,1,993
7,993,7,771,45,964,24,736,8,472,2,295,25,630
9,303,43,200,48,327,1,832,9,543,7,698,42,534
821,761,7,123,14,391,26,329,8,786,9,165,2,139
7,584,24,419,7,848,46,484,8,918,8,871,12,252
9,71,6,613,4,521,47,754,9,455,6,205,39,493
8,153,6,838,41,456,21,95,8,453,8,345,9,760
8,380,6,633,2,701,5,553,5,133,26,978,6,553
8,2,3,717,5,178,2,897,6,563,4,651,7,371
8,351,5,467,22,650,6,22,72,677,24,660,1,446
7,714,6,656,33,314,13,894,7,442,5,179,3,438
7,567,5,934,35,664,5,113,6,856,26,461,7,575
8,434,34,462,30,716,15,371,6,58,11,58,6,915
8,970,3,677,36,314,2,146,6,546,8,222,25,656
813,855,33,828,12,412,5,45,7,978,48,958,9,273
8,145,3,545,16,432,5,737,8,61,3,439,8,172
9,483,38,67,17,726,5,171,5,241,8,734,9,184
7,889,38,326,12,522,5,116,7,330,2,694,8,116
9,238,6,578,3,46,6,51,7,275,5,493,6,997
852,300,2,721,3,878,2,35,8,220,2,978,11,722
903,653,7,178,45,109,38,643,9,806,10,646,9,967
7,795,7,442,425,32,31,87,9,682,7,293,2,249
8,0,4,238,2,772,5,109,6,775,19,385,16,10
8,816,5,232,3,631,13,143,6,951,8,21,5,326
8,985,6,733,3,195,3,367,8,984,20,774,2,395
7,883,45,837,0,0,30,447,7,153,12,292,7,398
8,938,6,86,43,371,44,584,8,532,7,919,4,216
799,448,35,94,4,322,3,813,869,759,2,872,28,480
8,687,3,641,2,355,4,284,8,391,38,334,8,362
842,454,7,555,3,554,5,479,9,600,22,593,2,943
8,86,7,353,3,487,2,812,7,917,5,808,17,144
7,510,46,379,3,192,5,268,7,448,22,732,8,143
8,388,754,734,410,326,1,160,914,765,6,194,11,836
8,444,2,388,1,608,29,120,9,359,27,991,5,338
7,850,23,361,34,661,30,309,6,312,9,895,4,505
7,874,5,349,3,689,5,771,8,913,9,224,2,894
7,852,29,190,31,96,5,88,8,723,14,949,3,908
8,463,44,113,1,436,4,599,7,929,14,94,6,770
8,208,35,554,2,283,48,854,9,16,8,892,6,721
7,993,7,567,3,797,1,476,9,721,4,203,9,254
7,989,6,371,41,558,3,899,4,867,6,326,21,863
9,248,36,434,7,27,40,674,93,314,28,59,9,217
8,269,7,220,25,452,24,946,6,524,6,875,1,140
9,106,4,19,432,920,33,249,9,117,7,753,9,822
8,584,5,996,25,429,37,633,7,768,7,612,6,889
845,521,46,654,2,863,4,580,575,690,2,750,9,775
8,444,4,223,44,540,41,418,9,204,8,35,43,557
882,562,6,370,23,35,42,580,9,580,2,113,7,219
8,351,28,102,37,410,2,642,9,437,9,662,8,63
840,40,4,513,7,584,6,228,4,804,8,594,9,876
9,163,5,555,3,821,4,604,7,356,9,45,6,864
9,381,39,501,4,329,6,347,4,976,8,202,75,867
7,649,5,777,1,259,16,963,8,621,19,775,8,607
8,532,7,274,14,952,46,371,9,654,10,502,3,268
761,749,6,408,21,60,6,136,7,684,7,265,7,554
8,17,6,536,4,123,10,291,6,211,8,360,7,261
8,253,2,924,9,391,1,979,9,709,8,53,29,685
8,555,3,992,22,448,5,899,7,244,1,949,2,471
8,977,3,557,7,839,9,594,4,791,7,815,10,162
8,742,7,472,3,707,7,144,8,773,10,561,6,332
8,992,7,596,28,791,5,845,7,1,6,951,38,344
7,758,7,98,3,289,243,447,7,895,5,371,5,738
7,766,5,541,2,698,6,405,881,27,16,109,3,366
7,645,5,552,36,50,5,150,5,880,8,777,35,818
9,33,7,474,10,542,49,319,5,674,3,479,8,760
9,332,6,26,10,876,8,355,5,896,5,854,49,966
833,394,5,99,4,304,5,70,847,148,15,301,2,850
9,427,36,878,30,541,2,559,5,626,5,984,25,428
8,709,6,807,30,396,5,188,7,787,9,644,9,332
9,119,4,518,3,93,5,853,7,72,7,185,38,456
9,225,2,965,23,152,42,461,531,623,6,695,7,216
9,183,357,626,1,327,5,67,7,115,1,887,5,849
7,783,23,326,412,323,1,639,6,47,5,364,24,616
7,577,37,320,6,85,5,239,549,512,8,167,31,260
8,905,45,511,4,66,3,751,6,789,31,925,8,525
8,213,6,279,17,813,6,264,7,954,5,89,4,869
8,318,32,150,4,849,2,980,7,34,5,144,4,881
9,412,5,677,9,549,4,847,7,905,35,677,6,537
9,215,7,14,21,574,6,281,7,195,46,601,9,485
8,206,6,897,38,633,6,284,7,884,7,355,6,239
7,555,6,217,3,44,4,478,7,282,8,629,16,162
895,540,24,950,36,876,2,984,8,303,9,825,22,405
8,742,5,68,1,30,2,71,8,998,49,34,1,616
9,423,31,774,3,370,4,94,9,641,15,672,15,272
8,161,3,255,11,999,4,430,7,65,6,547,9,625
7,983,4,151,24,60,2,749,8,287,8,49,7,367
9,438,3,183,24,541,7,450,5,325,2,536,16,884
7,700,5,155,39,411,8,774,46,426,7,435,9,40
9,245,5,635,28,351,5,288,581,383,7,815,7,174
8,11,2,563,2,311,6,52,9,188,9,206,8,298
9,439,23,27,10,810,47,313,8,192,9,894,6,243
8,951,5,439,4,649,11,647,6,699,6,981,9,559
8,98,5,391,32,564,20,17,7,527,7,960,2,567
7,762,5,448,29,243,7,319,901,24,4,486,4,731
8,115,7,146,12,158,3,500,6,836,8,908,8,849
8,26,6,664,33,707,3,424,9,473,6,869,4,452
9,112,751,524,2,277,6,110,961,521,6,675,2,597
8,80,2,990,28,369,5,844,7,58,14,852,4,731
8,478,6,919,3,756,5,66,5,479,7,706,6,220
8,253,7,95,13,664,1,171,6,73,8,827,5,762
8,124,7,118,16,471,10,702,8,413,4,33,8,41
8,708,2,638,43,756,46,201,7,737,33,846,31,975
7,849,24,999,35,648,8,752,5,970,11,74,4,918
8,702,3,831,19,916,3,861,9,586,6,138,35,955
7,928,654,372,44,679,5,244,5,460,7,829,4,161
8,786,4,265,3,102,1,808,7,632,8,715,12,367
8,758,43,772,4,373,11,864,5,508,46,90,6,660
7,782,7,264,197,775,11,363,6,273,17,980,6,641
7,944,5,124,7,88,6,152,801,60,14,834,8,121
8,936,7,631,42,41,41,152,7,865,8,770,8,24
7,730,29,857,12,453,37,245,5,935,38,1,9,461
8,469,7,361,3,624,19,731,7,332,6,690,7,449
7,966,7,250,2,548,2,266,5,364,1,720,42,524
8,9,4,525,6,692,35,559,5,400,26,138,3,727
8,311,5,123,7,962,5,925,9,892,19,905,35,750
8,920,6,401,1,601,5,537,7,879,3,460,6,915
8,164,5,73,4,172,8,932,48,371,4,917,3,518
7,820,7,323,9,471,37,380,9,552,8,109,2,612
8,991,5,285,3,897,42,956,8,991,4,63,6,2
7,724,47,768,5,668,5,555,8,126,5,750,10,77
8,521,7,353,3,223,11,195,4,835,9,429,8,494
7,865,626,88,3,815,32,724,6,155,7,333,4,402
899,709,3,78,23,886,6,99,5,50,8,129,6,149
9,82,5,927,4,532,2,830,8,537,6,190,55,309
8,116,24,804,9,364,2,487,6,915,4,798,1,625
8,510,6,941,2,320,38,131,807,168,8,33,8,138
7,510,3,815,3,711,22,505,9,956,1,893,5,532
8,970,7,567,3,217,5,648,6,732,5,636,3,515
7,694,5,78,2,128,2,195,4,762,9,143,7,618
8,451,3,444,18,836,5,440,8,447,8,363,4,951
915,676,3,511,24,326,48,185,8,389,7,152,9,633
8,942,3,473,3,576,5,724,6,849,5,637,1,541
802,824,6,870,1,694,5,766,9,683,5,467,6,332
7,663,6,545,18,790,4,56,6,546,7,582,1,638
7,940,6,76,20,920,28,463,7,112,9,691,2,132
7,830,48,468,19,893,40,592,5,238,9,764,8,34
7,711,6,221,2,264,5,788,7,384,6,692,1,773
7,816,7,315,3,643,16,968,5,721,6,572,35,710
8,724,5,663,4,338,13,10,5,918,9,944,8,360
8,635,5,677,22,705,5,798,4,985,12,759,7,546
8,391,6,381,3,877,3,566,7,143,48,973,1,929
8,687,5,936,25,782,7,847,9,1,11,179,28,298
8,351,3,619,6,964,6,265,48,608,8,622,5,858
7,935,2,795,1,258,42,528,5,943,4,532,1,441
7,845,4,807,10,278,12,377,48,537,8,989,30,98
8,952,5,604,1,127,5,549,8,822,41,597,1,125
7,963,5,182,204,951,2,816,8,868,19,845,49,311
848,516,48,190,2,99,6,120,9,389,7,871,18,52
7,955,4,454,16,785,35,828,8,290,35,367,6,872
7,933,3,560,17,799,2,456,6,996,44,157,6,402
8,48,3,390,8,719,5,493,8,586,9,189,6,673
8,298,5,877,4,330,5,895,5,154,5,516,13,417
7,659,5,310,19,926,28,528,7,743,10,78,8,985
8,923,6,808,2,933,1,96,8,482,4,698,4,473
7,687,6,707,2,418,11,580,9,199,4,387,6,398
8,693,6,529,447,929,270,223,5,95,6,794,46,406
8,166,6,683,9,91,5,238,5,251,8,274,28,761
8,391,6,974,2,578,5,526,9,455,22,12,5,480
8,960,4,83,36,393,22,153,6,438,3,138,35,491
9,324,7,219,23,410,38,487,6,214,6,714,21,457
8,326,626,846,7,464,2,597,6,392,20,137,23,946
7,766,3,301,3,390,4,372,565,928,1,588,8,563
7,763,5,849,42,442,2,352,895,27,6,159,1,929
8,782,532,292,1,728,10,656,6,485,28,205,9,77
7,798,4,837,6,74,3,448,6,800,26,969,5,704
9,202,7,306,20,748,17,498,7,700,3,165,6,93
7,513,7,349,31,147,17,60,8,609,6,925,7,57
8,901,4,706,3,880,6,298,6,772,1,710,44,724
9,93,7,97,2,456,45,439,6,388,6,41,4,276
7,729,2,659,34,943,21,13,8,596,67,120,42,850
8,718,3,406,61,888,5,994,4,749,32,987,6,338
9,22,3,901,1,458,45,480,554,974,8,726,5,529
7,696,7,284,1,155,2,901,767,203,2,712,8,398
7,861,225,185,15,700,5,745,5,208,7,460,7,428
9,433,3,888,39,623,39,81,5,100,5,547,3,294
9,353,6,795,43,575,3,924,9,209,8,49,6,462
8,831,22,361,20,508,5,0,8,739,24,752,23,239
7,737,31,853,3,414,22,741,5,469,22,126,8,630
8,254,5,533,4,139,45,676,8,845,22,245,3,500
8,702,772,459,13,760,5,396,8,873,8,174,11,30
8,10,7,644,37,983,8,489,8,247,14,340,8,849
7,529,5,669,20,655,4,805,4,968,5,726,5,945
8,256,29,808,4,268,44,352,7,299,49,586,10,473
8,894,6,839,62,434,5,668,6,555,43,571,4,964
9,429,49,924,15,1,2,848,6,437,23,963,3,984
7,587,6,127,15,470,17,694,8,720,34,374,4,657
9,297,3,785,20,339,3,884,7,959,4,386,21,45
8,679,5,786,14,321,5,226,7,278,15,849,18,788
8,286,5,821,10,838,22,325,9,236,6,998,1,495
8,443,7,649,1,728,5,28,48,317,5,922,12,770
7,725,6,954,9,971,6,401,7,64,1,514,6,695
7,786,7,137,43,401,19,362,6,846,3,97,7,583
9,278,596,512,7,751,39,812,5,798,21,44,15,277
7,977,7,263,3,83,1,686,5,357,7,558,30,849
7,937,4,721,43,367,2,749,8,632,42,854,25,947
7,943,6,944,8,714,45,4,913,927,11,292,7,941
8,342,386,321,36,284,41,17,5,269,6,391,3,159
8,456,4,695,2,106,31,875,6,868,9,301,15,397
7,840,271,149,1,345,6,142,6,797,47,367,8,761
8,979,5,369,3,168,261,714,7,605,8,190,8,30
7,567,5,207,3,952,12,906,9,943,24,552,16,209
7,822,45,250,1,580,5,964,6,322,2,86,7,484
7,893,5,772,2,919,20,880,5,5,2,326,2,570
8,750,2,837,4,925,4,466,8,423,39,467,5,84
7,530,7,378,3,313,6,111,9,875,8,779,3,556
8,5,7,9,3,70,12,85,9,947,48,330,28,213
868,90,5,734,2,237,3,603,8,964,6,69,8,467
9,0,7,736,22,907,6,6,7,254,5,636,4,421
7,548,452,853,30,897,11,647,8,187,12,90,8,852
9,403,5,423,19,444,4,627,7,34,5,361,10,771
8,334,6,818,23,597,43,164,6,808,7,495,9,314
9,487,7,764,2,990,4,688,46,883,20,261,4,770
8,83,3,693,2,918,3,971,8,623,3,698,19,566
803,11,296,68,43,891,29,860,47,228,10,643,6,234
9,374,777,313,39,900,4,970,5,870,15,185,3,89
8,228,397,450,21,176,14,316,8,609,4,940,21,71
9,399,5,148,3,107,32,610,9,234,60,562,9,587
7,593,5,771,13,16,37,905,7,145,7,890,26,304
7,747,6,60,3,319,5,224,9,787,1,608,9,34
9,436,23,835,17,431,16,105,627,908,8,730,19,338
8,170,5,880,1,300,5,19,8,914,6,844,18,874
8,529,7,181,38,711,18,52,5,957,4,878,22,256
8,408,7,469,4,398,12,353,9,935,14,289,4,582
9,206,38,890,21,246,4,427,8,129,8,338,6,404
8,127,4,980,17,384,11,897,8,22,6,720,5,668
871,313,5,174,1,833,3,726,6,534,8,608,8,992
7,851,678,450,35,933,3,414,7,502,2,178,9,259
8,646,5,380,25,306,40,511,5,414,6,574,9,536
8,360,6,436,12,483,13,220,60,15,4,808,9,595
8,680,3,617,27,266,6,413,5,337,9,0,4,237
8,444,5,924,3,246,5,741,9,903,30,682,7,528
7,621,6,933,36,104,40,999,697,962,10,213,2,299
8,6,44,884,6,632,34,25,753,387,2,452,3,502
7,935,5,401,3,37,25,164,47,301,6,437,6,831
8,260,31,745,22,530,5,841,647,818,7,493,7,337
8,722,2,492,24,6,35,981,7,98,38,435,6,123
8,172,58,95,24,996,5,647,6,456,3,878,9,579
9,355,7,632,55,79,5,805,539,135,22,39,4,620
9,421,5,360,15,174,5,60,9,101,23,88,8,949
7,805,7,155,6,710,23,775,770,886,9,212,4,471
9,411,49,46,22,183,3,510,8,521,4,918,9,878
7,714,6,601,4,813,6,161,6,598,7,697,5,105
8,667,4,941,11,860,33,142,749,16,18,7,3,961
9,132,2,649,19,480,37,40,525,630,6,269,17,354
9,323,5,33,11,796,2,963,7,950,4,784,5,550
9,43,5,827,14,490,49,703,8,300,8,229,5,335
9,293,6,898,16,210,17,570,8,239,19,417,8,61
7,890,687,727,24,102,6,350,5,604,7,797,8,519
7,769,3,492,1,921,5,725,9,185,47,274,3,619
8,680,6,654,19,834,44,108,7,424,7,736,3,295
9,11,34,888,30,761,26,405,8,267,33,429,6,154
8,780,712,978,13,13,3,665,5,713,5,365,1,530
8,754,4,517,3,62,3,312,6,143,11,460,8,876
8,562,6,689,811,249,34,332,59,238,16,131,6,401
8,837,6,867,2,646,40,369,8,738,47,299,3,290
9,364,5,331,1,147,33,898,4,732,8,814,6,608
8,675,4,64,20,587,1,22,9,988,59,146,9,117
7,621,2,829,1,126,40,767,9,722,9,347,2,356
9,275,7,755,12,986,5,54,6,835,7,870,5,519
8,314,6,375,3,10,5,776,6,962,41,770,14,834
8,233,5,628,36,736,2,592,6,132,52,967,46,204
8,632,4,956,36,541,8,853,7,47,2,893,2,836
9,18,6,807,15,132,2,730,8,269,4,520,9,95
881,626,6,365,3,514,6,267,49,394,9,916,5,319
7,633,5,517,7,125,2,919,635,374,7,937,9,370
901,678,6,13,3,369,3,800,6,208,37,94,7,73
7,568,6,306,4,59,12,449,48,317,6,199,9,705
8,455,22,497,3,683,23,625,8,508,45,508,7,82
8,935,3,785,3,174,5,509,8,935,21,545,13,203
9,424,7,237,33,776,6,397,7,607,4,457,36,142
7,628,7,725,3,167,17,472,6,775,2,364,36,592
8,930,41,273,3,93,4,689,6,499,6,660,9,332
7,643,727,708,15,575,5,793,6,652,8,650,7,994
8,455,4,145,9,316,3,812,7,35,6,62,7,485
8,432,4,248,402,30,4,216,9,976,7,97,7,643
9,211,41,930,11,372,48,407,9,432,8,174,9,619
8,76,5,65,5,544,39,936,8,730,9,322,8,296
887,211,658,866,4,306,45,533,6,873,7,807,19,443
8,946,45,388,45,255,5,47,5,225,2,259,13,284
8,74,6,461,40,895,3,683,6,616,7,923,5,827
872,87,5,224,21,239,41,340,626,124,3,780,9,338
8,154,2,241,12,771,10,977,5,945,5,777,24,317
9,498,30,205,5,886,5,941,5,641,14,633,26,23
8,673,3,983,43,148,22,73,6,395,9,98,9,497
8,769,47,681,3,594,17,468,6,465,6,440,6,3
7,964,6,321,1,795,3,654,9,849,4,443,8,893
8,559,6,217,3,980,240,700,8,208,10,978,3,576
8,46,35,335,43,8,41,668,9,348,24,116,1,863
8,264,24,724,11,126,5,939,9,535,4,155,5,300
7,689,5,736,4,544,9,510,5,360,2,203,2,393
8,283,4,316,8,548,119,373,8,252,7,859,6,771
8,486,7,639,2,947,11,464,5,540,16,307,11,101
7,583,704,128,2,978,5,992,5,167,12,426,6,777
930,855,7,579,8,580,32,227,5,559,6,894,7,544
7,545,5,406,4,326,6,84,9,170,3,410,5,159
8,943,42,285,7,127,6,33,7,285,41,195,5,840
9,363,29,464,9,705,47,304,8,961,3,772,7,340
9,227,46,130,4,501,4,523,8,780,6,183,7,292
8,123,3,124,1,527,6,53,8,734,6,543,35,416
8,646,45,312,2,976,12,89,6,508,24,639,6,872
7,505,3,978,3,283,2,775,5,453,5,504,34,924
9,257,7,106,32,429,3,256,5,84,6,206,7,580
8,979,4,218,34,283,2,956,8,638,9,564,34,95
7,748,5,608,41,8,11,146,9,608,5,524,36,625
8,888,6,901,221,878,19,157,7,152,34,107,5,922
7,599,5,865,1,559,23,200,7,717,5,666,1,894
8,972,4,188,11,74,41,471,9,555,41,526,8,521
8,890,436,702,19,54,18,715,49,151,24,588,5,463
8,720,23,120,11,992,2,760,8,663,14,144,5,900
8,800,7,202,4,294,243,209,8,756,15,567,4,219
7,937,5,599,28,529,5,86,9,716,3,97,4,428
7,535,25,712,45,969,4,134,521,972,19,146,7,114
7,830,533,255,11,704,3,993,6,439,2,512,5,324
8,366,6,873,16,42,19,140,9,738,5,339,8,916
7,921,5,143,2,667,5,478,8,688,34,87,3,298
9,132,3,539,4,495,2,727,7,114,6,150,32,153
9,380,22,901,11,820,7,711,9,280,7,909,6,728
880,160,35,497,1,294,4,266,867,82,7,203,9,688
8,127,45,253,10,117,4,465,49,394,22,468,4,960
9,145,4,910,5,291,49,52,6,448,16,535,8,95
7,557,6,439,17,806,3,571,7,622,7,528,6,950
8,242,2,364,14,248,3,517,5,142,5,382,86,706
8,632,48,307,1,427,6,246,6,93,15,429,5,695
881,891,39,428,45,123,5,628,4,556,8,452,10,952
8,314,30,8,32,879,16,477,6,788,8,884,8,303
9,426,5,199,3,607,44,487,9,508,48,91,38,824
7,819,5,906,4,474,4,694,5,103,28,248,7,194
7,697,47,279,28,686,4,745,5,221,8,376,41,325
7,736,5,443,21,722,40,183,7,398,8,129,3,682
9,371,47,253,10,12,3,432,6,144,10,908,21,524
9,146,30,736,26,932,43,893,5,343,5,592,10,150
8,16,5,386,21,301,24,923,6,755,9,256,17,463
8,877,6,987,19,822,6,232,6,243,4,407,8,720
8,283,5,726,23,653,23,895,9,805,5,957,5,432
9,97,6,269,11,948,3,792,6,920,5,427,47,397
8,279,22,702,1,813,5,887,9,772,7,112,8,287
8,933,5,335,20,120,5,508,5,113,2,878,9,870
7,502,616,89,11,2,3,58,7,59,24,942,8,398
847,296,6,426,24,926,5,274,7,331,23,752,7,411
875,91,28,846,36,749,33,902,8,51,8,908,6,949
7,738,48,813,420,300,29,522,7,574,5,492,6,312
9,430,4,431,20,195,3,866,4,633,7,241,3,602
9,46,6,374,54,111,11,446,5,724,7,874,9,545
7,569,6,442,301,531,4,585,7,914,4,824,3,659
9,276,6,827,4,422,16,70,6,597,9,411,20,188
8,586,5,70,21,521,4,432,5,723,31,490,20,129
8,222,7,552,3,908,36,314,7,649,4,438,7,580
916,909,44,109,12,735,3,930,896,468,11,505,12,508
839,280,7,0,3,276,48,503,4,745,8,153,20,680
8,260,47,477,1,651,14,595,5,428,8,972,9,695
7,822,537,657,2,542,34,453,9,949,6,746,5,922
7,989,3,734,10,979,29,846,7,417,5,578,2,935
792,811,540,372,35,662,6,149,7,766,25,634,29,631
7,651,48,894,2,257,2,782,9,512,9,496,13,555
7,696,34,270,4,312,5,854,9,100,17,477,18,244
923,665,5,48,7,188,4,665,7,490,24,104,7,190
882,143,6,664,35,58,33,400,9,965,38,472,6,136
9,143,3,460,30,232,4,415,6,237,19,329,3,595
775,342,663,489,40,51,1,449,6,72,4,501,8,426
8,686,5,475,4,263,11,17,9,890,8,567,3,878
7,776,3,415,38,699,21,286,8,363,9,280,9,56
8,272,766,619,17,954,23,760,7,403,8,513,2,79
8,814,41,432,1,693,3,265,7,363,9,675,9,343
8,569,4,346,3,999,5,682,6,914,41,266,3,360
9,375,45,903,1,975,5,323,5,147,7,733,1,388
9,383,5,541,13,172,4,735,4,631,62,61,3,240
9,435,4,548,13,294,6,129,9,888,42,441,5,922
7,611,48,318,28,837,10,920,7,197,4,750,32,386
9,23,2,814,6,579,4,469,8,328,9,833,3,411
8,643,5,442,2,720,4,876,6,976,15,740,1,628
7,709,7,413,11,100,6,231,6,321,5,140,6,435
8,337,5,841,4,199,49,149,9,75,9,483,26,491
8,942,6,711,5,409,3,376,5,382,9,51,2,793
899,13,24,522,3,480,40,573,712,327,22,608,9,755
9,35,3,49,2,171,41,249,6,125,28,676,31,892
7,644,5,930,13,668,3,644,8,942,34,780,1,918
8,64,2,463,21,695,255,634,9,112,5,84,3,835
7,959,7,394,12,324,30,952,5,418,19,272,8,668
7,724,7,694,44,817,39,487,8,933,5,718,9,527
7,601,2,658,14,813,8,127,6,298,9,779,8,604
8,0,32,144,3,205,10,252,5,988,6,30,6,406
920,459,4,958,3,963,5,22,8,346,6,532,2,679
7,552,3,393,3,576,2,995,7,375,5,891,7,503
9,397,22,410,18,906,5,681,9,874,6,554,8,598
7,989,6,814,38,658,27,146,9,619,8,183,6,589
8,516,3,645,12,353,24,535,8,721,7,945,36,387
910,453,26,158,28,163,47,477,48,664,6,595,9,239
9,468,515,590,993,258,4,533,5,447,8,344,7,857
7,510,630,328,4,465,5,207,7,943,5,589,6,604
8,348,4,757,27,933,3,87,5,936,6,609,17,423
8,491,39,973,11,119,5,68,9,39,6,213,24,14
8,203,7,137,2,741,42,706,9,208,4,91,3,592
887,333,44,743,2,775,7,586,9,370,42,104,9,338
8,170,5,603,16,669,28,816,5,929,4,558,4,957
8,794,7,120,22,402,4,98,6,474,2,371,4,60
8,937,6,929,522,465,22,768,6,926,2,929,10,47
7,732,625,865,449,694,3,428,697,955,1,377,3,386
8,342,7,382,23,682,41,313,5,497,23,368,27,700
8,734,7,313,3,607,5,560,5,949,5,858,11,726
8,263,35,624,802,828,23,351,6,28,3,443,25,835
8,688,5,580,6,789,6,308,474,279,9,708,3,119
9,99,23,260,3,857,3,277,71,420,7,494,6,326
9,78,4,498,4,58,17,388,6,568,1,851,22,969
9,161,4,965,3,732,47,935,7,666,22,374,5,503
8,630,6,514,3,932,18,721,756,573,9,399,34,162
8,879,5,286,14,31,5,579,7,569,43,855,5,725
8,520,5,441,43,65,5,407,7,908,12,169,1,934
9,273,5,359,37,443,22,789,9,564,1,598,8,804
9,280,7,5,91,836,5,355,9,842,13,71,15,838
9,455,41,429,3,188,14,608,7,2,7,238,1,884
888,126,2,635,31,888,36,131,6,601,22,36,4,827
9,480,4,121,43,477,18,613,6,132,14,660,7,628
7,759,29,615,17,520,35,502,46,534,9,642,6,145
9,433,5,161,15,160,29,500,9,339,37,583,5,94
8,789,271,577,34,574,13,638,6,930,2,834,18,309
796,533,7,56,3,251,43,328,6,347,16,844,34,55
7,707,729,961,29,540,2,758,6,287,7,386,9,222
7,561,2,825,2,354,5,755,5,725,9,172,9,832
8,953,5,609,12,555,3,630,4,808,11,544,5,183
8,336,3,683,45,970,5,795,6,155,5,487,5,928
7,953,424,737,2,191,1,470,8,989,7,429,7,665
8,56,44,90,35,730,16,103,6,941,6,960,9,634
8,929,2,269,4,160,36,600,7,383,16,134,9,764
8,112,7,406,42,365,2,430,6,81,9,869,8,714
8,16,4,536,3,116,46,474,6,160,23,555,8,425
8,800,5,763,20,838,3,499,5,956,6,517,25,607
8,481,625,677,27,472,9,297,5,72,10,478,6,642
804,260,5,32,3,171,22,958,7,40,5,101,4,989
8,61,7,340,19,335,6,377,5,651,6,91,8,590
7,535,7,4,3,299,5,485,8,426,26,392,9,178
81,887,4,577,28,218,17,11,5,522,8,33,8,348
9,467,26,995,13,565,11,80,8,799,9,714,9,84
8,536,6,778,1,872,13,352,8,175,2,920,14,817
8,22,4,884,2,862,3,842,8,317,16,947,9,358
9,50,4,35,21,932,37,796,7,399,5,115,4,357
9,460,32,870,39,536,3,936,642,930,7,702,8,886
785,153,4,154,16,68,5,269,7,856,1,378,4,354
9,467,5,640,4,474,21,36,8,661,38,101,7,368
7,658,5,726,13,470,33,833,5,364,1,864,4,422
767,484,5,269,1,512,3,376,5,909,48,729,4,799
8,898,6,574,7,9,3,187,9,676,2,36,38,61
9,44,2,498,21,246,41,526,5,865,31,324,6,451
887,677,3,39,4,264,16,372,49,748,35,800,1,130
8,984,4,595,23,152,23,674,7,325,9,426,7,739
883,151,3,960,21,363,3,891,5,488,11,974,10,541
9,231,25,53,2,369,28,800,727,248,42,766,24,445
8,442,46,975,4,469,19,656,5,198,8,282,28,819
9,241,7,290,15,465,25,729,9,459,4,882,2,939
8,731,5,197,9,916,37,848,6,724,5,326,39,992
7,845,6,318,41,613,3,158,9,42,30,914,3,251
8,843,5,576,24,67,5,311,8,841,19,529,7,654
8,497,7,488,3,143,27,998,6,548,14,316,5,843
8,659,4,766,4,507,1,389,53,711,1,869,24,432
8,431,7,250,24,213,6,395,7,591,2,128,2,672
9,68,48,566,15,199,15,350,730,770,4,57,9,963
8,890,4,754,3,210,2,534,694,78,8,833,43,816
8,699,48,970,3,995,11,273,825,496,2,203,7,313
8,296,37,850,32,568,30,588,6,738,10,564,22,650
9,278,25,527,3,376,23,769,5,757,33,154,7,612
811,467,3,551,43,553,43,82,9,312,12,848,8,752
7,827,6,555,11,453,32,106,9,351,4,720,9,585
7,867,5,455,2,547,4,280,8,375,4,688,9,620
7,565,5,548,18,23,36,63,656,178,7,910,7,277
8,247,32,977,30,441,43,272,9,68,8,376,1,555
9,444,5,935,3,8,1,992,6,235,5,612,47,855
8,344,6,923,2,695,1,80,9,479,6,341,7,658
8,578,40,69,31,700,31,605,5,555,13,254,9,340
7,837,6,849,30,220,5,73,8,253,5,577,6,164
7,704,5,229,36,750,15,446,91,184,4,871,27,543
8,817,7,314,19,600,6,157,4,753,6,57,7,971
8,562,6,215,3,977,43,760,9,184,6,765,3,106
934,520,7,709,11,963,20,321,7,703,3,728,5,621
9,264,39,730,896,951,14,670,97,317,49,613,6,533
7,782,38,217,2,837,5,471,4,621,10,273,18,748
822,273,5,45,41,879,5,264,5,786,6,260,8,528
8,233,3,500,3,654,2,777,6,489,14,621,16,340
9,391,4,950,9,486,6,120,5,907,8,363,7,570
9,318,2,475,2,965,33,458,6,738,7,733,3,830
7,681,26,975,1,759,5,912,8,925,7,483,20,905
7,695,256,819,34,89,24,54,5,198,5,995,3,244
7,676,3,43,12,941,3,561,9,636,5,66,6,500
8,64,6,570,19,946,11,659,5,728,3,702,31,432
758,591,6,917,968,980,5,285,7,434,1,452,9,665
7,847,557,306,30,208,5,766,975,376,4,763,5,279
9,263,4,381,1,502,8,780,7,396,6,322,5,338
939,94,6,194,41,87,40,870,5,255,5,837,5,90
8,495,6,706,12,768,6,92,676,805,1,787,5,356
7,963,3,476,19,229,25,688,6,187,8,144,7,830
9,472,36,708,25,89,7,580,952,658,37,829,8,94
9,210,6,460,13,778,4,387,7,58,6,285,9,616
7,720,3,143,24,868,5,362,8,358,29,6,9,844
8,190,2,702,15,464,36,883,921,639,13,63,4,982
8,297,5,587,15,778,12,644,9,660,8,501,47,418
7,968,5,8,4,222,19,216,8,150,24,348,41,353
8,613,6,481,348,14,30,726,6,435,5,535,9,901
9,155,4,167,11,643,1,810,6,861,7,933,1,614
9,259,6,839,38,800,2,472,9,921,8,99,3,924
76,168,7,546,41,271,13,507,5,62,21,603,8,415
8,138,3,959,2,919,10,36,4,945,3,858,49,220
9,319,28,504,3,975,17,266,8,836,11,406,9,244
8,421,653,940,14,656,31,829,6,611,6,415,4,717
8,763,24,464,4,331,5,53,559,701,2,565,4,464
9,60,6,637,1,961,2,637,6,378,2,778,9,854
7,816,40,492,21,435,3,326,7,733,4,604,7,515
7,916,6,360,38,728,22,147,6,821,18,582,16,909
8,364,5,238,1,634,48,471,7,790,30,761,5,493
9,237,6,559,7,534,21,821,9,323,9,428,9,265
863,944,4,118,12,593,4,826,8,720,3,485,7,773
8,765,25,43,1,275,5,762,8,194,4,75,5,279
8,729,698,632,646,694,1,850,9,736,6,804,2,930
7,579,5,758,3,829,6,287,46,544,6,441,9,916
7,836,2,518,4,272,5,824,8,251,9,11,26,573
8,740,3,773,367,773,41,843,8,328,1,828,9,856
8,589,6,74,3,148,5,481,8,630,3,159,40,853
7,919,7,156,41,353,5,609,7,905,21,72,34,653
7,965,6,256,42,96,5,849,4,710,8,496,9,925
9,124,562,28,8,692,13,445,47,122,7,552,2,940
9,462,7,497,3,231,4,181,4,661,3,807,7,971
7,638,34,52,1,660,4,29,7,191,12,975,8,32
9,311,5,353,2,862,4,17,4,700,3,89,5,183
7,798,48,258,21,300,4,529,6,474,7,966,32,629
8,621,7,428,34,462,5,584,6,396,5,400,2,422
8,290,7,214,4,503,4,393,7,159,47,941,8,715
76,568,23,638,34,218,1,264,9,334,6,248,8,774
8,101,2,415,2,948,11,385,9,797,4,255,7,665
8,939,2,507,2,912,6,405,7,457,3,628,6,804
7,717,29,722,1,858,3,662,5,401,5,278,7,339
9,14,24,851,25,905,46,546,7,706,8,189,8,501
7,563,3,758,4,385,5,296,5,875,4,585,8,70
8,480,5,943,12,582,2,302,9,758,23,69,8,770
9,461,7,137,359,947,5,840,5,606,7,749,2,846
9,317,6,532,15,833,13,213,762,768,5,370,7,198
756,26,5,735,18,978,10,403,5,269,12,760,49,181
8,666,3,796,28,318,4,859,7,766,1,989,35,702
847,763,39,721,1,53,8,136,5,687,5,847,6,773
7,922,3,919,5,736,15,483,8,54,6,8,6,604
91,259,668,175,27,936,36,240,925,138,9,584,8,721
802,788,317,49,20,599,16,662,5,609,5,390,5,269
9,386,5,304,10,704,11,575,9,32,6,895,4,170
