Voltage_main,Current_main,Temperature_main
8,5,18
9,4,2
7,39,4
8,5,44
8,6,5
7,5,2
7,25,17
9,31,28
902,3,12
843,33,501
8,5,4
858,34,15
9,5,9
8,4,28
794,6,2
838,36,46
8,25,16
7,5,15
8,7,11
8,3,15
8,7,5
8,6,5
9,5,5
8,6,5
9,292,12
8,4,5
7,4,5
8,38,25
8,7,9
7,6,6
8,6,5
8,4,3
791,6,41
9,6,1
834,7,4
831,5,3
7,5,500
9,32,4
8,4,29
8,5,4
8,5,13
7,3,5
8,27,6
8,30,48
8,38,20
7,25,323
9,5,7
9,26,49
7,7,5
9,6,4
8,5,10
8,6,10
8,467,3
8,5,22
783,3,2
7,6,41
8,3,13
9,5,29
8,22,5
8,7,45
7,6,5
826,2,5
7,39,636
8,7,5
8,7,46
850,5,1
7,26,33
868,7,50
7,4,789
7,34,1
7,4,3
7,6,510
910,4,5
9,2,31
8,46,11
7,3,4
803,45,24
7,587,1
7,697,47
863,4,10
8,7,45
9,4,23
9,2,2
7,26,5
8,2,23
9,2,4
8,43,34
9,3,1
9,2,5
802,7,2
9,50,45
8,7,19
7,3,3
7,45,2
8,5,3
7,4,20
9,3,3
9,6,15
9,5,23
8,39,4
9,35,4
8,6,19
789,3,40
8,7,4
8,6,45
7,5,5
7,24,2
9,7,3
9,2,1
8,7,45
7,7,541
934,26,24
9,4,5
8,3,29
8,40,4
8,2,30
8,415,3
8,2,13
758,5,43
8,48,14
9,5,17
9,31,4
8,40,230
9,6,3
8,40,25
7,6,4
8,632,5
8,6,602
8,5,19
7,449,49
8,6,1
9,5,12
8,4,6
8,6,3
8,7,18
9,6,5
8,4,34
8,6,506
7,28,39
8,5,1
7,5,5
8,4,11
8,4,5
8,4,5
7,5,4
9,30,3
7,5,5
920,5,386
9,48,6
7,5,9
8,7,4
8,6,43
9,5,17
9,5,12
8,54,6
8,2,3
9,5,29
7,7,4
8,33,26
9,4,3
8,2,44
7,28,166
9,5,3
7,36,33
9,48,38
9,628,2
8,7,12
907,3,10
8,32,4
9,4,11
803,47,21
819,7,24
9,38,24
808,300,15
8,7,3
784,5,4
9,31,15
7,49,3
8,6,4
7,5,22
8,3,2
8,5,3
8,7,5
7,5,5
850,3,18
8,3,1
8,5,40
7,22,26
8,6,30
9,43,17
7,29,5
8,5,37
7,7,1
860,6,17
8,6,2
9,7,20
7,6,3
7,517,11
8,31,17
8,46,5
8,6,3
8,7,26
8,7,9
8,575,5
9,3,23
8,32,23
9,23,1
8,5,3
8,37,7
8,6,41
8,39,6
9,3,2
8,4,34
9,31,20
812,7,16
8,6,23
9,26,12
9,6,3
9,28,34
7,501,1
802,6,4
9,7,2
8,391,23
882,499,4
944,5,2
7,5,9
887,6,5
9,4,10
9,3,32
7,267,14
8,7,6
905,3,15
7,5,22
7,524,5
8,4,513
9,6,5
8,4,9
7,3,5
84,5,6
8,4,36
9,23,5
8,2,24
8,5,48
8,6,36
8,7,38
8,27,330
9,5,44
9,49,12
7,7,1
8,6,31
8,2,11
927,654,635
7,7,3
8,583,6
7,309,45
838,37,26
8,6,4
9,6,5
9,5,5
9,3,2
8,29,40
8,6,4
759,6,5
8,5,5
8,4,39
8,5,6
9,23,21
8,4,23
9,3,12
8,2,4
758,6,6
8,6,4
8,6,14
9,3,6
8,7,23
8,5,1
8,2,383
8,35,16
7,28,31
9,44,5
8,6,6
7,4,322
8,4,3
8,3,3
8,25,35
9,45,4
7,5,2
7,4,6
8,5,19
8,22,3
9,7,7
9,569,13
804,5,31
813,604,3
7,7,22
9,7,4
8,6,5
9,7,5
8,6,46
7,5,517
942,49,3
9,5,5
8,6,25
8,7,5
9,32,5
7,5,15
9,6,44
8,533,6
829,2,18
9,5,56
7,3,2
7,3,5
791,5,2
7,4,1
8,6,5
8,6,3
7,6,46
8,667,4
8,4,4
8,5,46
7,624,31
9,7,5
7,2,1
7,44,5
7,49,5
8,38,6
9,23,14
9,7,39
9,5,14
8,7,17
7,39,2
8,5,4
8,5,26
768,25,5
7,3,3
8,6,5
788,46,5
8,4,4
7,737,21
8,5,4
9,4,5
8,3,6
8,2,11
8,6,31
9,22,20
890,663,5
8,5,12
8,27,6
8,2,4
8,3,2
8,3,3
9,6,4
9,755,5
8,31,5
7,25,9
8,3,39
8,37,2
766,3,3
876,4,6
8,5,10
8,4,14
8,6,28
7,385,7
7,5,12
9,5,4
7,2,4
9,4,6
8,2,46
8,7,521
9,7,2
9,44,14
8,5,13
8,3,7
8,41,1
8,37,20
8,6,23
8,41,6
9,5,11
8,41,11
7,6,13
8,39,27
8,38,17
870,2,25
8,6,2
7,7,5
8,24,2
8,2,3
7,4,5
9,5,47
9,2,6
7,27,5
9,5,6
7,5,25
85,25,6
8,22,3
8,6,445
949,5,10
7,7,31
7,23,2
8,3,34
7,2,10
8,4,3
9,471,1
9,7,47
8,636,19
931,586,9
7,5,2
8,6,5
8,44,24
8,2,5
9,6,4
8,25,5
9,5,6
8,7,2
8,40,9
8,7,499
783,4,26
8,6,425
8,5,9
7,5,22
9,23,6
7,7,5
8,24,1
9,38,5
7,5,6
8,6,37
8,424,46
809,6,2
7,44,1
8,4,20
8,5,40
9,5,5
8,5,5
8,42,4
894,5,5
8,39,8
9,7,5
8,373,2
9,2,5
9,6,6
9,7,23
909,2,4
8,2,5
9,7,4
7,7,1
7,40,3
8,3,24
833,4,10
9,397,5
9,4,26
8,6,17
7,5,28
946,6,3
8,34,35
8,3,39
7,33,4
8,7,10
8,2,8
8,36,9
881,6,1
8,7,6
878,5,21
8,3,6
9,703,36
7,36,350
9,2,3
8,35,2
9,513,16
817,34,47
8,34,4
787,38,21
7,592,318
8,46,23
8,668,32
9,7,39
8,6,3
8,5,18
8,5,4
790,432,4
8,3,15
8,5,14
8,7,5
776,3,9
7,6,6
7,4,3
7,293,8
8,7,48
8,7,7
9,31,2
7,4,4
8,5,5
9,598,41
9,7,4
8,5,48
7,5,442
8,36,23
9,4,6
8,73,5
9,6,5
7,5,31
7,6,23
8,688,1
7,33,3
8,6,16
7,2,1
752,44,5
8,5,5
9,22,1
8,4,4
7,3,3
8,47,7
853,3,6
8,7,5
8,24,18
89,4,17
9,6,30
7,3,241
8,2,47
7,7,5
7,3,6
8,27,7
8,44,5
935,4,30
7,46,21
8,4,17
7,44,393
8,4,5
9,5,44
9,6,45
8,4,13
8,3,5
763,488,5
7,28,5
8,26,6
8,31,6
9,673,439
8,2,5
9,5,20
7,41,9
8,5,2
7,29,5
7,25,15
8,27,1
8,43,4
7,5,10
7,522,28
834,3,2
9,7,23
8,5,30
8,57,30
9,25,5
946,22,5
7,6,5
8,271,13
7,4,3
7,3,4
9,4,15
9,329,13
8,47,9
8,6,306
8,6,4
7,7,3
8,6,47
7,6,5
7,693,21
8,37,9
9,2,2
846,6,3
9,4,20
783,42,986
8,3,35
9,37,42
8,4,20
9,2,5
7,3,24
8,6,46
7,7,27
7,3,20
9,4,2
9,44,6
8,47,12
881,44,4
9,4,30
866,48,3
8,25,5
8,6,1
9,3,5
7,667,6
8,2,46
9,5,3
8,6,797
8,2,1
8,680,1
8,46,4
9,6,2
7,2,14
7,35,13
9,5,2
8,2,16
7,2,16
8,6,8
8,4,19
8,2,4
8,6,4
8,2,5
8,683,6
7,6,5
7,6,23
9,5,26
8,46,5
7,5,48
7,29,25
7,49,3
7,34,46
8,346,3
7,5,16
8,6,3
873,7,23
7,26,19
8,6,24
7,5,29
8,757,5
8,5,14
8,7,7
8,7,14
8,7,41
7,4,17
8,452,25
8,2,2
781,23,544
9,2,10
795,7,2
815,41,35
7,2,21
9,5,12
8,4,5
8,6,7
8,6,45
9,389,6
7,6,1
7,2,3
8,3,5
8,512,2
8,7,5
7,5,5
8,5,15
8,3,5
8,31,40
7,42,1
7,4,48
8,36,41
8,28,39
9,582,6
8,41,6
854,5,5
7,5,38
8,7,5
8,4,6
8,36,20
7,6,376
9,620,3
8,7,4
8,621,12
9,2,5
8,4,2
7,754,20
7,604,16
9,38,5
8,4,18
9,7,31
7,6,223
8,5,4
8,5,5
9,39,5
8,630,2
7,6,5
9,5,5
7,40,24
9,2,362
8,6,322
8,3,48
8,5,37
8,3,5
9,5,5
9,7,6
8,6,36
8,7,291
8,7,43
9,4,37
896,3,10
8,48,1
8,5,53
8,6,7
8,501,1
7,6,4
8,7,20
9,4,1
764,5,2
8,7,5
9,3,2
7,6,16
7,24,15
8,33,15
9,714,5
8,3,546
8,5,5
82,45,29
945,5,43
9,7,2
8,7,5
7,5,49
801,31,2
8,5,4
7,34,6
935,43,3
9,7,4
82,41,12
8,23,2
8,7,10
8,589,22
9,279,10
905,5,34
8,5,4
8,2,2
7,6,348
826,3,22
7,3,3
9,42,39
8,7,2
8,29,36
7,3,27
9,38,4
8,6,2
9,4,8
8,2,525
9,5,44
8,2,5
9,485,269
880,6,6
912,31,47
8,673,5
9,5,605
7,6,369
8,3,24
9,7,5
753,34,3
7,250,2
9,7,236
7,24,3
7,647,4
9,2,37
8,7,22
8,7,4
9,38,4
9,493,527
9,6,47
7,7,3
7,7,9
7,5,19
9,4,5
9,6,18
7,4,20
9,3,3
805,3,5
8,5,540
8,6,32
8,38,26
9,5,1
8,3,25
9,7,15
9,46,4
8,5,34
9,23,10
7,40,3
7,47,3
7,5,48
7,6,14
8,7,4
8,4,43
9,687,4
7,6,30
7,7,31
8,6,4
7,5,5
7,5,12
9,3,31
8,3,35
7,23,4
9,2,40
8,6,4
8,6,27
8,4,4
8,38,428
9,4,5
922,39,17
8,7,2
831,37,34
8,38,32
8,4,3
9,4,30
7,6,3
9,23,5
8,6,20
7,5,5
9,5,38
792,5,5
8,6,1
9,2,7
8,3,17
8,41,388
9,3,6
7,28,6
8,23,13
8,5,39
8,23,42
9,5,5
7,3,4
7,6,3
8,6,4
9,5,5
7,646,419
907,40,36
886,691,44
8,5,640
7,29,30
9,676,6
7,7,576
8,3,6
9,5,3
9,7,50
9,6,4
8,6,512
8,2,24
8,5,933
8,39,2
912,5,110
8,7,3
8,7,3
7,41,5
9,6,5
8,5,8
8,28,35
8,5,6
866,6,14
7,647,10
9,28,28
8,48,39
8,2,18
9,37,22
8,5,2
7,4,2
8,6,27
8,5,14
9,4,2
8,24,13
8,7,393
9,7,3
8,23,2
7,4,2
8,5,4
7,24,5
9,6,6
7,5,4
8,28,43
8,4,5
8,23,18
9,4,6
7,7,6
8,37,1
8,4,6
7,5,5
8,39,2
7,26,11
8,7,19
7,6,3
7,48,5
7,580,9
8,514,4
7,5,42
758,4,5
7,4,4
9,31,18
8,637,36
8,37,3
9,4,3
809,25,7
9,6,5
7,6,18
7,5,3
7,7,23
8,63,3
8,7,559
7,6,5
8,22,30
9,4,4
7,26,22
7,22,6
8,5,1
8,6,5
9,25,2
8,6,14
8,2,2
8,591,46
8,3,6
9,7,3
9,7,17
9,5,18
8,6,28
7,3,5
8,3,14
8,2,6
7,3,16
9,6,8
8,3,38
8,6,25
8,5,33
7,28,5
7,43,11
8,6,9
8,43,21
8,49,42
855,4,30
7,5,5
8,23,17
7,4,3
9,7,14
8,22,195
7,41,5
8,7,2
7,7,3
8,3,3
7,667,33
7,36,7
8,7,33
8,24,531
8,5,5
8,5,19
8,7,25
7,41,6
8,32,1
765,30,253
8,33,40
9,522,18
9,5,2
8,4,19
8,275,4
9,7,2
8,48,9
8,2,22
7,7,28
7,6,4
7,7,32
9,7,5
7,5,632
7,272,6
8,22,1
9,23,3
7,7,21
8,40,24
8,24,26
781,505,2
9,3,2
9,41,10
7,3,3
8,42,23
8,45,408
9,7,4
8,7,5
798,3,4
8,40,6
8,6,5
8,67,7
8,41,27
887,46,20
8,5,5
9,7,44
867,5,14
9,5,3
8,5,3
8,665,11
8,5,37
891,35,6
7,3,18
8,4,23
9,6,5
9,7,31
8,6,6
8,28,13
9,6,15
8,6,20
7,7,38
8,5,13
8,510,19
7,6,4
8,47,620
8,6,29
8,7,558
851,6,5
7,6,44
8,5,26
8,2,3
8,6,2
783,2,36
812,6,5
94,2,42
9,7,6
8,6,3
767,7,5
9,2,25
877,4,4
8,5,6
9,5,301
9,7,4
7,6,41
7,7,9
898,7,2
9,6,6
8,477,3
9,5,12
8,48,2
8,49,7
8,312,26
8,5,6
801,6,17
9,6,3
7,740,5
8,7,4
9,2,2
8,23,23
8,580,6
776,5,6
8,5,5
8,6,3
899,6,8
8,4,3
896,637,6
8,4,5
8,6,5
8,5,4
8,7,29
8,6,2
7,41,20
8,6,39
7,7,33
7,47,2
7,2,22
7,42,4
8,6,10
7,3,18
7,5,3
784,31,4
7,4,21
7,28,19
8,6,6
9,3,6
921,706,10
7,6,9
8,7,5
8,24,832
8,29,11
7,26,563
7,7,5
7,5,5
9,6,34
920,45,45
8,3,145
8,5,10
7,3,4
9,32,15
8,387,4
9,27,5
8,40,2
8,5,39
7,3,9
9,4,45
8,46,19
9,29,17
8,6,4
9,3,5
9,4,31
8,486,3
9,4,21
8,5,3
7,4,25
8,7,40
7,500,33
86,26,6
7,4,4
9,47,35
7,582,34
9,6,5
9,48,2
9,4,529
7,627,6
803,5,5
8,5,2
9,5,49
799,699,4
9,4,42
9,3,3
757,4,48
7,41,2
8,6,5
8,40,5
9,6,3
907,5,5
906,3,11
9,4,24
7,5,3
781,5,19
8,23,18
9,5,46
8,48,28
9,6,4
8,2,16
915,4,11
8,3,32
9,4,18
872,49,40
750,3,15
7,4,44
8,6,5
8,5,5
9,2,34
811,6,45
7,46,610
8,6,13
8,5,3
7,33,5
8,45,3
947,47,26
9,7,5
9,6,31
8,41,28
803,6,44
7,5,5
7,3,6
9,569,28
7,37,4
8,22,4
7,4,22
9,27,447
7,542,4
7,6,5
9,7,34
9,6,39
7,22,19
9,7,12
8,6,25
7,4,34
9,5,35
7,5,40
8,6,45
8,4,240
8,638,6
8,7,42
7,44,41
9,2,3
7,6,16
9,6,2
8,75,5
771,6,9
8,5,5
7,7,26
9,7,49
8,32,29
8,344,6
88,26,11
87,7,4
9,6,15
7,504,37
9,7,49
8,7,5
9,5,13
8,7,1
8,33,5
79,2,18
8,38,2
933,3,6
7,7,6
7,2,8
882,5,43
8,5,6
8,28,5
7,6,41
8,23,4
838,34,3
8,5,5
9,47,4
795,7,17
9,2,1
9,7,5
7,6,5
8,40,40
86,4,29
8,3,27
7,3,4
8,23,19
7,33,16
8,7,5
8,41,21
8,4,3
8,37,26
8,503,613
8,343,22
8,5,3
9,44,31
7,33,17
7,4,882
8,3,941
8,7,4
9,28,4
8,42,4
7,45,18
7,49,13
7,3,35
8,5,29
8,6,15
7,28,35
8,5,4
8,44,5
8,6,44
8,5,153
7,7,35
8,3,3
8,378,20
8,6,20
9,3,3
7,29,15
9,6,5
7,3,9
8,5,36
7,6,4
7,6,15
874,23,3
8,2,4
8,32,33
8,5,6
8,41,28
7,22,38
8,4,31
9,35,3
914,5,23
8,5,42
7,46,5
915,7,41
885,40,5
8,2,5
7,3,32
9,769,3
8,7,16
8,5,47
8,5,5
8,29,6
8,6,591
8,4,3
7,5,5
944,2,11
8,7,4
7,692,6
9,46,1
8,7,6
8,7,31
9,4,5
83,6,6
7,40,5
7,7,5
9,45,38
9,6,4
8,725,3
7,47,2
8,2,4
8,7,4
9,6,3
879,6,5
8,4,27
9,5,29
8,22,7
9,5,25
7,6,46
7,6,2
8,39,5
8,5,10
9,7,15
8,7,17
773,5,633
8,32,13
802,33,5
8,6,5
8,5,183
8,647,4
8,41,45
8,5,13
9,7,48
9,6,26
8,35,47
7,24,7
900,6,3
788,2,4
8,5,22
8,26,5
868,47,2
8,7,596
8,392,219
7,5,14
9,5,2
9,6,41
8,5,7
8,7,44
931,5,45
9,3,4
940,4,4
8,4,262
7,7,13
9,31,18
818,3,901
8,5,2
7,746,2
8,5,34
8,26,329
8,6,2
807,7,1
8,357,4
7,6,1
8,3,3
8,24,3
8,7,4
9,5,42
7,2,18
871,3,32
7,7,24
9,43,1
821,7,26
7,24,46
9,6,47
8,6,21
9,35,5
8,6,5
8,3,5
8,3,2
8,5,6
7,6,13
7,5,5
8,34,15
8,3,2
813,33,5
8,3,5
9,38,5
7,38,5
9,6,6
852,2,2
8,4,516
903,7,38
7,7,31
8,4,5
7,31,50
7,41,46
8,5,13
8,6,3
7,45,30
8,6,44
799,35,3
8,567,3
8,3,4
842,7,5
8,7,2
7,46,5
8,754,1
8,2,29
7,23,30
7,5,5
7,29,5
8,44,4
8,35,48
7,7,1
7,6,3
9,36,40
785,7,566
8,7,24
9,4,33
8,5,37
845,46,4
8,4,41
882,6,42
8,28,2
840,4,6
9,45,5
9,5,4
7,6,39
9,39,6
7,5,16
8,7,46
761,6,6
8,6,10
8,2,1
8,3,5
8,4,5
7,732,10
8,3,9
8,7,7
8,7,5
932,31,4
7,3,5
877,5,6
7,7,243
7,5,6
7,5,5
9,7,49
9,6,8
833,5,5
9,36,2
8,6,5
9,4,5
9,2,42
9,357,5
7,23,1
7,37,5
8,45,3
8,6,6
8,32,2
9,5,4
9,7,6
8,6,6
7,6,4
9,7,611
7,3,934
895,24,2
8,5,2
9,31,4
8,3,4
7,4,2
9,3,7
7,5,8
806,5,522
9,5,5
8,2,6
9,23,47
8,5,11
8,5,20
7,5,7
8,4,578
8,7,3
8,6,3
8,39,361
8,7,17
9,751,6
8,2,5
8,6,5
8,4,514
8,7,1
8,7,10
8,2,46
7,24,8
7,281,5
8,3,3
7,654,5
8,5,548
8,4,1
8,43,11
7,7,11
7,5,6
8,7,41
8,6,19
7,29,37
8,7,19
7,4,38
7,7,2
8,4,35
8,5,5
7,531,49
8,6,5
8,5,8
7,7,37
8,5,42
7,47,5
8,7,11
7,626,32
899,3,6
9,5,2
9,6,636
8,49,520
8,24,2
8,6,38
7,3,22
8,7,5
7,5,2
8,3,5
915,3,48
8,3,5
802,6,5
7,6,4
7,6,19
753,6,604
7,6,28
7,48,40
7,6,5
7,7,16
8,6,401
8,7,4
8,5,13
8,5,5
8,6,3
8,5,7
8,3,6
7,2,42
7,4,12
9,5,34
8,5,5
7,5,2
848,48,6
7,4,35
7,3,2
8,3,5
8,5,5
7,5,28
8,6,1
7,6,11
8,6,270
8,6,5
8,6,5
8,4,5
8,4,22
7,3,2
9,7,570
9,7,38
7,3,1
8,626,2
7,38,45
8,4,639
7,3,4
7,5,2
8,532,10
7,4,3
8,4,308
915,26,4
9,7,17
8,7,639
7,7,17
9,37,989
8,4,6
9,7,45
7,2,21
8,3,5
9,3,45
7,7,2
7,225,5
9,3,39
8,3,25
9,6,3
8,22,5
7,31,22
9,42,30
8,5,45
8,772,5
8,7,8
7,5,4
8,29,44
8,6,5
9,49,2
7,6,17
9,3,3
8,5,5
8,5,22
8,7,5
7,6,6
7,7,5
7,7,19
9,596,39
7,7,1
7,4,2
7,6,45
8,386,41
8,4,31
7,271,6
8,5,261
7,5,12
7,45,5
7,5,20
8,2,4
7,7,6
8,7,12
868,5,3
9,7,6
7,28,571
9,24,2
915,7,39
7,452,11
9,5,4
8,6,43
9,7,4
8,7,5
8,3,4
8,3,3
803,296,29
9,47,2
9,777,4
8,397,14
9,5,32
7,5,37
7,6,5
9,23,16
7,2,340
7,5,1
8,5,5
9,2,4
8,7,18
8,7,12
7,5,519
9,38,4
8,4,11
7,728,21
7,5,6
8,7,5
881,37,30
865,28,368
871,5,3
7,678,3
8,5,40
8,6,13
8,3,6
873,4,23
8,5,5
7,31,3
7,6,40
7,4,1
8,44,34
7,5,25
8,31,5
8,7,19
8,2,35
8,58,5
9,7,5
9,5,5
7,7,23
9,49,3
7,6,6
8,4,33
9,2,37
9,5,2
9,5,49
7,6,3
7,2,5
9,6,17
7,687,6
7,3,5
8,46,14
8,6,44
9,34,26
8,712,3
8,4,3
8,6,34
8,6,40
9,5,33
8,22,505
8,4,1
7,2,40
7,35,34
9,7,5
8,6,5
8,5,2
8,4,8
9,6,2
881,6,6
7,5,2
8,5,883
8,7,640
901,6,3
7,6,12
8,22,23
8,3,5
9,7,6
7,7,17
9,5,1
8,41,4
7,727,5
8,4,3
8,4,4
9,41,48
8,5,39
7,7,3
8,7,2
887,658,45
8,45,5
8,6,520
8,4,4
8,6,3
872,5,41
8,2,10
9,30,5
9,30,21
8,3,22
8,47,17
7,6,3
8,6,240
8,35,41
8,25,5
8,24,5
7,5,9
8,4,119
8,7,600
8,7,11
7,6,5
7,704,5
9,4,4
8,22,49
7,5,43
930,7,32
9,36,35
7,5,6
8,42,6
9,29,47
9,46,4
8,3,6
7,23,2
8,45,12
7,3,2
781,3,2
9,7,3
8,6,583
8,4,2
7,5,11
8,6,19
9,46,5
7,5,23
8,4,41
8,474,886
8,436,18
8,7,40
8,23,2
8,5,5
8,7,243
7,5,5
7,25,4
7,533,3
8,6,19
7,5,5
9,3,2
9,22,7
880,35,4
8,45,4
9,4,49
9,2,2
7,6,3
8,2,3
8,48,6
9,7,640
881,39,5
8,30,16
9,5,44
9,2,12
7,5,4
7,47,4
7,5,40
9,47,3
9,30,43
8,5,24
9,46,350
8,6,6
8,5,23
9,6,3
8,22,5
8,5,5
7,616,3
847,6,5
875,28,33
9,48,5
7,48,29
9,4,3
931,3,5
9,6,11
7,6,4
9,6,16
8,5,4
8,7,36
916,44,3
839,7,48
8,47,14
7,537,34
7,3,29
792,540,6
7,48,2
9,5,640
7,34,5
923,5,4
882,6,33
9,3,4
775,663,1
8,5,11
7,3,427
7,3,21
8,766,23
8,41,3
8,4,5
9,45,5
9,5,4
9,4,6
7,48,10
9,2,4
8,5,4
7,7,6
8,5,49
8,6,3
899,24,40
9,3,41
8,25,5
7,5,3
8,2,255
7,7,30
7,7,39
7,2,8
9,5,14
8,32,10
920,4,5
7,3,2
9,22,5
7,6,27
8,3,24
910,26,47
9,515,4
7,630,5
8,4,3
8,39,5
8,7,42
7,3,2
887,44,7
8,6,32
9,7,561
8,5,28
8,7,4
8,6,22
8,4,28
7,625,3
8,7,41
8,7,5
8,35,23
8,5,6
9,6,38
9,23,3
9,4,17
9,4,47
8,6,18
8,5,5
8,5,5
9,5,22
8,45,12
9,7,5
9,41,14
888,2,36
9,4,18
7,29,35
9,5,29
8,271,13
796,7,43
7,729,2
7,2,5
9,6,5
8,5,3
9,6,6
8,3,5
7,424,1
8,44,16
8,2,36
8,7,2
7,6,456
8,4,46
8,5,3
8,625,9
804,5,22
8,7,6
7,7,5
81,4,17
9,26,11
8,6,13
8,4,3
9,4,37
9,32,3
785,4,5
9,5,21
9,2,4
7,5,33
767,5,3
8,6,3
7,533,6
9,2,41
887,3,16
8,4,23
8,7,3
7,6,21
883,3,3
7,42,451
9,25,28
8,6,390
8,46,19
9,7,25
8,5,37
7,6,3
8,5,5
8,7,27
8,4,1
8,7,6
9,48,15
8,4,2
8,48,11
8,5,13
8,6,5
8,37,30
906,6,535
9,25,23
811,3,43
7,6,32
7,5,4
8,5,5
7,5,36
8,5,3
8,32,43
9,5,1
8,6,1
8,40,31
7,6,5
7,5,15
8,7,6
7,42,2
8,6,43
934,7,20
9,39,14
8,23,10
7,38,5
822,5,5
8,3,22
8,3,2
9,4,6
949,3,3
9,2,33
7,26,5
7,256,24
7,3,3
8,6,11
758,6,5
9,7,2
7,557,5
9,4,8
939,6,40
8,6,6
7,3,25
9,36,7
804,35,1
8,47,48
9,6,4
7,3,5
8,2,36
8,5,12
7,5,19
8,6,30
9,4,1
9,6,2
76,7,13
8,3,10
9,28,17
8,653,31
8,24,5
9,6,2
7,40,3
7,6,22
8,5,48
9,6,21
863,4,4
8,25,5
7,5,12
8,698,1
7,5,6
7,2,5
8,3,41
8,6,5
7,7,5
7,6,5
9,562,13
9,7,4
7,34,4
9,5,4
7,48,4
9,4,4
8,7,5
8,7,4
7,28,429
76,23,1
8,2,11
8,2,6
7,29,3
9,24,46
7,3,5
8,5,2
9,7,5
9,6,13
756,5,10
8,3,4
847,39,8
7,3,15
91,668,36
802,317,16
9,5,11
5,27,39
6,1,5
5,3,5
5,19,5
6,10,12
6,5,23
58,5,45
536,7,16
5,41,18
6,9,17
684,20,2
6,3,25
5,9,4
543,75,5
5,10,4
5,1,47
6,23,25
5,17,31
5,2,6
5,5,6
5,6,5
5,12,5
5,14,34
5,23,5
5,16,25
49,1,552
6,17,9
6,2,44
691,24,2
6,28,5
5,12,6
5,1,3
5,3,24
5,13,3
6,15,7
6,8,4
6,9,8
5,32,3
5,2,18
695,280,3
6,26,537
5,8,24
6,2,24
6,16,13
5,6,5
5,10,4
6,22,4
5,4,1
5,30,9
6,41,31
591,984,475
6,24,5
6,11,40
5,7,3
5,2,49
5,29,5
5,2,4
6,3,208
5,21,33
5,2,3
646,3,2
6,22,11
5,18,3
5,8,34
5,22,31
6,19,27
6,21,4
6,1,13
5,6,39
5,18,34
6,823,16
5,11,2
6,8,28
6,30,31
570,3,1
629,5,38
517,2,259
5,18,27
6,28,157
6,2,2
5,30,17
5,26,3
5,21,3
6,13,2
671,32,3
5,3,18
5,5,3
6,20,50
5,571,4
5,2,3
634,327,393
5,41,5
5,6,5
696,26,4
5,23,1
6,10,2
5,12,5
5,23,2
6,29,4
5,2,4
6,5,1
6,23,5
564,31,5
6,579,17
5,22,34
5,10,54
6,2,27
6,23,8
6,9,20
6,26,30
6,4,4
6,17,30
5,1,44
6,9,14
6,26,45
6,1,13
5,24,29
5,12,35
5,29,4
5,1,17
6,13,38
6,17,3
6,55,2
5,30,3
5,18,3
6,52,32
6,23,36
6,6,3
5,9,3
5,11,3
5,13,11
5,22,4
5,2,9
6,15,2
6,18,44
614,21,5
5,7,17
6,26,13
6,1,45
6,28,6
5,2,11
6,2,1
6,5,35
5,2,3
504,5,4
6,26,28
5,3,5
677,2,10
6,25,5
6,5,326
5,29,35
6,22,44
533,11,2
5,17,4
687,20,24
5,62,2
6,3,3
6,13,23
5,30,4
541,23,5
5,18,35
6,12,36
5,18,21
5,21,10
6,18,7
662,22,1
6,1,41
5,6,2
5,2,24
6,8,17
5,2,20
6,30,18
6,11,39
6,3,5
5,25,5
631,6,407
5,1,3
5,112,42
5,22,8
523,21,4
6,7,8
5,7,567
5,2,353
560,2,40
6,41,491
62,31,418
6,17,3
6,304,2
6,2,8
5,3,10
666,18,3
5,3,2
5,9,23
5,15,3
6,1,328
6,25,42
5,6,1
6,13,36
6,10,17
6,10,3
5,29,9
6,719,5
5,25,20
6,1,10
4,515,3
6,15,5
6,8,2
6,33,19
5,1,5
6,1,5
5,853,2
593,33,5
5,11,30
6,28,42
5,3,7
5,1,5
5,3,19
6,22,5
6,5,1
5,26,7
5,43,7
5,17,31
6,16,22
5,28,44
6,20,32
6,1,27
5,11,4
6,12,5
5,25,31
5,28,1
5,21,1
6,2,43
6,12,21
5,765,1
595,18,2
5,1,5
5,19,3
5,9,64
6,6,2
5,13,12
6,4,5
6,15,23
507,2,9
5,23,31
6,3,17
5,241,4
5,15,5
6,2,18
6,5,5
6,21,48
668,28,16
5,51,1
6,0,38
5,54,4
6,31,2
5,303,4
5,2,9
6,3,87
5,2,10
5,7,13
6,22,5
5,25,9
6,21,4
6,12,3
5,4,3
5,2,508
5,10,15
6,2,1
6,23,2
5,7,4
6,25,7
6,26,17
624,23,31
5,2,33
5,56,30
6,18,3
5,1,2
6,2,2
5,2,39
690,20,38
6,27,4
5,29,13
6,10,4
6,1,19
5,324,5
5,9,20
6,27,37
6,3,8
5,19,10
6,21,3
6,21,222
5,2,14
6,21,3
6,11,14
5,2,12
5,5,11
6,1,2
6,92,23
6,26,30
6,18,5
5,29,1
5,28,4
6,2,6
6,25,27
5,28,4
5,2,30
6,1,5
570,9,11
6,25,4
5,24,8
5,25,2
6,3,4
5,4,2
6,1,10
6,28,4
6,12,24
5,14,8
6,10,4
6,21,18
6,9,38
6,10,39
5,1,4
6,2,42
5,12,10
6,2,3
6,21,2
6,11,39
5,42,49
6,23,10
6,13,1
5,18,2
5,17,1
5,31,12
5,53,26
6,3,4
6,9,160
6,21,7
6,23,14
6,32,8
5,28,9
5,23,5
5,18,3
6,9,3
5,8,3
5,21,6
6,8,3
6,4,2
5,8,885
6,36,3
6,9,5
6,303,4
5,28,49
5,305,259
6,18,5
6,9,1
6,2,42
5,3,39
6,1,3
565,11,12
6,11,19
5,19,5
6,11,5
6,3,28
5,13,5
5,3,22
5,29,47
5,1,44
6,186,5
6,9,43
6,3,49
4,1,37
6,7,5
6,1,14
5,2,12
5,5,5
6,2,4
5,9,11
5,1,8
5,324,41
6,12,5
6,21,44
5,10,488
6,2,12
5,28,55
6,13,287
6,1,2
5,1,5
6,7,44
6,1,1
576,11,2
5,20,2
687,1,25
5,24,5
6,18,29
5,2,36
6,3,25
5,15,3
6,12,35
6,26,4
5,9,16
5,11,3
5,2,7
5,28,37
6,12,5
6,2,5
6,15,24
6,16,23
5,29,27
6,1,29
6,391,44
6,3,791
5,3,26
5,31,4
6,132,2
5,8,38
6,1,49
533,273,4
5,25,25
6,31,19
6,7,7
5,5,2
5,2,7
653,18,9
604,10,394
5,7,372
504,8,45
6,2,0
5,21,3
5,30,15
516,145,5
5,44,16
6,31,4
5,27,9
6,331,35
6,19,32
6,16,9
5,18,6
5,15,5
6,13,21
6,23,2
5,3,551
583,41,1
547,6,4
603,15,10
5,2,2
5,7,6
6,19,3
6,2,2
5,32,21
5,14,3
6,2,9
5,16,4
6,2,517
5,9,2
6,13,10
6,3,9
6,24,58
5,1,37
5,13,45
5,293,5
5,15,2
6,24,61
687,9,3
575,11,41
5,25,45
5,2,22
5,2,32
6,30,4
6,2,295
5,6,3
5,25,30
5,25,20
5,24,469
5,10,27
5,6,14
6,4,50
6,22,23
6,15,33
5,19,33
5,4,3
6,3,3
5,31,5
5,24,2
6,3,27
5,25,2
5,1,3
6,56,45
5,16,4
6,3,10
5,18,23
6,4,4
6,41,1
5,1,2
5,19,13
6,9,8
6,31,4
5,2,22
6,2,2
6,2,2
6,2,4
5,19,47
6,25,33
5,2,25
6,7,23
6,27,11
6,29,17
6,7,40
5,4,3
6,48,1
5,13,11
5,56,13
6,12,9
6,11,4
6,18,5
6,24,45
5,4,3
6,17,914
5,4,5
6,12,42
6,5,46
6,24,27
6,18,4
6,7,46
5,24,21
6,2,8
6,4,47
6,877,4
6,9,38
5,4,5
5,302,4
5,3,2
6,22,4
591,19,3
5,2,2
5,3,35
6,2,3
6,31,36
610,249,42
6,16,3
4,14,11
565,32,36
69,24,33
5,2,15
5,6,5
5,17,2
6,18,1
5,3,266
5,27,16
5,9,35
6,1,12
5,502,34
5,2,23
5,7,43
6,13,17
611,12,2
5,15,21
5,3,3
631,1,9
6,11,5
5,3,9
5,14,2
532,691,5
6,6,20
6,33,5
6,18,1
5,21,6
6,10,15
5,7,499
5,23,32
5,28,18
5,30,35
5,29,38
6,19,5
6,8,17
542,23,3
642,44,2
5,2,5
6,21,33
5,1,5
6,12,6
6,24,2
6,909,48
6,73,37
6,22,17
6,8,4
5,2,40
5,14,5
5,14,9
6,19,2
5,23,2
6,1,3
5,19,5
6,3,13
624,2,5
6,2,4
6,10,3
578,17,4
6,22,3
6,5,45
6,7,22
5,16,8
5,5,7
5,48,24
6,21,29
6,1,5
6,29,2
6,17,2
6,13,3
6,2,4
5,2,26
6,5,19
5,8,174
6,43,453
5,12,3
6,2,4
6,5,9
6,19,5
5,10,23
5,7,4
6,17,4
603,15,53
5,5,44
673,2,529
5,21,43
5,1,28
5,9,9
6,19,4
6,8,18
6,17,28
5,2,4
5,7,36
6,7,41
562,19,29
6,21,17
668,304,39
6,29,22
6,25,42
5,19,27
6,21,40
5,26,5
5,1,21
5,17,6
6,14,3
5,9,9
5,2,13
6,6,4
6,30,4
5,8,3
5,20,2
616,23,3
6,8,3
5,13,17
5,1,4
5,58,44
6,24,3
5,3,11
6,2,233
6,2,567
6,1,5
5,20,14
5,22,6
5,29,38
5,32,5
5,7,8
692,17,42
5,18,38
6,2,42
505,14,643
6,2,41
5,6,6
6,26,28
5,22,21
5,18,2
6,9,8
6,870,4
513,62,8
5,10,29
6,1,12
606,6,5
5,14,1
5,5,24
6,11,44
6,37,57
49,17,16
549,28,4
5,11,14
6,22,23
5,14,41
5,2,3
5,27,3
5,29,2
6,29,5
5,11,5
5,2,15
515,1,39
5,5,13
5,1,4
6,8,20
5,3,15
6,21,1
51,2,22
5,23,3
5,7,2
6,40,47
6,18,4
5,2,30
5,32,5
6,22,2
5,23,62
6,14,5
6,18,16
5,1,3
6,26,2
5,15,6
5,25,3
5,1,3
6,14,731
6,1,5
5,21,13
6,36,248
5,5,1
5,23,5
5,8,49
6,2,20
5,29,6
5,12,39
571,10,2
6,1,5
5,24,28
6,2,336
542,68,6
6,9,3
6,23,5
5,22,10
6,16,11
6,10,6
5,4,43
6,8,5
6,9,4
5,10,5
634,4,23
6,20,443
5,2,1
5,15,1
6,17,28
5,19,5
502,21,2
6,2,17
6,2,12
6,8,6
5,23,52
6,3,4
6,34,540
6,6,43
6,153,2
6,15,857
5,31,559
5,8,4
5,2,3
669,14,374
5,3,4
6,20,9
5,28,8
5,5,463
6,13,8
6,3,3
570,24,5
5,32,45
6,23,43
6,11,2
5,10,3
6,26,4
665,149,19
6,6,1
6,7,350
5,15,16
6,3,31
6,23,21
5,3,22
5,2,5
5,1,5
5,16,5
5,8,3
5,1,4
5,11,23
5,28,4
506,12,6
5,30,32
6,2,4
5,11,5
6,4,3
6,1,41
5,670,4
5,13,48
549,14,3
5,23,19
6,29,17
5,22,6
5,12,24
5,15,3
5,22,5
6,6,4
510,1,12
6,11,5
6,22,2
5,6,3
6,9,16
6,1,1
6,1,4
5,44,2
6,112,3
5,7,2
5,2,4
623,20,3
6,22,4
5,61,15
5,247,18
6,2,16
6,2,47
5,3,1
6,22,2
5,10,5
5,2,24
6,12,3
5,29,20
5,7,11
6,1,5
5,18,4
6,2,3
6,277,4
5,25,21
5,24,2
5,8,5
5,1,31
5,2,40
539,23,32
5,8,4
5,26,2
6,18,45
640,19,5
6,26,464
5,2,4
657,20,3
6,7,24
5,804,7
5,34,1
5,10,5
5,30,15
6,17,409
6,29,3
6,26,4
5,1,46
6,26,3
6,9,18
668,18,5
5,15,1
6,3,42
6,1,33
651,3,14
6,3,17
5,207,5
6,1,14
6,16,11
5,1,15
5,2,2
5,6,23
5,23,4
540,27,11
5,22,47
5,2,1
63,13,5
6,2,2
6,23,4
506,19,33
5,253,2
6,4,4
6,22,4
6,16,32
6,2,4
6,28,13
6,8,9
5,106,3
6,2,22
5,2,20
5,5,34
647,16,12
5,24,4
5,2,5
6,3,3
5,5,3
5,32,8
593,1,5
5,1,9
6,13,2
6,14,49
5,4,13
5,23,3
57,20,43
5,3,5
5,18,524
5,1,1
6,14,1
6,21,38
5,20,4
5,25,4
5,23,24
6,1,4
6,7,16
6,2,5
6,32,1
642,2,8
5,19,23
5,10,2
6,5,43
5,2,10
5,1,9
5,20,14
5,315,5
5,6,4
5,22,1
5,3,5
5,11,4
5,2,1
698,2,43
5,3,4
6,3,23
570,60,3
6,6,1
6,19,3
5,1,4
5,12,41
6,14,4
5,2,1
5,25,35
6,12,45
6,2,327
6,3,758
5,11,4
5,10,23
6,13,27
6,37,36
5,19,4
6,1,3
5,27,5
6,2,22
6,14,5
6,10,2
625,17,2
6,10,3
5,23,24
6,24,31
6,30,5
6,2,327
6,13,46
520,3,5
6,896,22
6,11,38
6,2,4
5,32,1
5,12,17
5,3,27
6,30,1
6,4,5
6,2,25
605,22,44
5,24,73
5,7,30
5,20,10
6,3,3
5,29,22
6,1,20
6,12,4
5,8,6
68,2,8
6,8,3
5,22,5
6,15,5
6,30,17
5,10,24
563,6,2
6,9,17
6,2,7
6,1,27
585,122,22
6,2,11
5,231,39
696,42,38
5,1,14
5,21,474
6,305,4
6,3,32
52,12,8
5,4,3
5,2,4
5,20,209
6,18,6
6,26,4
5,2,10
6,31,5
5,21,8
6,29,11
6,1,39
6,30,36
6,3,27
6,2,1
5,4,43
6,2,451
6,3,8
6,14,17
6,24,290
696,24,23
6,2,4
5,15,14
6,1,9
5,6,46
5,3,15
6,3,25
6,225,39
5,11,9
5,9,472
6,16,3
662,22,13
5,1,2
5,2,45
5,9,8
6,22,10
6,58,8
5,33,4
6,21,20
6,12,1
551,17,4
5,2,380
5,35,5
6,17,3
5,28,4
6,2,13
5,15,25
6,4,4
536,24,17
5,1,22
6,2,5
6,31,1
5,25,33
667,9,40
6,43,55
5,3,49
5,29,2
5,23,9
589,24,23
6,12,299
5,255,23
6,13,3
6,20,4
6,2,21
5,2,18
5,3,3
603,23,4
5,1,5
5,30,49
5,23,2
661,10,5
5,25,3
6,5,1
635,14,2
680,2,47
6,24,22
6,3,4
643,23,5
5,33,14
5,31,5
6,14,18
556,14,5
6,1,4
6,9,7
5,23,3
6,1,39
6,2,15
6,3,5
5,2,4
6,2,5
5,23,29
6,16,46
5,52,38
6,3,21
5,29,16
6,13,19
6,11,4
6,9,11
5,1,4
5,8,35
6,18,26
5,384,2
6,29,16
5,16,2
5,13,8
6,50,5
5,3,44
5,256,17
5,824,39
5,2,49
6,16,551
5,17,5
5,8,4
6,13,2
6,16,3
5,1,13
6,12,5
5,16,15
5,13,1
5,1,3
5,45,5
6,2,444
673,18,21
6,15,12
6,19,1
6,3,370
5,20,5
571,13,20
5,18,41
5,9,3
6,21,4
5,1,4
5,10,4
6,2,12
6,7,2
6,16,42
5,3,54
6,1,3
6,10,10
667,5,6
5,795,5
5,31,21
5,25,4
5,23,36
6,2,53
634,9,1
5,794,2
6,4,23
5,27,17
668,3,1
6,2,5
680,3,5
5,3,39
6,2,17
6,18,12
5,23,3
5,1,11
5,23,3
5,13,41
5,1,4
509,16,11
5,2,9
6,1,5
6,18,284
6,779,19
5,1,23
5,303,16
6,31,41
6,1,3
6,2,3
5,3,954
5,19,4
5,6,2
686,6,35
6,4,12
6,3,3
6,1,36
5,2,5
5,28,4
6,7,5
5,23,39
6,2,10
5,22,28
6,22,11
6,32,4
6,24,26
5,2,50
676,2,18
605,23,28
6,25,2
5,20,4
5,6,454
6,28,1
6,5,5
5,29,5
6,15,16
682,11,38
595,3,5
5,10,21
5,18,46
6,27,48
5,2,4
577,3,55
6,1,8
5,6,40
6,6,3
5,24,347
6,1,49
6,2,5
6,20,14
6,3,3
5,27,31
5,2,17
5,17,2
6,12,4
6,22,12
6,2,6
5,1,21
5,9,3
6,2,7
6,2,5
5,26,5
5,2,287
667,20,4
5,23,528
6,30,5
6,20,3
6,1,11
5,4,41
6,22,5
5,7,5
672,3,6
5,2,38
6,31,20
6,14,2
5,9,3
600,17,3
5,3,14
6,17,13
5,21,25
5,2,7
5,2,3
6,20,18
6,31,22
5,1,3
541,8,13
5,2,4
6,2,2
5,20,5
5,26,7
5,3,4
6,4,5
5,145,45
645,22,35
6,20,5
6,2,4
6,49,1
6,3,404
6,20,16
5,22,32
523,13,5
6,17,4
5,24,4
6,17,2
5,4,1
5,2,16
6,19,22
5,2,2
6,2,1
6,59,441
644,19,4
5,23,3
5,1,5
5,22,13
5,17,24
6,3,2
6,9,3
5,1,3
6,26,33
6,17,39
6,23,17
5,27,20
5,3,5
6,2,4
598,9,10
5,18,44
609,11,4
6,17,4
5,3,2
6,8,12
6,19,4
638,2,49
6,9,4
6,16,40
5,32,2
5,8,1
513,889,46
575,1,4
6,7,14
5,3,17
6,55,47
5,3,10
6,29,398
5,21,501
5,1,42
5,7,374
6,2,21
5,11,305
5,7,22
5,18,42
5,2,45
602,25,5
639,2,9
5,28,29
561,3,3
6,20,2
6,14,6
5,9,15
5,40,5
6,18,5
6,16,1
6,16,38
6,22,22
5,1,4
6,3,7
6,251,3
658,41,5
5,3,6
6,2,6
6,2,6
5,11,47
590,179,4
583,3,5
6,10,15
6,9,10
5,6,5
5,2,13
5,10,506
6,24,3
6,2,10
5,14,10
612,10,3
5,22,3
6,11,5
5,3,26
5,12,435
5,19,11
5,20,47
5,28,4
6,16,30
5,24,4
6,10,2
6,22,4
5,18,3
680,19,27
6,1,509
6,14,28
6,3,24
6,29,48
6,19,12
6,13,17
6,23,454
5,2,6
655,27,51
6,10,3
5,15,5
6,20,8
6,28,4
6,7,339
5,26,4
5,14,19
6,1,2
6,24,29
6,7,23
5,179,2
5,32,4
6,4,33
5,30,27
5,30,5
6,3,5
5,8,2
6,30,24
6,2,11
6,27,15
5,273,3
5,1,5
616,33,514
6,21,23
5,2,11
5,29,44
5,1,46
605,2,40
6,20,16
5,4,55
6,23,24
5,4,4
5,317,2
6,8,6
6,2,5
62,7,15
6,1,5
6,3,515
6,2,1
6,13,4
6,14,35
6,4,2
5,23,3
543,29,21
5,3,6
5,2,19
5,16,516
6,3,4
6,41,4
6,1,8
6,14,5
5,2,8
5,4,5
680,24,71
5,6,3
5,31,30
5,3,26
6,8,27
5,2,31
5,1,4
6,16,49
6,27,13
6,3,4
5,1,17
6,2,28
5,31,5
6,2,25
6,14,4
6,2,7
5,2,5
6,13,388
5,6,4
6,25,18
5,13,2
5,28,35
6,15,34
6,16,5
5,25,49
526,6,25
564,14,4
537,21,31
6,1,31
5,884,5
6,4,5
6,20,24
6,784,36
6,3,4
610,8,14
5,3,4
5,35,12
649,3,37
6,327,2
6,20,17
5,9,49
5,16,49
5,30,7
5,1,12
6,3,37
5,17,38
5,23,3
6,25,40
6,2,45
5,20,34
6,1,3
6,15,7
6,23,5
591,22,23
6,1,5
6,9,51
6,48,14
6,105,4
5,3,1
5,16,18
5,7,34
5,2,18
6,32,3
6,6,19
6,21,34
5,1,973
6,15,14
59,17,33
6,2,4
5,3,22
686,10,16
5,1,5
6,8,4
5,2,5
6,25,47
5,22,1
5,24,41
6,10,13
6,1,4
6,9,49
5,3,2
5,2,4
5,19,319
6,8,22
6,900,520
6,22,7
6,2,1
5,29,2
615,23,5
6,2,11
630,24,3
6,5,32
5,1,2
5,11,4
514,2,15
5,13,4
6,15,2
6,20,28
6,29,33
6,22,6
6,27,3
6,7,24
6,18,1
5,21,21
6,21,4
6,30,4
6,8,5
5,12,22
5,23,23
6,1,3
6,21,12
5,2,25
5,1,31
6,30,4
6,2,20
5,1,8
6,2,2
6,8,11
5,3,544
6,3,46
690,22,3
6,26,2
5,38,3
5,14,4
6,6,18
5,17,21
6,9,5
6,1,5
6,59,5
5,10,471
5,10,2
5,21,15
5,3,413
5,5,3
5,20,1
6,13,291
5,2,3
5,2,197
5,8,43
5,17,44
578,26,5
557,27,3
5,1,5
6,32,5
5,20,48
6,29,225
6,387,3
6,13,3
6,11,6
5,23,5
5,2,4
5,3,7
5,2,5
5,25,6
5,24,5
56,16,19
6,18,14
5,1,5
6,37,7
696,58,506
5,18,14
5,2,8
6,3,3
6,46,5
6,8,46
5,12,2
6,5,44
658,27,4
6,45,21
6,12,17
6,25,4
6,17,1
5,23,17
5,3,3
6,16,37
6,5,5
6,51,45
5,2,1
5,26,18
6,11,3
5,2,1
6,8,56
6,1,45
5,22,2
6,13,3
6,275,4
5,10,44
5,805,26
6,24,1
6,9,12
6,29,10
5,28,45
6,11,68
5,28,3
5,29,3
6,8,29
6,19,3
5,12,5
660,349,5
5,10,46
5,17,20
5,18,12
6,22,3
5,26,46
5,16,11
5,4,14
6,21,2
5,8,2
6,2,27
6,24,5
5,2,1
5,2,2
6,32,3
5,24,5
6,4,4
5,13,4
663,4,34
6,2,42
6,13,16
5,2,2
6,24,17
5,11,3
6,2,16
5,19,1
6,22,3
6,2,4
5,16,22
6,23,953
5,22,4
6,10,5
5,26,1
5,27,453
6,8,17
6,25,4
6,3,7
5,443,42
6,35,5
632,774,8
6,2,14
6,18,275
5,28,18
6,16,619
5,3,1
6,8,11
5,23,3
5,7,5
5,1,1
5,10,20
5,33,42
6,308,3
6,1,832
678,30,5
5,11,3
6,20,44
6,10,16
616,124,4
5,19,31
6,1,2
620,28,2
5,27,5
6,3,45
6,3,46
6,10,2
5,20,17
5,20,2
5,21,3
6,16,1
6,14,21
6,2,402
6,964,29
5,6,8
542,5,2
5,2,30
5,2,2
677,10,1
6,11,21
6,16,2
6,4,9
5,16,4
614,11,2
6,18,3
6,8,5
5,20,1
509,16,19
5,10,3
6,12,3
5,31,1
6,3,22
6,70,32
6,20,567
6,2,471
6,16,45
6,6,4
6,2,17
5,16,14
6,21,3
5,25,4
6,2,3
566,32,5
52,24,10
6,1,38
6,6,35
5,27,11
6,13,5
6,6,5
58,17,4
6,9,3
6,9,2
5,32,29
6,20,5
5,9,16
548,26,336
6,13,7
669,4,5
5,21,14
6,833,5
6,23,4
5,16,26
5,6,1
6,25,9
5,3,18
6,1,41
6,13,2
6,7,4
5,22,36
6,14,3
517,23,4
6,5,16
5,28,21
5,24,2
6,2,18
6,2,5
6,2,43
5,9,47
5,15,43
508,6,3
5,22,34
6,15,4
5,9,5
636,28,2
583,1,29
5,8,10
5,1,3
5,17,21
5,14,3
6,17,46
6,21,23
5,2,22
6,42,2
6,9,43
5,21,23
517,26,32
6,2,2
6,13,34
6,6,40
6,2,5
6,5,14
6,24,23
6,1,43
5,13,37
5,786,23
5,26,40
5,20,10
683,29,4
6,15,3
6,304,3
6,24,498
5,29,2
6,9,4
5,1,5
5,3,12
5,3,4
5,32,4
5,3,30
5,41,3
5,15,3
5,6,5
610,2,3
6,956,432
5,21,59
6,15,4
6,3,2
5,3,32
6,12,2
6,2,5
6,31,4
5,24,29
5,32,4
6,6,459
6,20,29
6,3,792
5,36,2
6,23,4
558,1,18
6,11,10
6,8,3
6,47,2
5,26,8
6,2,4
6,17,465
5,2,17
5,21,24
6,11,5
6,103,48
6,266,4
6,21,5
5,3,5
6,21,46
6,2,12
5,16,40
5,2,1
6,31,4
6,16,4
6,9,4
6,2,2
6,17,49
6,2,1
6,9,24
5,213,26
5,7,3
6,33,36
5,10,49
6,17,5
6,11,3
6,23,43
5,2,342
6,19,17
6,27,24
5,2,4
5,8,28
507,11,46
5,15,19
545,13,4
6,15,17
6,30,3
5,33,14
5,6,46
5,28,1
5,6,46
6,9,49
5,13,19
5,2,36
5,19,4
6,1,28
6,7,5
5,1,20
5,11,4
5,11,5
5,1,26
6,40,3
6,11,36
5,2,5
5,292,5
5,20,2
5,24,10
5,4,5
6,7,33
550,1,286
5,2,3
5,31,17
6,17,2
6,21,5
5,16,348
6,1,47
6,23,36
6,13,32
6,11,23
6,457,39
5,16,2
6,2,11
5,9,4
629,281,2
6,15,5
5,14,5
570,41,5
6,24,18
5,8,2
6,2,5
5,3,5
6,23,19
672,13,12
6,7,5
5,7,19
545,24,5
6,30,17
6,7,2
5,18,20
67,7,5
558,31,24
5,7,28
5,22,10
5,21,10
6,55,2
640,2,720
5,51,6
514,14,1
5,2,433
5,34,5
6,2,43
5,18,44
6,26,3
5,21,4
6,30,2
6,1,4
617,22,3
6,12,45
6,2,4
6,17,5
5,9,46
6,3,3
5,3,9
6,15,3
5,11,3
5,15,3
5,22,300
6,12,5
6,13,4
5,2,53
6,27,44
6,20,22
5,17,1
5,17,34
5,3,44
5,11,20
6,1,4
6,12,36
5,19,7
686,6,35
6,11,12
5,1,29
5,30,5
5,980,36
6,3,46
5,19,14
5,4,2
5,19,1
5,10,5
6,1,14
6,30,55
588,3,4
6,2,7
5,15,14
5,30,42
5,2,3
5,16,3
6,12,4
5,13,45
598,2,38
5,177,25
6,2,7
6,7,19
5,2,4
5,33,3
5,15,4
5,23,21
6,44,26
6,22,12
6,8,5
636,23,4
5,27,43
6,6,39
5,19,4
5,18,5
6,1,452
5,25,5
6,6,15
6,20,2
5,18,26
5,7,41
5,9,4
6,3,548
5,11,7
6,3,30
6,15,8
5,11,19
6,2,4
6,11,4
6,1,39
5,2,23
5,25,10
5,1,49
6,9,33
6,10,19
5,9,1
6,3,34
5,18,17
6,14,1
6,276,8
6,9,4
534,2,15
6,21,23
18,45,7
8,434,8
2,4,5
12,27,8
29,3,9
6,12,9
40,3,6
5,4,7
425,4,6
5,41,6
46,4,45
3,17,9
9,11,8
5,2,8
4,534,49
2,13,5
5,1,8
39,3,9
12,29,8
33,5,9
7,1,5
256,13,434
6,24,617
6,3,9
3,12,956
16,31,5
40,39,9
6,14,8
6,19,827
46,2,5
3,3,9
7,36,5
7,4,9
6,2,8
5,17,9
23,5,7
3,2,6
3,3,7
7,285,5
7,538,9
31,38,4
25,5,9
12,23,6
35,21,5
7,4,9
404,13,6
41,3,8
5,2,4
4,5,8
28,5,8
2,15,771
4,40,7
32,14,5
3,462,925
7,3,827
543,31,9
3,358,5
48,2,49
16,2,6
7,2,6
6,15,9
5,19,7
24,47,5
25,13,580
49,4,7
492,443,6
47,4,450
4,25,9
15,34,6
2,27,6
2,14,5
6,38,8
5,40,6
10,5,9
6,2,7
28,2,4
4,4,9
4,5,9
1,3,46
24,12,9
728,42,5
23,28,8
7,5,5
15,37,6
46,4,89
38,5,5
5,3,7
5,5,7
6,28,8
7,42,7
14,17,9
32,21,5
41,33,8
29,11,509
3,525,5
5,19,6
37,17,9
736,23,7
33,49,6
785,2,43
5,43,9
1,2,572
7,2,5
5,1,953
4,25,5
7,17,9
29,446,8
4,5,6
4,3,7
8,5,4
731,1,8
43,1,7
42,1,5
5,4,8
44,36,8
7,5,47
5,5,5
8,35,742
3,25,6
6,1,8
6,33,960
6,46,5
17,2,9
3,4,9
3,43,7
8,5,877
18,2,5
458,2,5
11,2,8
11,5,8
55,31,5
5,4,7
5,2,8
5,5,5
6,5,923
564,4,6
45,4,857
32,28,4
22,1,918
18,27,7
7,4,8
7,1,9
7,47,9
375,3,9
555,30,7
5,2,5
5,3,4
5,21,6
36,3,9
2,11,5
12,26,8
7,4,5
10,3,5
5,4,8
6,40,6
2,37,7
10,5,5
19,4,6
36,23,7
6,2,5
37,5,7
6,24,5
20,1,9
5,22,8
3,4,933
5,4,5
5,20,7
6,43,8
32,2,8
4,18,45
6,354,6
6,4,5
1,2,5
337,471,9
5,2,6
9,4,6
2,3,4
9,434,5
4,36,5
182,2,44
14,49,6
3,14,8
6,5,5
5,4,8
21,44,7
6,2,9
3,13,46
6,2,7
1,24,9
432,19,9
3,1,5
47,3,5
2,3,6
4,16,5
3,32,7
386,21,5
29,5,7
6,4,5
1,2,7
5,46,6
49,3,9
7,28,7
51,3,9
5,45,5
44,27,567
21,43,7
626,3,9
7,11,7
0,22,5
6,46,7
4,3,5
10,2,8
19,30,7
35,24,776
16,29,6
9,4,5
6,49,6
28,5,934
6,2,9
9,23,8
4,46,791
17,49,8
5,29,8
26,24,6
17,36,8
39,2,6
6,5,5
7,47,9
6,5,8
6,3,6
62,4,4
6,42,10
35,2,6
4,20,8
38,38,48
19,301,9
25,15,9
136,5,7
2,4,9
3,15,7
14,12,4
20,19,592
1,21,5
5,29,4
3,11,5
4,1,5
5,42,8
8,27,7
13,5,6
6,27,9
15,30,9
597,11,7
4,36,7
6,3,7
38,11,8
3,18,875
811,12,6
30,22,7
25,2,46
3,4,46
20,34,6
5,4,8
7,431,9
5,549,8
49,5,4
3,20,5
10,218,9
4,12,6
6,3,5
16,5,7
5,2,8
41,501,6
1,21,8
7,5,9
49,20,8
6,23,9
5,5,8
4,1,7
3,5,9
5,37,8
22,5,9
37,32,8
2,3,7
45,44,5
5,3,8
6,16,7
3,5,9
14,36,762
6,33,6
10,48,9
39,43,5
141,375,7
3,182,9
7,19,6
23,489,9
5,19,885
2,2,7
133,46,4
17,243,7
4,3,901
5,25,9
6,5,709
43,314,4
3,3,47
710,5,5
24,36,7
626,15,5
3,16,9
714,3,5
6,1,8
7,25,4
4,46,6
11,2,9
17,3,8
8,12,8
2,3,6
21,26,6
5,4,7
6,1,6
48,17,9
5,29,6
65,38,5
5,3,8
5,288,6
6,423,7
7,30,786
31,14,7
5,480,9
4,3,8
4,3,9
6,23,5
12,32,8
11,3,5
6,33,7
7,46,9
7,38,5
14,4,8
5,16,999
22,49,9
5,4,6
13,35,7
3,38,7
46,42,7
5,26,7
7,359,7
8,49,6
24,17,9
53,5,5
30,3,9
6,47,8
24,15,6
2,19,534
1,4,9
49,24,6
36,4,47
13,5,9
5,45,8
24,26,4
526,3,9
24,16,9
1,5,8
28,3,7
534,48,7
6,38,6
4,43,5
7,48,6
15,2,9
5,14,9
3,476,7
38,14,5
3,1,9
1,12,6
19,3,46
5,1,7
7,49,7
21,26,9
628,47,7
6,54,6
36,2,7
6,5,4
6,5,960
4,22,5
6,47,8
2,15,7
5,5,6
7,47,903
287,5,7
6,2,5
5,26,6
27,43,45
2,16,9
12,1,777
6,43,6
14,43,8
5,14,9
9,17,6
12,25,909
5,22,898
6,13,6
1,4,47
47,16,6
5,17,7
8,43,9
6,45,6
7,1,8
4,1,8
4,3,701
47,21,8
3,47,706
20,41,9
48,18,8
5,45,7
16,11,5
4,28,5
40,21,45
4,22,7
5,4,638
5,3,49
41,41,7
3,15,6
28,28,9
1,5,7
4,12,4
6,13,6
2,4,6
5,32,8
49,30,8
1,22,526
7,21,880
19,5,6
7,30,7
37,4,8
1,4,6
20,4,9
43,3,9
27,1,5
5,26,7
5,5,7
11,48,7
9,5,747
5,2,8
21,3,9
673,4,5
22,34,8
3,31,7
15,5,5
5,252,7
44,4,8
11,4,611
5,2,8
23,4,5
6,11,5
6,43,9
4,44,6
39,3,5
4,35,6
22,5,5
20,302,6
6,13,9
7,16,6
9,5,4
7,2,8
5,34,9
39,33,7
16,3,672
2,1,8
41,11,7
6,23,8
14,5,5
40,1,5
3,4,8
24,20,4
5,13,49
40,2,6
3,4,6
5,13,9
43,5,825
42,504,5
4,26,778
866,38,4
6,22,8
6,15,7
5,4,478
2,30,9
6,26,530
22,2,46
27,4,9
3,17,7
426,2,7
568,317,8
44,25,7
5,2,5
4,48,5
49,30,8
3,16,4
16,36,6
40,42,5
6,3,4
6,12,431
5,2,9
1,40,5
6,30,8
2,37,5
39,1,9
2,5,6
4,23,4
6,24,469
41,2,7
7,30,69
5,33,9
28,3,7
1,5,8
23,4,5
14,2,6
643,22,7
6,15,7
3,12,628
7,4,540
22,36,8
5,2,6
9,19,852
15,16,6
34,1,5
609,40,79
38,4,8
44,12,8
5,22,7
5,293,9
6,5,8
4,2,5
4,16,9
6,541,8
6,27,6
5,23,5
4,1,4
46,30,6
4,42,6
5,12,7
3,29,9
5,45,9
44,20,9
2,21,9
17,528,5
24,4,8
3,49,7
28,39,9
7,3,7
5,49,8
3,14,9
6,12,5
33,5,7
8,45,8
6,14,9
24,5,8
6,5,9
5,2,937
5,3,7
682,15,5
18,14,7
3,31,4
305,31,5
8,27,7
11,4,5
5,20,534
27,3,9
1,49,9
20,4,4
20,2,493
22,4,7
32,4,6
3,31,8
24,17,6
42,40,8
594,2,5
4,46,5
6,2,7
8,4,6
5,2,9
9,5,6
23,2,6
7,4,8
6,27,9
15,3,7
4,4,875
37,5,4
34,2,7
7,18,6
2,18,7
5,26,5
38,4,445
25,5,45
2,5,4
44,4,9
32,2,6
20,42,6
3,22,6
36,15,4
31,5,5
5,3,5
45,3,5
2,3,7
26,2,7
43,4,7
13,3,7
45,3,9
5,4,6
61,3,7
6,3,5
5,5,6
6,2,7
5,4,901
2,19,9
5,19,7
6,47,694
3,34,8
2,16,9
5,196,7
5,49,6
5,17,794
11,27,8
1,14,8
47,4,5
6,5,8
8,2,7
20,3,5
4,11,7
12,36,8
49,358,6
4,37,6
7,26,9
5,19,7
18,1,6
6,1,7
39,4,45
3,4,6
6,37,8
18,40,5
13,2,6
8,41,9
41,4,7
5,3,7
6,49,9
4,3,4
6,325,730
3,5,4
5,4,6
26,29,693
41,1,8
7,3,6
31,31,677
5,4,9
15,27,5
8,19,6
5,4,8
5,3,864
494,41,6
3,5,6
6,1,5
3,5,6
6,4,8
39,13,43
5,35,892
7,48,9
5,266,6
31,4,733
4,48,863
4,37,6
38,21,8
29,27,8
40,4,6
7,20,6
41,35,7
49,5,5
7,49,9
8,27,4
6,19,9
4,4,7
7,1,45
10,1,7
3,22,8
2,4,9
3,22,7
6,4,8
4,2,8
13,3,683
5,5,4
3,13,8
12,42,7
6,11,7
5,2,8
39,35,6
22,3,6
35,5,5
16,42,7
715,5,7
1,29,7
6,15,5
8,13,8
6,48,6
6,14,6
27,3,907
4,39,852
4,2,9
8,16,9
7,16,6
2,4,8
27,11,5
7,2,6
1,48,5
3,4,8
8,3,4
19,1,9
5,4,8
15,4,8
6,34,7
6,374,5
3,47,813
3,43,4
16,2,971
9,1,8
597,30,9
6,17,6
5,2,5
3,15,49
4,5,7
2,18,8
7,48,7
5,3,6
16,24,5
4,3,4
3,4,5
6,3,9
36,36,6
4,40,46
5,17,587
7,16,5
31,42,9
6,2,44
6,26,8
833,3,45
9,3,9
17,44,6
7,42,9
22,3,9
7,18,43
46,22,60
34,2,6
23,5,839
22,3,8
42,3,9
21,17,7
2,18,8
46,4,6
22,47,7
6,2,6
42,31,8
3,3,602
26,4,5
11,29,4
39,39,8
47,3,706
6,3,7
41,365,8
5,2,7
3,26,6
3,38,8
2,1,671
563,2,5
4,2,758
33,3,4
31,3,5
5,28,44
33,29,9
9,25,541
6,20,6
6,5,4
6,23,5
35,1,47
2,31,7
23,38,604
1,4,9
5,40,7
35,3,7
6,14,5
34,2,5
35,268,5
33,4,6
8,1,5
14,2,6
6,30,4
7,37,754
3,15,9
29,2,7
2,16,8
6,3,4
4,4,6
23,4,9
4,42,7
608,35,5
329,5,8
48,44,7
42,3,8
3,21,9
49,3,5
11,5,903
3,12,7
41,5,8
5,5,5
14,3,45
36,34,8
23,11,45
39,3,5
3,47,48
5,44,5
6,29,7
6,4,677
39,42,650
15,44,924
605,4,8
35,2,7
5,25,8
9,4,8
5,3,5
23,5,4
6,4,8
6,20,45
652,1,876
7,40,45
10,3,4
5,22,6
12,3,8
25,13,7
4,3,49
567,35,4
540,17,9
6,16,6
6,25,693
634,4,5
8,1,5
9,488,5
2,3,5
21,38,7
6,21,7
28,493,743
37,5,4
7,25,9
4,3,4
5,29,8
2,38,8
1,498,801
299,44,49
29,3,6
5,5,9
6,1,5
7,4,8
51,35,5
12,18,7
24,4,9
6,26,9
3,15,7
5,2,565
20,4,4
5,3,864
35,3,8
3,4,4
6,27,7
14,1,5
31,17,7
37,4,7
5,15,9
2,430,5
4,47,9
35,1,6
5,36,916
6,21,985
2,42,4
43,42,7
4,4,5
5,37,682
16,40,775
6,19,9
3,31,533
6,41,5
5,41,9
6,35,8
6,13,7
3,5,6
5,2,7
5,3,6
5,553,45
695,20,92
10,17,45
11,14,45
31,12,7
6,15,5
716,1,9
1,5,6
46,16,7
15,4,8
5,2,43
25,3,6
6,11,8
6,38,9
3,32,7
2,1,8
4,20,5
6,5,8
5,3,7
33,2,6
3,30,6
1,22,4
21,49,6
6,517,7
6,24,52
4,16,4
6,3,820
3,16,9
1,49,6
6,3,5
18,33,4
5,26,43
12,5,49
16,3,9
1,21,6
7,49,9
18,4,6
4,4,8
4,4,4
4,39,6
4,17,4
11,2,6
7,33,9
13,38,9
8,5,6
11,4,8
6,5,6
3,5,8
667,536,7
3,15,6
19,16,8
228,45,8
34,21,8
6,3,6
35,5,5
3,5,4
12,4,8
23,33,9
31,5,8
3,36,5
31,38,6
24,15,6
5,3,4
4,49,5
13,4,9
12,4,6
4,4,6
15,27,5
247,2,7
16,23,7
6,20,6
5,3,6
34,22,8
3,40,43
2,15,8
3,14,9
14,21,45
1,16,8
5,5,5
12,31,5
3,4,7
5,32,8
1,3,8
19,20,47
4,32,9
34,4,7
2,4,8
6,24,47
3,12,9
3,5,8
5,1,5
44,3,5
297,3,5
3,3,42
14,5,5
6,13,43
21,5,703
2,23,9
1,2,7
52,5,6
286,1,8
4,3,8
5,4,5
6,46,5
6,18,7
3,479,5
18,1,8
22,35,6
3,5,8
804,44,461
5,17,7
4,27,46
14,45,7
38,31,43
3,1,9
336,28,5
27,41,834
5,5,6
7,1,5
11,412,6
11,38,7
4,39,9
13,39,7
6,3,5
5,40,8
6,2,7
18,5,9
12,2,6
10,42,7
583,2,6
1,37,5
5,2,44
7,1,7
42,4,5
5,4,6
9,15,7
18,26,7
371,45,6
3,12,8
6,46,968
45,41,4
2,22,443
33,2,9
11,22,5
272,46,4
8,18,7
3,37,8
7,33,5
5,3,5
39,29,8
7,4,45
23,4,9
7,43,945
3,38,8
2,43,7
6,45,938
17,37,5
7,26,7
9,5,8
23,41,8
3,540,6
39,34,5
1,2,9
5,4,4
2,4,5
7,151,9
6,49,6
12,3,6
49,2,6
34,5,4
688,3,6
175,13,53
2,5,9
20,16,4
24,5,7
505,39,9
2,17,9
3,3,8
36,3,7
6,48,8
1,33,5
32,39,8
8,16,9
409,13,5
2,4,807
1,1,9
6,35,999
6,2,5
6,4,5
6,19,582
4,2,635
6,5,9
7,3,6
6,41,49
5,3,6
6,5,4
27,21,47
7,4,4
2,17,43
35,3,4
13,20,5
24,2,9
1,5,44
7,4,8
6,2,529
34,20,5
16,2,7
30,1,5
18,5,612
29,30,6
3,5,6
236,2,5
5,25,7
2,4,570
3,3,9
19,3,5
5,14,48
3,24,43
3,15,8
7,1,9
10,3,7
6,1,46
5,3,9
44,4,5
5,36,4
2,3,8
23,5,5
33,1,7
6,49,7
6,3,6
7,4,5
9,4,5
33,555,7
36,4,6
35,527,8
8,25,5
3,5,9
4,1,5
1,32,6
39,5,4
24,4,9
678,4,7
5,20,6
3,3,7
7,4,4
17,250,9
49,40,907
24,4,8
4,25,4
7,12,9
46,42,815
431,30,5
6,15,651
15,441,8
6,4,5
29,14,6
18,3,7
1,4,5
2,28,43
11,12,8
31,16,7
2,4,5
3,15,7
3,3,7
7,2,8
2,13,7
8,19,4
59,3,7
4,43,44
7,48,6
6,4,7
15,3,9
5,23,7
474,2,6
6,21,8
5,17,8
6,20,807
2,4,8
5,5,6
6,5,7
7,2,7
551,15,7
3,2,8
5,3,7
44,416,8
2,3,7
32,19,7
70,2,9
7,230,7
26,4,6
5,32,49
2,20,886
12,29,8
7,38,6
917,45,7
29,4,5
1,3,7
7,1,4
2,4,7
27,2,7
5,37,5
6,514,6
2,41,9
34,5,485
5,47,9
1,11,6
35,3,7
21,45,6
6,335,7
5,3,5
6,41,990
6,22,5
41,5,5
20,21,8
14,5,9
3,40,8
5,19,6
10,48,9
3,3,84
3,5,6
5,23,6
6,4,6
5,3,9
2,2,8
4,49,6
20,30,9
4,5,5
33,3,5
5,1,7
5,39,45
40,23,45
5,14,474
2,4,9
42,4,7
4,1,760
6,3,7
35,13,7
6,42,7
574,3,8
6,5,8
7,14,9
2,24,5
5,24,7
461,2,6
625,1,9
20,43,5
1,2,8
11,2,8
4,5,7
7,5,7
1,22,7
6,28,4
44,4,6
28,15,7
5,15,4
49,31,8
33,2,6
2,20,8
5,37,4
5,2,764
2,24,827
42,14,8
6,5,7
8,2,8
57,21,9
25,49,589
37,48,9
6,14,6
12,16,5
6,2,8
35,5,6
258,36,7
15,13,9
5,30,8
7,5,9
5,31,6
214,4,6
2,42,6
27,3,9
5,3,921
12,2,8
1,4,8
1,40,4
4,40,567
4,1,8
47,23,9
12,28,48
442,20,8
4,24,6
6,45,9
4,2,5
6,3,9
21,5,5
28,44,8
11,4,7
7,35,48
6,5,6
7,29,909
5,5,4
6,3,6
3,5,5
3,28,43
9,11,7
38,3,9
5,44,6
44,3,4
5,11,66
17,26,9
2,4,8
5,33,9
43,5,7
14,17,7
21,5,7
5,48,5
3,36,5
5,24,435
32,4,7
6,17,8
5,5,922
21,1,6
13,4,5
895,533,5
7,16,47
20,4,44
6,36,8
2,2,8
567,4,7
5,22,7
53,1,6
7,3,7
6,44,9
28,4,6
1,32,8
40,2,5
35,3,7
3,3,7
7,34,9
1,1,6
41,22,9
6,14,6
15,14,9
1,2,6
15,5,6
43,36,42
29,5,8
11,15,5
7,4,9
2,4,5
35,4,539
725,5,48
66,17,5
25,5,6
6,49,7
21,17,9
31,29,7
3,48,6
3,5,67
6,5,7
1,22,7
37,30,6
18,1,8
6,27,5
3,13,5
6,4,9
4,15,5
19,5,9
6,2,7
5,12,6
4,5,8
668,15,5
13,3,8
5,3,8
5,26,5
30,2,8
2,4,973
5,5,6
3,2,9
4,4,8
5,1,8
3,3,6
6,1,6
7,15,6
27,4,796
573,2,6
4,41,9
3,12,5
10,2,7
5,4,86
7,13,7
6,3,9
4,1,8
27,2,8
5,1,6
6,35,6
38,3,92
20,43,7
6,40,9
5,2,5
5,3,4
5,14,654
48,39,672
41,2,4
14,28,737
42,2,5
19,39,4
41,3,5
48,45,47
621,1,9
5,23,9
7,28,6
19,46,8
6,399,6
4,4,7
6,30,8
28,4,46
426,5,7
5,39,589
4,3,4
7,12,9
48,48,739
5,2,6
2,4,8
6,5,5
18,22,43
686,12,8
4,37,4
5,2,5
6,32,6
7,20,8
16,19,5
6,1,8
6,2,5
34,26,9
14,4,574
47,55,863
29,2,46
3,12,9
6,14,986
6,5,4
16,32,4
48,4,5
6,27,6
2,4,553
730,16,9
2,5,907
3,5,7
42,2,5
5,33,6
14,3,8
6,5,8
2,12,6
8,13,9
7,46,6
48,14,43
1,1,5
4,1,74
6,4,5
47,24,9
425,5,7
6,16,9
28,12,9
39,2,4
6,4,5
10,4,7
2,3,7
5,23,6
19,3,9
47,46,9
5,1,6
6,4,8
7,46,4
3,12,7
3,43,8
2,40,8
5,43,8
7,3,811
5,2,9
5,127,9
633,3,5
5,5,9
31,5,6
32,3,9
7,3,8
10,36,43
12,3,6
19,476,7
4,16,9
5,15,45
4,2,4
10,13,7
6,3,6
1,4,9
7,1,8
7,44,4
11,4,8
607,3,6
6,41,735
25,32,7
1,268,7
3,1,9
15,1,9
6,16,8
4,3,6
19,3,9
7,37,7
710,4,46
38,2,9
39,42,4
29,2,9
31,17,6
3,37,9
551,4,8
7,331,6
6,48,5
5,3,6
9,45,8
17,19,5
6,24,923
20,4,7
704,43,6
17,25,7
3,43,5
15,3,6
7,4,5
2,426,4
3,26,8
7,4,9
11,2,4
2,3,6
3,18,6
5,44,5
40,2,8
5,46,5
5,1,6
6,5,6
5,502,5
7,4,8
9,45,8
5,35,7
18,13,9
3,46,6
31,3,4
4,506,5
42,5,9
1,21,588
8,2,8
5,201,9
4,21,7
6,487,9
5,3,5
4,1,4
2,19,7
5,23,8
19,11,4
4,5,8
2,48,8
16,17,5
6,13,5
10,32,8
14,35,7
7,2,8
8,3,4
922,17,7
5,28,9
489,2,8
6,34,8
7,4,5
21,4,632
5,5,6
3,53,8
5,5,5
5,35,7
3,3,9
7,19,4
19,5,5
3,31,4
5,46,9
28,24,7
2,49,9
14,4,6
11,33,9
6,393,6
25,37,588
39,49,7
35,36,9
12,15,8
6,14,6
5,15,8
22,18,8
2,5,9
47,47,5
2,3,7
4,3,5
3,4,43
6,20,8
20,23,5
46,2,6
9,36,8
9,14,5
7,552,842
3,2,7
1,4,8
5,48,6
6,4,6
5,4,6
11,3,8
5,5,5
6,13,7
44,5,6
4,5,808
7,3,7
24,23,8
393,14,5
7,18,8
6,462,46
35,5,5
12,13,614
7,42,5
5,11,5
1,38,6
11,370,5
21,39,8
16,20,9
6,3,5
486,14,7
3,20,9
6,4,8
5,22,5
5,3,654
5,5,9
7,5,5
241,1,9
6,3,9
573,342,6
5,25,7
5,12,6
2,44,5
5,2,4
5,301,45
5,4,6
30,2,8
11,18,4
9,48,5
12,43,5
17,4,499
33,3,6
450,16,46
1,20,7
7,2,7
5,401,46
1,18,4
8,13,9
5,2,725
29,3,6
26,4,7
33,4,8
3,13,9
27,1,7
3,20,7
7,4,7
1,31,7
696,19,7
4,522,4
6,41,49
39,13,5
3,259,4
5,12,6
36,2,7
3,3,8
11,23,9
19,4,8
4,1,9
595,14,4
4,18,8
1,4,5
2,4,5
20,4,5
5,2,6
46,50,9
44,4,4
42,11,8
4,5,7
4,2,5
2,13,6
3,4,6
7,24,9
513,3,8
5,18,7
6,4,8
4,18,579
5,45,7
30,28,6
4,5,9
6,18,8
6,4,8
5,4,7
17,4,9
15,3,745
7,42,9
4,2,4
6,5,4
7,4,6
302,43,738
3,4,6
6,3,8
2,3,6
7,1,5
32,21,431
3,19,890
7,28,6
12,26,9
6,12,9
5,17,4
5,22,8
2,5,6
5,4,43
1,44,5
1,3,481
2,4,7
4,3,6
5,4,959
4,4,9
29,12,9
2,49,664
21,4,8
6,12,9
7,25,8
6,3,751
2,35,6
5,3,7
4,4,5
24,30,6
6,4,86
12,3,570
588,2,9
2,37,4
41,271,5
3,41,9
20,23,7
27,26,5
18,19,7
3,20,451
3,15,9
46,4,7
6,1,9
48,27,5
299,36,7
6,13,7
2,20,4
23,374,819
3,1,770
7,1,8
35,552,8
1,3,5
45,5,7
3,43,9
5,4,9
10,5,43
11,20,6
908,28,706
7,24,7
1,4,6
3,31,8
46,5,4
377,4,9
45,3,649
49,4,8
11,18,7
22,4,48
4,423,7
30,3,8
1,3,9
12,25,9
42,11,8
3,36,8
608,27,7
300,5,9
5,3,7
11,18,5
21,4,6
6,30,9
35,4,9
7,1,669
5,4,9
2,4,45
23,237,8
5,37,7
6,4,496
6,17,6
2,3,4
3,44,6
32,37,6
7,5,635
49,45,5
2,3,9
21,502,5
34,25,6
6,2,514
41,2,7
3,42,8
922,12,4
11,3,45
18,16,9
7,41,44
3,19,6
5,4,8
3,3,5
6,33,5
5,49,9
43,2,946
7,3,6
5,440,5
710,4,46
12,31,9
5,5,9
6,26,46
538,41,8
41,33,4
3,44,8
13,4,598
21,15,9
6,3,9
13,3,5
11,4,8
1,26,6
5,5,6
7,32,7
42,43,43
6,15,6
1,11,7
7,5,4
6,17,5
6,15,8
12,32,6
6,2,792
6,15,9
3,3,9
5,26,7
6,24,5
11,4,8
8,11,9
5,15,900
6,4,5
4,4,6
48,14,6
3,36,6
49,41,923
2,3,4
6,5,8
5,23,7
3,2,9
61,23,4
5,15,645
5,3,5
32,3,9
8,42,4
3,4,9
7,16,8
65,3,7
24,20,5
3,324,9
3,22,6
6,1,5
6,2,9
6,545,6
17,5,533
5,3,5
5,4,5
7,18,6
589,1,9
38,42,9
6,44,6
4,25,837
4,38,714
5,5,5
27,409,6
7,544,5
4,22,5
6,41,829
7,5,9
5,5,5
1,42,9
19,2,4
46,14,6
14,38,6
1,5,9
4,3,5
323,30,777
4,2,6
6,361,507
6,5,7
5,3,6
3,2,968
6,5,754
10,2,47
31,14,5
36,12,6
5,2,5
15,4,7
5,19,7
384,30,8
1,13,9
6,16,9
31,4,6
41,14,7
18,17,730
5,3,8
6,32,8
7,2,88
7,16,8
2,24,6
6,1,8
6,13,8
4,5,5
3,3,8
9,15,5
7,29,6
38,1,6
6,28,8
57,19,7
18,5,9
6,3,6
6,498,7
2,16,9
19,27,8
4,18,5
6,3,751
2,32,8
3,4,8
7,3,6
17,2,7
3,40,4
2,1,5
651,21,6
4,21,6
5,4,43
7,33,9
15,3,6
11,4,764
5,15,9
3,4,7
39,18,8
6,46,8
5,5,9
3,4,696
5,30,966
1,31,8
4,14,9
7,34,6
2,3,9
22,41,5
7,16,5
6,19,8
3,2,45
66,4,4
17,5,9
6,3,5
22,12,6
6,5,4
31,27,7
351,5,8
719,25,5
1,4,9
1,21,6
5,5,7
5,2,7
520,1,8
2,5,49
3,3,5
549,23,7
5,24,5
26,2,627
6,15,6
5,4,9
2,1,6
4,36,9
21,11,67
4,4,7
6,14,6
23,39,548
33,49,6
46,3,7
744,43,587
11,277,42
6,3,6
14,12,9
56,1,920
2,3,9
18,48,7
14,42,5
6,44,7
4,25,6
3,46,46
2,5,5
13,37,6
4,449,591
6,14,5
365,16,8
14,22,5
13,5,7
35,42,8
6,3,999
7,4,5
7,43,9
6,1,9
28,2,6
35,1,8
25,26,5
4,16,583
4,4,7
27,1,5
