Voltage_main,Voltage_secondary,Current_main,Current_secondary,Temperature_main,Temperature_secondary
9,389,19,953,23,950
9,543,12,117,3,779
9,665,24,26,4,47
8,382,3,78,4,261
8,130,22,444,9,73
9,540,9,395,97,802
9,524,9,999,21,544
850,882,7,381,34,914
9,236,21,163,4,799
8,957,15,733,2,128
7,641,62,957,5,431
8,860,4,517,47,752
9,66,6,531,38,274
8,260,46,215,33,63
9,371,6,270,7,95
9,322,9,507,12,444
8,163,34,677,1,697
8,982,7,921,26,405
8,257,8,470,3,546
7,907,32,961,3,320
9,816,4,262,46,709
9,93,9,55,21,822
9,872,6,452,5,251
8,335,8,822,2,40
8,171,2,504,26,330
8,462,9,708,2,954
8,671,4,587,12,457
9,803,9,59,5,57
9,967,4,352,30,404
9,192,7,16,25,317
9,715,6,780,25,411
9,402,28,686,3,222
9,200,3,929,40,338
9,510,2,790,22,427
8,758,6,991,38,776
8,811,3,904,46,824
8,851,32,869,30,706
9,225,3,742,48,622
9,894,5,920,5,162
7,759,9,965,10,313
9,404,41,63,5,268
8,697,18,225,4,80
755,381,4,280,4,43
9,418,5,307,2,23
8,347,7,333,30,271
7,890,2,380,43,278
8,494,4,781,14,895
9,59,3,366,48,667
9,236,5,822,43,160
7,575,9,174,42,740
8,948,9,179,4,535
9,48,8,556,3,907
8,926,39,591,44,854
9,980,5,646,1,314
8,916,31,617,44,546
9,124,3,141,13,740
9,774,2,274,2,778
8,342,47,822,47,493
7,558,9,293,41,772
9,968,21,240,26,506
9,692,8,536,19,936
8,881,7,557,13,104
9,983,6,497,3,65
8,183,46,881,3,939
8,482,5,117,2,874
8,880,5,711,4,779
778,672,8,336,5,517
8,356,6,972,35,193
9,974,34,991,4,142
9,507,38,615,21,297
9,285,17,701,36,659
7,524,33,931,5,177
9,347,7,727,1,961
9,773,26,308,31,203
7,590,23,900,48,627
8,228,9,451,10,73
9,15,5,944,31,127
9,521,44,878,46,136
8,768,9,709,33,376
8,469,5,35,26,727
9,764,3,965,18,160
9,451,2,745,42,680
9,412,7,186,6,655
8,734,5,5,2,807
9,889,8,630,3,572
8,713,33,708,9,291
9,463,11,338,2,238
9,494,8,683,44,963
8,756,6,314,2,890
9,560,6,44,3,598
8,588,22,388,31,11
9,959,4,809,47,358
8,486,9,806,14,822
9,280,46,124,3,8
7,902,9,399,4,588
9,273,7,732,35,957
7,509,7,78,3,55
8,842,7,115,13,546
8,984,7,395,36,230
9,91,6,247,3,296
8,64,8,190,2,446
7,547,3,647,42,251
8,289,7,487,8,862
8,576,7,747,2,245
9,706,6,196,15,751
8,917,6,962,1,957
9,540,9,795,22,742
9,112,5,938,5,288
9,162,6,491,11,269
9,286,6,473,3,867
7,625,6,528,222,209
8,919,46,937,20,908
9,377,4,618,3,25
9,695,8,294,17,759
8,315,6,64,26,41
847,22,6,475,5,69
8,52,8,258,25,517
9,537,5,608,1,570
756,169,3,353,5,573
8,872,7,951,3,164
9,830,9,738,1,602
8,439,8,948,4,341
9,620,32,205,4,11
9,91,9,459,2,73
8,191,8,950,41,748
7,887,7,622,4,571
8,193,5,586,4,667
8,803,15,290,34,636
9,19,5,129,3,371
7,947,49,561,21,89
8,313,5,64,4,918
8,718,5,24,14,79
9,494,8,480,3,827
807,560,8,942,9,634
9,114,32,41,7,230
9,498,7,479,2,981
765,530,3,671,23,475
8,451,41,844,3,356
7,786,7,823,16,301
9,680,8,182,12,27
8,745,9,211,20,452
9,862,3,275,43,248
8,79,7,876,4,50
9,754,17,731,47,355
8,450,9,535,4,517
849,384,8,849,1,757
7,752,27,727,31,156
9,556,3,861,5,57
8,22,9,213,4,815
9,69,7,576,41,297
7,688,5,385,23,631
9,889,21,212,38,834
8,858,9,826,3,463
8,734,9,125,3,623
9,430,6,27,5,332
8,265,5,198,33,39
8,269,19,378,11,781
8,290,3,291,40,870
9,256,6,114,4,523
8,944,6,364,22,169
9,370,5,152,31,643
9,424,8,366,5,422
8,861,5,503,2,671
8,504,47,317,5,87
7,848,8,0,17,179
7,754,5,98,2,111
9,182,22,394,3,924
9,842,28,973,2,974
8,665,4,525,9,997
8,65,1,416,17,438
795,419,16,979,4,48
9,423,2,862,19,196
8,366,1,387,7,917
9,167,5,692,14,853
8,239,7,423,5,619
8,44,9,743,27,984
8,845,44,362,17,412
8,817,9,412,14,590
9,487,4,229,2,446
9,300,8,517,20,79
9,507,5,883,20,282
9,554,7,513,38,282
9,738,3,811,4,123
8,19,6,727,18,575
9,700,6,20,11,641
8,422,3,498,1,505
9,445,45,624,5,652
8,946,3,532,3,16
8,724,17,407,2,414
8,600,9,316,23,707
7,697,33,517,3,582
9,255,4,71,166,13
9,311,7,772,37,266
9,307,16,119,2,734
9,702,7,543,3,839
7,709,6,412,25,448
7,613,7,264,5,680
9,854,5,669,2,539
8,277,6,43,4,286
8,942,6,539,39,165
7,722,9,23,3,685
8,730,18,71,29,430
9,169,7,309,29,940
8,888,8,181,53,283
9,676,27,347,13,524
7,968,7,60,4,580
827,899,9,436,16,721
8,852,18,63,46,952
9,794,3,309,6,729
8,860,44,332,28,838
8,930,4,937,31,281
9,495,32,150,19,87
9,891,29,369,39,398
792,905,27,712,5,292
8,400,48,953,11,842
8,389,34,121,32,937
7,954,2,857,4,956
9,345,8,847,2,27
8,910,6,191,23,325
8,202,7,1,44,154
8,705,4,36,4,736
9,536,8,311,16,366
7,965,16,104,3,537
9,172,21,754,4,830
8,461,9,683,4,893
8,418,3,183,4,424
8,457,38,729,32,934
9,352,5,669,17,27
7,600,4,400,5,632
828,821,36,653,2,196
9,33,22,958,16,687
8,312,7,475,26,159
8,460,5,701,3,80
8,222,24,707,6,147
7,667,25,558,10,107
8,566,6,751,27,528
8,899,7,889,4,618
9,78,4,35,5,449
9,796,7,637,7,196
9,214,46,709,2,950
780,31,2,341,28,489
9,818,6,797,22,608
8,242,18,879,27,863
8,394,8,939,2,563
7,540,8,794,5,631
9,370,9,279,47,918
9,858,9,198,36,199
7,903,8,710,40,403
8,77,4,482,18,756
9,185,5,297,16,738
9,40,6,705,8,441
9,332,5,319,30,47
8,767,5,987,5,295
7,937,8,137,19,125
7,756,5,240,10,759
9,783,1,485,4,118
9,763,44,98,25,788
9,662,46,507,1,913
7,643,5,65,5,343
9,745,5,843,4,303
9,618,9,256,5,41
8,938,7,698,3,683
8,307,4,463,6,305
8,756,30,473,180,892
9,832,9,745,234,479
9,133,3,139,12,704
7,667,5,548,45,601
9,876,11,922,16,708
8,794,6,169,36,961
8,892,9,633,28,260
8,854,7,99,49,231
8,50,39,534,1,898
8,5,15,760,5,522
9,791,7,557,20,10
789,264,2,973,43,462
9,123,7,239,8,180
9,477,22,409,5,117
9,811,87,250,6,311
9,179,8,476,42,534
8,731,8,460,11,794
8,842,5,956,5,704
8,996,41,344,4,760
7,855,5,866,16,675
7,702,8,615,1,309
7,729,33,972,5,97
9,908,6,388,48,927
7,787,9,813,3,841
9,571,21,712,22,529
9,718,6,240,3,402
7,691,2,216,44,731
7,547,7,150,48,145
8,325,27,373,4,858
7,696,6,997,4,435
8,541,8,253,1,198
7,555,46,279,3,803
8,10,7,461,28,206
9,547,4,858,5,649
8,186,7,414,47,361
8,914,6,317,6,196
7,526,5,54,16,267
9,280,9,669,5,698
8,764,48,558,5,695
8,486,6,935,34,773
7,641,6,946,6,675
8,987,8,946,16,451
9,544,5,584,3,830
7,824,9,832,5,527
9,48,44,175,19,322
8,801,8,639,23,381
8,482,2,612,4,878
8,54,5,688,5,628
9,378,9,506,4,185
7,589,18,999,17,415
8,806,8,616,17,343
9,493,1,360,5,598
7,695,6,580,3,993
8,259,5,488,2,645
8,831,3,732,17,68
9,908,43,93,4,780
8,848,36,178,34,115
9,517,29,718,28,938
9,668,11,758,45,737
9,77,4,592,19,971
8,181,1,191,9,197
81,300,5,52,43,620
7,942,19,992,5,560
834,309,19,434,33,784
8,168,12,425,42,929
9,455,2,395,42,922
7,621,3,476,2,901
7,706,4,671,31,746
8,24,9,108,1,327
8,718,2,962,40,870
9,836,7,244,40,952
9,765,32,872,5,215
9,960,4,757,27,680
8,144,33,42,2,950
7,789,3,807,3,995
7,891,7,82,39,945
8,549,5,99,2,194
8,315,2,956,10,332
9,443,36,872,3,235
9,933,22,697,22,564
8,574,19,210,28,993
7,842,3,655,23,257
9,17,44,55,27,512
80,243,8,684,9,25
8,796,37,253,28,572
782,863,2,285,2,762
9,178,5,242,38,795
7,759,3,962,2,814
9,668,9,525,5,71
8,993,30,416,9,844
7,921,28,947,8,352
7,900,9,57,5,166
8,284,46,72,8,570
9,245,5,724,5,489
9,961,33,187,5,76
9,206,4,401,24,526
7,742,8,917,3,667
9,924,28,675,49,737
9,712,5,596,22,33
8,265,8,623,4,998
9,146,5,445,39,840
9,45,1,544,26,472
8,441,7,667,3,418
8,386,2,60,5,308
9,379,5,4,23,174
9,509,8,479,42,607
7,528,7,376,3,231
8,504,3,397,2,218
8,50,27,113,3,566
8,103,6,861,15,227
8,744,12,737,4,459
8,120,2,637,41,386
7,793,5,615,18,638
9,141,2,502,7,496
7,970,5,844,31,262
8,329,5,675,3,298
8,11,32,967,22,726
8,468,7,786,4,994
8,924,7,669,10,348
9,182,9,968,3,475
8,765,38,32,3,296
8,507,19,968,5,319
91,906,34,443,4,757
9,59,2,620,5,702
9,40,8,285,39,302
9,32,13,683,7,940
7,989,7,655,38,204
8,977,7,950,4,492
9,647,28,43,45,626
7,917,23,699,10,580
8,730,92,235,24,15
9,593,37,335,2,130
7,976,8,711,1,242
8,603,9,856,34,942
7,844,5,523,47,284
9,719,32,592,3,938
9,654,30,817,5,620
9,118,8,628,27,475
8,850,9,405,16,945
9,87,7,840,5,13
9,658,17,765,38,284
8,976,8,419,4,314
9,888,2,834,4,596
8,914,5,898,4,586
9,110,7,482,5,155
760,110,9,512,47,703
9,403,5,250,3,377
8,599,6,759,3,843
8,224,9,190,3,954
9,472,46,928,2,742
8,715,8,305,31,477
835,75,5,888,47,957
7,642,46,329,4,449
7,925,5,846,5,414
9,207,8,63,27,861
7,923,12,462,1,386
8,471,8,407,4,480
8,709,8,820,31,807
8,526,5,271,30,554
9,240,5,137,4,790
8,500,1,450,38,856
9,544,22,694,19,918
9,14,3,38,38,390
9,610,4,37,13,640
7,930,22,359,49,953
8,434,47,221,5,68
7,508,2,701,20,665
767,47,3,670,5,119
8,84,6,241,2,860
8,665,6,338,48,958
8,380,3,725,4,427
8,995,5,84,36,782
8,866,6,170,28,857
9,786,2,996,9,865
9,663,3,539,35,537
7,917,29,425,4,977
8,545,6,822,35,766
8,860,6,415,1,415
9,104,31,350,4,409
7,952,31,331,5,268
9,851,36,823,4,387
9,992,7,261,5,207
7,502,17,541,16,518
8,395,37,868,40,741
7,879,198,692,4,236
9,738,8,890,33,628
9,558,1,473,5,544
7,915,7,956,3,73
9,213,8,237,4,87
8,866,5,11,42,206
8,807,5,888,2,149
9,405,8,888,20,491
9,726,8,99,22,196
9,671,3,980,5,152
7,764,6,315,2,174
9,52,9,448,35,885
8,71,8,830,27,731
9,63,8,661,41,926
7,914,3,584,18,548
8,795,4,187,32,671
9,833,5,301,14,821
9,469,85,116,2,694
88,704,39,948,34,120
8,805,23,60,44,895
9,877,16,114,2,791
9,509,12,701,5,567
8,871,9,539,5,189
8,649,8,436,5,235
9,431,23,170,4,621
823,949,23,148,2,626
8,950,9,765,3,545
9,559,42,877,7,198
7,815,5,186,5,554
7,666,9,732,5,267
9,550,40,402,7,403
8,881,35,474,10,468
8,27,9,808,5,81
7,778,30,153,4,868
8,540,5,353,1,247
8,80,4,162,24,630
7,942,5,712,38,938
8,722,8,951,4,605
9,555,3,866,30,241
8,455,36,546,40,288
7,958,9,791,15,93
9,287,8,778,48,162
9,672,8,744,35,996
7,595,42,679,22,198
8,525,4,372,3,996
7,846,38,822,3,753
9,364,34,452,38,987
8,411,4,691,28,749
7,986,3,387,2,929
8,625,8,783,5,549
7,833,8,603,16,836
9,37,24,956,3,421
9,178,4,207,5,323
7,615,218,931,20,933
8,609,9,673,3,833
7,784,34,670,6,12
8,436,5,610,3,649
9,760,8,549,8,809
8,480,23,897,45,593
8,894,8,906,5,44
9,65,6,506,2,515
9,366,7,713,55,777
9,343,9,782,3,13
8,71,7,928,3,331
7,750,35,149,4,494
9,962,5,845,2,164
9,857,48,364,16,77
8,86,26,724,13,957
9,379,8,450,17,551
7,691,3,932,3,587
9,400,44,914,4,429
78,671,6,893,2,647
7,550,25,823,38,601
7,849,8,859,13,947
8,9,6,186,11,91
7,810,1,937,20,669
7,593,8,980,22,9
8,480,6,702,14,691
96,935,7,182,2,75
9,659,9,661,3,6
8,959,6,262,23,293
9,208,3,410,5,351
8,38,14,758,14,46
8,849,5,797,16,125
8,705,9,545,41,71
800,185,8,295,28,104
9,679,24,965,30,708
8,93,8,494,3,240
8,216,19,704,40,936
9,799,41,941,49,664
9,787,8,995,5,152
8,126,5,104,3,713
7,668,41,919,4,211
7,867,7,494,15,460
805,910,9,322,19,310
8,779,17,824,4,44
9,221,4,879,13,438
9,256,5,285,35,236
9,933,5,60,13,78
9,35,4,190,40,586
8,647,9,502,30,943
8,536,7,224,9,906
8,232,42,542,8,656
8,585,6,485,3,558
8,56,7,48,40,516
9,91,2,792,44,927
7,988,5,120,26,531
8,747,3,365,2,695
8,58,8,624,4,233
8,168,9,448,28,974
8,718,9,700,5,304
8,388,6,143,4,154
7,991,34,527,20,324
79,177,21,945,44,973
9,868,34,463,25,774
8,565,40,705,3,447
9,193,4,107,6,466
9,159,8,148,5,51
7,544,5,583,8,982
791,13,8,416,43,380
7,847,9,994,30,146
9,286,2,568,3,288
9,757,15,201,4,164
9,377,11,926,10,82
7,657,9,250,120,610
9,821,6,287,10,814
8,45,6,17,44,487
7,899,8,151,38,428
8,449,30,829,16,922
8,232,8,588,57,603
8,60,44,568,13,139
9,295,8,73,2,516
9,909,5,173,4,567
8,391,4,26,13,700
8,376,28,993,37,407
8,490,9,564,5,522
9,563,6,355,21,456
9,684,9,723,5,617
7,664,30,933,26,729
8,316,5,898,33,685
8,344,5,923,3,200
8,888,14,445,10,682
9,750,4,380,12,888
9,682,8,869,26,988
7,916,13,301,4,945
8,543,44,665,13,912
9,332,47,695,32,673
8,287,8,817,22,319
8,795,15,961,2,663
7,709,8,791,23,464
7,580,8,202,38,435
781,836,22,653,1,439
8,711,7,870,4,177
8,757,11,218,6,35
9,343,3,809,24,335
812,452,8,54,3,913
9,580,47,339,27,215
9,395,18,392,45,642
7,826,4,726,5,163
9,951,8,715,40,64
9,996,8,398,5,590
9,428,6,572,2,469
9,255,5,523,5,227
8,656,47,4,4,959
7,796,6,306,22,717
9,959,3,162,17,10
8,903,21,596,22,867
7,730,8,369,4,368
9,171,29,934,4,341
9,502,6,148,5,64
9,197,7,649,46,897
8,218,7,275,4,50
8,371,7,130,17,218
8,460,3,984,15,138
7,575,36,169,19,916
8,996,20,889,4,561
8,471,4,884,5,639
8,722,3,113,3,708
8,529,6,365,3,204
8,227,8,740,39,340
7,760,1,850,5,191
8,43,4,630,5,341
9,920,7,158,2,965
9,242,5,597,18,412
8,966,5,603,14,822
7,711,3,650,8,409
8,693,4,499,1,339
8,205,4,293,2,938
7,812,12,712,13,480
9,479,13,456,41,116
8,98,49,708,5,448
8,621,45,460,43,29
7,526,37,612,2,344
9,644,6,749,22,547
8,969,2,235,3,916
7,866,8,263,28,488
8,83,9,440,1,149
9,974,25,969,44,436
8,605,8,780,4,375
7,720,6,228,37,853
9,532,5,961,49,988
79,487,5,590,24,687
8,369,5,217,3,515
9,261,21,309,40,237
8,36,9,77,3,399
8,778,5,305,21,440
8,211,47,250,39,942
7,943,9,628,1,534
9,751,9,71,5,598
7,516,7,923,5,28
8,524,2,842,16,733
8,693,4,154,6,65
7,643,11,174,10,307
7,962,4,902,5,430
8,654,9,998,19,518
7,590,2,920,2,459
9,731,6,563,12,332
7,773,9,997,29,674
89,102,21,640,20,330
8,436,4,611,2,855
7,665,8,594,3,768
9,437,8,222,5,527
9,64,7,273,35,557
8,149,17,692,6,351
8,234,9,315,36,6
7,671,41,143,4,156
9,512,5,336,25,904
9,382,13,992,25,124
8,48,23,402,1,537
9,339,11,735,5,556
9,472,8,768,18,804
813,620,6,949,3,366
8,850,17,783,6,500
8,235,9,867,1,501
9,986,2,886,10,397
9,981,11,185,4,58
7,774,1,598,34,505
8,148,3,71,11,680
9,500,3,142,4,977
7,559,3,462,5,166
7,960,2,16,24,464
810,441,5,751,20,710
812,909,6,411,1,444
7,947,99,653,2,137
7,895,7,721,1,726
8,934,6,251,5,152
8,522,35,891,12,361
7,640,3,156,39,487
9,371,16,310,4,123
8,204,3,229,11,458
9,822,7,355,12,708
7,716,9,563,3,462
8,487,5,667,2,982
9,579,6,461,4,582
7,994,7,40,29,506
8,85,12,178,29,460
9,971,7,510,2,289
7,828,9,909,4,145
9,19,42,901,3,715
8,14,8,494,13,915
7,763,9,194,20,236
8,771,40,670,3,203
7,521,9,167,4,850
8,248,8,113,18,915
8,325,46,433,11,537
7,830,5,707,4,707
9,59,3,99,3,4
9,50,6,719,38,6
7,811,8,861,39,454
9,51,4,431,26,557
8,127,7,12,3,358
9,756,9,791,36,500
8,927,7,462,3,124
8,593,7,561,18,391
7,878,5,473,8,480
7,711,5,204,4,927
9,65,47,98,22,357
7,678,4,823,37,278
9,1,6,200,43,120
8,549,20,514,26,127
7,759,8,709,2,495
7,824,17,554,4,369
7,583,8,890,7,784
8,218,5,96,5,662
8,261,6,599,21,937
7,607,7,427,4,909
8,507,5,560,41,689
9,770,8,691,44,131
8,989,19,864,4,797
8,127,5,504,20,226
8,946,5,719,43,175
9,781,168,766,20,642
8,684,9,720,28,868
8,958,12,140,10,934
9,573,6,142,7,571
8,83,3,823,32,682
7,667,7,313,3,196
9,542,2,697,32,45
8,196,22,781,6,494
9,305,5,670,22,199
9,962,8,790,27,947
7,965,22,698,11,199
9,305,26,469,27,900
9,25,48,0,5,363
8,337,7,958,28,903
9,766,3,597,3,482
9,970,7,61,21,392
7,880,2,1,15,796
9,369,8,513,5,245
7,628,8,82,25,930
8,830,27,845,3,874
8,709,6,685,2,507
8,929,3,762,4,727
9,806,2,566,6,985
8,653,9,397,2,441
9,824,3,792,5,42
8,565,5,526,5,530
9,227,45,77,3,779
9,788,8,412,7,228
7,740,36,508,4,526
825,208,23,167,38,346
7,688,4,907,11,880
8,527,95,500,2,294
8,67,19,715,23,157
8,749,9,416,30,934
9,569,2,632,29,537
8,6,30,119,38,959
7,522,2,950,5,558
8,415,7,507,4,418
794,173,35,199,4,213
8,249,6,438,14,894
98,688,29,909,5,482
8,320,5,293,10,646
9,705,3,996,23,435
7,987,8,927,14,41
7,589,23,233,2,324
8,651,6,426,12,3
8,552,7,134,11,548
9,173,3,469,2,438
8,975,5,548,3,267
8,189,7,899,6,163
810,546,6,476,26,718
7,778,1,764,3,580
9,584,6,642,2,451
9,243,18,566,21,603
9,190,6,185,5,150
8,581,39,528,19,863
769,963,4,328,35,927
8,2,45,215,34,829
9,352,4,643,21,82
9,109,9,412,28,704
8,259,7,969,17,444
9,297,11,935,23,632
8,597,14,573,19,410
838,893,9,93,2,65
9,628,7,311,11,239
9,110,6,696,3,722
8,894,3,492,30,906
842,297,9,398,24,466
8,46,2,500,37,17
9,383,6,626,17,796
7,720,5,3,8,2
7,683,4,39,42,57
9,62,7,115,1,516
836,227,79,595,3,81
7,791,32,771,2,610
7,926,45,725,19,323
9,612,6,237,48,120
9,557,6,523,24,683
7,502,9,564,1,693
9,818,15,753,5,621
8,482,8,975,19,936
827,984,7,294,57,241
9,19,8,710,1,228
7,830,7,284,15,365
9,966,6,728,48,932
8,770,2,810,24,722
9,917,15,489,5,262
8,362,48,935,23,748
8,819,11,978,29,64
8,733,38,78,4,441
9,341,39,12,1,875
9,73,8,329,3,463
8,367,6,482,5,649
9,626,9,587,23,362
7,599,7,422,7,72
9,952,3,3,2,739
766,835,2,258,3,438
9,154,5,742,2,161
9,948,5,602,10,785
9,975,3,473,24,715
760,722,46,43,46,470
7,596,27,274,2,267
8,520,6,253,3,899
8,597,40,182,39,673
9,835,5,602,19,714
8,150,5,498,18,120
9,742,4,312,6,531
9,600,7,824,4,660
8,572,8,84,5,355
9,127,9,111,41,132
8,312,9,883,14,273
7,850,8,796,59,568
7,889,9,128,4,604
8,893,4,74,7,517
9,166,5,603,21,710
7,703,6,871,1,385
8,55,5,781,13,38
9,322,4,749,9,884
8,776,4,538,3,728
8,25,6,320,44,570
8,405,47,653,2,831
9,371,6,1,5,160
8,382,9,990,37,155
9,158,7,475,19,242
9,404,7,838,34,315
7,734,12,975,14,561
8,772,7,592,3,279
8,459,68,213,37,821
9,946,5,276,20,514
7,695,6,417,3,269
8,692,32,379,30,922
7,721,6,940,4,578
9,441,6,296,4,620
8,283,5,6,6,220
8,325,12,884,3,494
8,72,5,133,4,55
8,330,4,761,5,469
9,398,8,59,10,913
9,756,9,708,8,736
8,368,23,413,34,638
8,61,32,229,9,311
9,62,9,315,40,959
8,146,5,535,5,473
9,736,6,283,4,424
9,513,5,782,11,695
8,312,6,700,11,745
86,865,9,13,5,120
7,782,4,811,1,341
8,279,44,808,8,499
9,915,1,855,39,675
9,222,7,934,2,880
8,328,3,631,13,268
8,81,20,514,5,270
7,677,3,784,7,268
9,59,4,547,5,694
9,365,1,715,21,80
8,756,9,929,3,810
7,733,26,48,5,673
8,616,27,669,4,963
9,953,7,146,17,232
842,205,8,614,18,512
9,107,7,962,17,862
8,203,1,713,5,526
8,46,40,397,5,279
7,527,4,371,49,513
7,942,43,856,9,908
9,468,39,648,35,977
7,990,5,819,12,586
9,789,5,968,5,676
8,635,3,604,3,557
9,819,9,167,9,881
8,3,5,706,181,475
9,859,9,882,1,520
8,876,16,840,5,578
7,888,9,964,55,513
7,691,6,795,4,287
9,243,9,620,26,788
9,544,5,84,5,337
9,929,5,956,3,565
8,604,8,275,36,458
9,724,8,768,9,156
7,512,28,854,8,975
7,671,12,345,4,502
8,629,4,848,17,76
9,240,44,211,20,937
7,612,3,401,32,243
9,427,5,949,17,302
9,479,2,820,18,407
8,990,4,277,12,11
9,972,6,229,1,801
9,868,48,488,2,456
9,861,8,458,2,588
9,360,2,664,3,657
787,257,6,713,43,435
9,298,5,436,5,647
841,923,7,774,3,900
9,552,9,770,11,817
8,955,3,26,41,105
7,947,21,368,4,5
8,125,19,620,2,696
8,833,46,524,19,575
8,989,9,722,5,390
9,636,9,430,23,619
8,678,5,138,5,679
7,990,5,49,192,576
8,861,6,647,22,465
9,715,8,318,4,781
7,996,12,809,11,685
7,603,5,267,19,199
7,617,9,542,39,768
7,802,5,738,30,142
8,492,23,109,12,315
9,130,4,11,4,902
98,624,5,433,3,872
819,947,9,993,5,100
8,980,7,101,4,820
8,310,14,336,27,205
8,763,3,164,3,694
7,742,7,877,5,732
9,756,3,451,4,483
8,64,11,847,2,623
9,482,8,375,31,347
7,724,5,210,21,722
8,248,6,94,2,342
8,176,3,215,2,4
7,696,7,260,9,388
9,877,8,211,4,914
8,311,9,166,12,312
9,568,11,492,5,148
7,544,8,217,28,25
8,400,5,132,5,622
8,242,6,729,4,701
7,904,7,966,8,393
7,851,7,517,42,629
8,188,18,103,46,586
8,362,5,725,2,653
9,940,7,787,6,406
8,191,3,273,4,15
9,948,6,276,15,839
7,998,2,606,19,697
9,451,5,873,41,805
9,577,20,397,3,320
8,335,39,849,10,977
9,543,35,68,13,924
75,151,8,870,5,714
7,906,4,948,15,383
8,780,42,677,24,244
9,498,7,76,4,204
8,456,7,294,44,425
9,135,5,709,3,720
8,545,9,361,44,468
7,597,7,623,2,657
7,521,5,511,17,905
7,884,9,504,9,59
7,662,2,238,3,340
9,29,7,42,15,565
9,206,40,480,16,558
7,928,4,573,23,220
8,40,5,210,2,767
761,325,7,576,3,487
8,351,7,496,5,259
7,986,11,445,31,172
9,948,15,726,55,489
8,31,9,983,1,253
8,337,3,324,3,477
8,819,29,500,8,792
8,267,8,539,3,887
7,944,19,425,18,463
7,612,6,74,13,505
8,201,1,804,4,627
7,629,5,680,17,471
9,788,8,52,5,268
9,313,4,560,3,795
9,79,15,488,39,545
8,30,5,599,5,142
7,654,28,575,9,333
8,818,25,529,1,391
7,969,11,429,20,690
9,937,1,157,5,120
9,563,7,925,14,799
8,459,31,921,5,655
8,11,6,652,3,516
7,560,5,612,8,669
8,9,4,871,5,408
9,769,3,298,22,8
8,167,8,75,27,356
9,159,24,405,22,388
9,130,13,188,2,71
9,266,49,845,47,478
9,324,13,867,5,526
9,344,43,259,14,746
9,670,33,14,57,99
9,925,8,914,3,32
9,928,9,409,4,434
8,280,4,640,4,50
8,334,7,978,5,6
9,307,4,517,32,764
7,999,8,948,18,609
8,912,12,880,13,708
9,846,7,245,2,579
9,159,23,939,5,337
9,429,5,699,7,33
8,402,17,527,5,359
9,586,7,813,4,565
9,392,4,951,37,879
7,684,6,841,5,472
7,845,5,841,14,583
7,749,3,809,24,912
8,776,21,142,31,157
9,144,3,494,39,852
7,760,5,306,37,194
9,612,5,111,20,182
9,631,5,947,4,350
7,757,32,805,35,593
8,909,9,500,2,861
9,881,2,879,33,650
8,511,6,604,50,821
8,313,4,196,25,52
9,325,8,312,1,550
8,120,9,850,42,621
9,146,5,261,4,39
8,479,18,200,2,330
8,581,8,597,1,542
8,723,3,362,21,713
7,680,6,718,5,264
8,832,3,314,13,265
8,861,29,661,25,784
809,724,16,574,4,835
9,473,6,674,11,154
8,54,5,449,1,276
8,665,34,676,21,798
8,233,9,6,5,134
7,937,8,388,2,762
8,941,9,620,5,459
9,229,3,56,30,603
8,442,7,145,5,362
8,4,22,323,3,901
9,816,8,408,5,378
8,221,5,94,48,710
8,630,35,787,11,70
8,121,13,236,1,488
9,581,5,871,5,625
8,364,35,444,2,57
8,884,33,445,3,230
7,743,9,735,26,964
9,64,25,411,4,932
818,477,47,669,24,919
7,643,6,361,1,823
7,636,5,222,15,884
8,597,38,267,3,145
9,688,4,382,19,289
8,626,5,808,30,563
8,257,4,765,5,40
7,917,7,195,33,256
8,229,5,417,39,402
9,181,9,162,30,453
9,256,4,545,31,507
8,68,8,384,4,449
767,460,4,225,2,500
8,205,2,872,9,510
8,722,3,809,4,557
8,535,9,456,3,72
7,531,9,579,23,464
9,647,22,402,3,268
7,902,1,279,36,971
8,743,6,925,1,357
9,561,23,560,38,132
8,186,6,241,29,129
9,371,9,900,33,156
8,480,6,165,4,919
9,865,44,726,5,691
7,940,49,532,7,295
8,385,4,470,3,284
7,799,2,517,23,750
824,379,3,463,3,451
7,526,8,775,5,195
8,774,49,679,10,948
7,918,5,890,17,910
9,34,9,908,5,677
7,847,18,97,22,358
9,922,8,600,3,211
9,200,16,699,1,700
9,199,7,505,46,639
8,221,5,414,38,148
9,435,4,169,3,667
7,513,11,998,24,674
7,813,6,440,4,945
7,720,25,942,2,604
9,154,8,61,3,247
9,235,2,982,4,353
8,504,5,471,5,696
9,865,6,456,25,446
835,212,5,340,26,513
9,220,22,85,16,365
8,876,8,851,19,405
8,936,22,695,5,269
8,520,37,792,21,748
9,238,5,296,9,309
8,871,4,149,52,338
80,917,39,878,4,361
9,849,5,513,4,119
7,900,2,658,1,615
9,273,18,188,40,247
833,815,5,803,10,558
8,777,7,71,22,379
9,702,6,572,41,914
7,923,7,782,35,250
9,69,20,623,1,789
8,283,7,273,44,202
8,593,5,143,5,190
8,811,3,974,4,38
8,648,21,140,4,891
9,316,24,392,1,451
8,802,5,509,48,309
8,186,14,599,2,849
9,569,31,363,5,466
7,799,19,961,5,206
8,561,15,486,5,80
9,149,8,320,5,229
9,530,13,28,12,984
9,895,2,903,2,276
8,183,1,834,40,565
9,766,8,503,5,80
7,601,2,920,3,325
9,244,6,957,14,104
7,526,38,574,5,698
8,824,36,233,1,157
781,813,3,397,12,941
9,91,7,554,28,725
8,596,14,442,5,427
837,631,49,536,35,579
8,647,6,935,3,476
7,847,28,138,6,620
8,394,3,58,13,381
9,712,20,89,43,280
7,752,20,823,14,462
770,810,22,279,2,51
9,458,6,850,11,598
9,962,25,916,6,483
9,229,9,504,4,941
9,695,17,724,1,837
9,406,2,151,18,764
7,874,8,455,3,335
9,216,5,721,5,172
7,662,3,256,5,330
7,926,9,246,2,79
7,989,3,571,38,330
9,892,5,993,3,78
9,92,33,330,5,603
9,173,9,276,18,247
9,18,3,803,36,885
9,629,7,841,9,13
7,597,4,539,5,526
8,834,2,863,4,602
770,619,8,252,2,648
8,622,8,321,5,522
9,182,5,714,19,763
9,744,8,738,5,12
9,509,5,656,3,746
8,793,7,899,6,868
9,551,8,611,45,793
9,728,7,350,39,717
7,986,49,509,24,690
8,730,9,220,4,541
8,404,15,869,2,59
7,568,44,741,3,748
9,288,8,747,25,260
8,403,8,981,6,499
9,261,2,6,38,516
7,902,8,804,42,531
8,983,21,552,10,985
8,703,9,956,2,996
95,710,6,605,8,417
8,125,6,267,3,349
8,363,4,704,4,995
7,997,5,804,6,598
9,49,2,980,41,965
8,925,8,264,5,695
85,685,9,516,46,187
8,480,4,728,25,229
7,769,1,465,15,249
9,224,6,584,38,563
9,108,31,316,28,137
7,811,8,411,3,476
9,19,4,123,3,943
8,420,13,79,21,351
8,220,6,62,36,88
8,827,28,817,32,227
9,885,20,595,2,376
7,847,9,205,5,197
7,974,7,121,3,412
9,513,8,33,2,829
9,654,8,506,5,361
7,577,51,45,2,662
9,267,4,102,2,409
7,547,3,68,29,571
8,196,39,179,5,524
766,833,7,764,2,673
7,997,4,250,4,603
9,715,7,339,20,570
8,527,1,581,3,50
9,238,4,522,2,916
9,38,7,998,42,931
8,352,4,561,6,724
7,879,9,186,22,764
8,982,9,24,5,423
8,711,4,433,2,501
9,572,35,820,2,757
9,515,6,7,5,714
7,979,5,855,2,303
9,173,7,589,1,919
9,265,13,804,40,41
7,714,41,140,4,320
8,719,1,525,4,80
8,478,6,583,5,472
828,198,5,566,5,100
8,992,13,73,3,467
8,237,5,918,5,246
9,53,7,132,11,889
7,514,13,159,1,240
8,600,4,131,13,128
9,509,9,244,5,40
9,679,5,964,5,479
8,834,9,249,2,4
9,438,3,456,39,130
7,896,9,197,22,815
7,819,4,371,3,385
8,83,6,583,35,585
8,316,8,740,1,99
9,427,12,613,4,972
8,716,9,299,2,944
9,735,8,574,2,560
9,156,6,468,3,329
9,615,6,366,32,121
9,769,39,167,4,950
9,613,19,794,5,217
9,329,5,49,2,334
9,862,20,382,5,156
9,774,9,242,33,977
8,685,3,446,2,887
8,255,7,534,45,546
7,627,1,555,18,910
8,26,8,636,19,595
7,598,76,3,9,119
7,753,6,609,39,711
9,590,4,669,4,394
8,451,9,850,2,716
7,723,8,500,5,242
8,116,4,340,1,966
9,956,14,77,4,646
9,372,4,218,5,694
8,190,19,906,5,430
8,430,9,246,5,179
8,871,22,749,1,355
9,855,38,944,35,229
9,875,3,542,3,182
7,703,3,286,20,159
9,992,7,656,44,205
7,524,8,278,4,713
8,636,7,526,16,622
9,368,7,824,47,367
8,244,5,682,3,468
8,890,3,912,5,391
8,998,8,257,7,736
7,804,9,252,34,936
8,998,6,737,2,913
7,800,14,644,15,120
9,450,16,941,5,302
8,116,9,883,34,766
7,819,6,242,32,573
8,645,9,424,5,452
8,891,6,601,5,47
9,450,36,253,3,102
9,399,1,373,4,980
9,753,9,892,46,579
7,964,15,86,239,583
8,54,7,581,24,611
8,731,30,444,2,726
7,928,7,64,3,770
7,802,17,821,21,385
8,592,7,577,5,198
9,596,5,812,3,57
8,810,11,768,33,609
8,217,4,283,49,230
9,750,11,735,3,881
9,45,8,464,16,667
8,294,1,610,29,346
785,243,4,380,4,56
8,781,3,553,3,546
9,147,9,669,12,690
8,353,17,421,45,659
9,922,4,646,3,814
8,899,7,80,3,521
9,386,9,745,5,125
8,529,33,69,5,331
8,824,9,454,12,235
9,78,6,427,5,101
752,963,33,994,5,319
7,901,2,717,50,582
7,533,3,680,3,779
8,470,2,518,4,220
8,126,5,461,4,901
9,397,45,26,22,529
9,689,9,459,16,505
9,618,48,983,13,881
8,990,3,23,13,878
9,259,6,187,15,336
9,778,5,149,3,221
8,21,1,752,1,728
8,192,9,362,5,39
8,493,21,899,8,216
8,709,8,360,4,267
8,677,9,413,48,534
8,4,9,277,36,42
9,598,47,520,33,205
9,94,5,554,28,920
8,919,5,974,45,262
7,783,8,488,10,49
8,757,7,631,69,315
770,334,1,877,3,474
7,776,2,315,4,137
7,807,24,337,7,455
8,376,9,387,15,270
9,593,5,344,4,113
9,146,28,169,29,639
8,161,4,640,3,634
8,242,9,536,30,33
8,950,7,357,5,51
9,598,9,202,18,697
9,251,8,351,38,691
808,290,5,289,4,379
8,213,5,234,5,660
8,967,2,269,7,605
8,648,8,34,18,807
8,719,6,816,2,989
9,58,20,546,26,853
8,47,43,71,44,190
8,332,20,162,3,272
8,630,5,330,17,91
7,899,28,557,5,268
8,221,8,906,2,695
9,78,6,236,5,280
9,272,8,750,1,861
8,547,2,782,1,878
8,605,5,690,34,229
8,510,8,562,44,232
9,818,6,804,5,319
9,60,7,217,21,664
8,574,6,483,3,895
9,405,2,304,5,123
9,269,9,42,6,844
9,491,4,751,4,724
8,981,8,241,6,423
761,965,5,45,3,495
8,767,29,786,18,171
7,913,8,255,7,500
9,823,3,917,41,395
8,966,6,109,185,509
8,780,129,730,42,820
8,442,15,462,4,300
9,605,11,825,34,34
91,421,6,612,1,465
9,879,8,824,2,670
8,351,16,939,4,23
8,275,7,968,5,326
8,956,5,659,3,276
9,698,7,319,3,851
8,745,8,193,45,864
8,708,48,538,25,949
7,611,6,554,4,291
8,328,6,405,10,511
8,337,5,528,10,988
8,856,14,369,3,954
8,764,38,155,2,647
7,675,5,853,21,792
96,130,5,25,2,648
7,934,4,78,4,133
7,903,2,108,19,398
7,607,16,521,3,507
7,702,9,413,5,685
9,654,8,342,4,997
8,888,7,297,1,573
8,950,7,971,3,383
7,906,4,276,12,505
7,649,12,435,2,841
8,569,1,423,10,61
9,26,2,512,4,492
9,267,8,732,5,434
9,496,1,903,13,839
8,66,43,658,3,908
9,539,18,700,15,999
8,504,45,535,34,511
7,515,9,373,22,24
9,661,38,554,21,427
8,535,8,905,44,14
9,907,9,666,7,90
8,719,6,390,33,729
9,551,42,449,4,355
9,731,7,850,32,672
9,842,9,645,26,796
8,101,7,471,5,56
8,51,47,616,3,151
8,182,2,457,45,978
8,956,31,725,2,984
7,655,8,554,8,1
7,745,9,331,5,284
8,466,18,816,16,546
8,957,9,110,16,907
8,117,29,723,50,447
9,17,8,278,5,135
9,94,16,614,7,728
7,577,70,63,5,494
9,566,33,128,11,187
8,886,8,793,33,335
8,36,8,492,1,529
8,609,6,515,5,409
9,316,2,421,39,696
9,611,225,690,4,261
8,768,5,248,14,732
8,463,29,844,23,211
7,855,8,614,10,89
7,867,6,569,36,616
96,823,7,969,5,685
9,960,4,74,7,302
9,913,25,59,3,904
7,563,5,330,34,977
849,229,6,129,11,697
9,924,7,444,5,227
9,8,7,464,3,250
7,520,5,30,1,573
8,285,6,188,10,652
7,616,43,898,2,768
9,884,5,712,2,919
8,240,9,553,1,530
7,585,3,659,4,316
8,732,38,341,4,14
9,720,9,641,12,795
9,637,8,879,5,11
9,181,5,477,2,759
7,868,31,442,53,686
8,554,5,48,5,130
8,346,6,797,4,304
7,511,8,844,7,657
7,577,26,624,1,601
9,103,3,200,5,696
9,745,45,796,5,438
9,441,17,499,2,549
8,487,9,267,13,175
9,25,32,445,31,335
9,9,9,490,9,714
8,498,23,830,27,26
8,900,8,374,17,11
9,121,4,45,2,853
8,377,7,169,4,940
8,577,5,541,2,624
7,671,2,41,10,816
837,458,7,563,2,533
8,296,49,129,2,26
9,158,38,853,48,559
9,240,5,999,10,330
8,450,18,735,5,488
8,157,6,486,4,187
8,341,6,131,23,377
9,473,4,355,5,222
9,534,5,486,5,363
8,563,17,604,2,984
8,997,2,559,4,685
7,735,4,950,3,882
8,624,5,855,2,505
8,301,5,547,6,42
8,346,49,698,5,155
7,894,9,639,36,158
7,841,7,915,40,985
8,80,25,656,26,949
8,438,136,248,8,445
9,715,6,52,6,619
7,635,2,989,5,549
7,884,49,886,45,423
8,176,7,427,3,171
9,995,3,264,4,901
8,105,6,390,4,753
7,535,5,559,5,179
9,989,4,812,1,383
7,765,9,651,5,100
7,789,4,927,22,455
9,283,15,795,36,544
8,979,28,135,16,706
8,811,6,965,4,37
8,93,5,422,1,824
9,868,2,881,19,473
9,378,6,924,5,704
8,431,8,810,5,826
9,60,7,154,5,681
8,581,7,739,3,173
7,702,4,346,5,297
9,228,5,341,14,928
7,685,9,297,8,40
7,515,16,78,2,512
9,287,5,15,5,613
8,866,40,849,20,292
827,714,28,444,1,399
8,635,33,539,37,724
8,77,29,270,19,17
8,421,24,218,1,364
7,884,22,436,5,338
9,458,7,981,3,343
8,517,1,737,9,673
7,697,5,991,5,695
8,854,177,876,39,645
9,487,7,22,10,676
8,737,6,373,11,536
8,796,9,764,3,784
9,305,24,98,3,673
9,231,19,953,40,698
9,354,4,174,7,727
8,145,5,16,42,935
7,886,4,398,32,292
9,397,4,186,17,58
8,432,37,690,9,466
8,178,9,316,8,663
787,71,2,866,31,189
8,763,9,632,48,278
7,535,1,883,3,350
8,846,6,874,3,249
7,691,3,195,24,318
9,615,8,348,5,122
7,725,24,263,17,63
8,249,9,596,20,76
751,251,7,751,5,708
8,267,6,530,12,507
8,225,7,766,18,874
9,937,3,272,3,696
8,591,39,242,45,273
8,617,37,446,14,153
83,369,8,53,2,195
9,121,9,698,3,344
9,414,30,773,21,760
8,305,9,77,23,922
9,336,9,167,41,936
9,336,9,496,5,517
7,823,39,911,29,211
8,146,9,440,6,180
8,120,8,437,5,126
8,920,5,349,5,589
9,181,5,423,3,345
9,969,38,416,5,5
9,821,6,808,25,873
9,721,7,31,15,936
8,570,8,206,46,176
8,944,7,419,4,883
8,645,14,199,42,396
9,731,7,68,4,295
7,658,7,56,5,579
8,547,6,406,32,318
814,912,8,549,5,385
7,866,45,760,1,626
9,628,6,490,11,291
9,388,8,639,5,698
8,970,16,289,10,917
9,400,7,557,3,713
8,70,5,896,4,265
8,609,1,399,39,579
8,696,17,871,43,558
9,823,14,457,44,627
7,898,5,436,10,213
9,859,4,372,29,548
817,602,5,631,48,279
8,721,19,146,5,687
9,147,7,62,5,519
814,855,8,692,3,53
8,274,5,160,4,147
9,765,5,933,5,657
9,384,9,150,40,732
7,535,6,579,40,326
8,494,8,880,4,126
9,402,7,842,3,100
8,740,44,720,20,435
8,813,5,271,1,870
9,699,7,253,8,392
7,923,8,785,36,643
9,176,7,815,29,131
8,579,22,320,41,666
7,736,9,395,3,265
8,290,9,900,38,286
9,345,5,121,4,826
8,702,2,893,13,372
9,80,8,279,40,625
9,915,4,15,9,313
767,21,5,168,18,848
7,755,2,363,17,525
9,194,5,560,5,659
7,956,5,499,2,182
9,57,32,471,4,900
8,931,3,315,5,661
8,328,15,911,16,642
8,580,2,628,12,458
7,629,5,426,2,205
8,812,9,621,3,143
8,85,5,984,40,960
9,227,8,983,18,673
9,252,7,688,34,493
8,444,1,486,4,576
9,488,9,3,48,596
7,527,6,62,2,354
8,684,5,360,16,634
9,775,7,252,5,656
8,756,4,839,3,541
7,843,9,232,4,522
9,541,34,771,42,920
7,898,5,641,5,204
9,142,6,266,18,120
9,268,37,735,2,822
836,498,6,939,5,317
7,557,41,527,41,165
9,456,7,926,13,576
8,293,9,150,28,976
9,181,47,381,1,553
9,254,5,343,20,674
9,894,5,53,32,798
7,663,19,653,9,458
9,850,8,212,4,719
8,567,23,190,3,976
8,708,18,763,2,952
8,447,5,401,6,794
7,676,5,177,13,291
8,599,5,34,33,778
9,310,26,85,15,315
8,493,7,508,5,130
7,532,3,350,5,127
9,459,42,353,3,402
8,899,5,47,43,923
8,112,4,725,32,792
9,85,8,757,3,814
8,864,7,291,4,708
7,963,45,660,4,609
8,881,42,35,6,599
778,328,21,101,36,782
8,162,4,343,3,682
9,925,3,892,4,434
9,605,8,173,1,657
8,992,5,224,21,955
9,79,15,952,48,657
7,620,5,926,3,683
8,14,15,354,18,421
9,409,6,367,5,641
7,530,5,209,1,274
7,679,3,892,9,585
7,655,21,593,43,618
7,560,6,992,3,301
9,290,9,347,1,807
8,555,26,456,2,439
8,527,5,99,27,978
7,804,3,337,3,780
8,78,3,16,48,58
9,266,3,881,3,749
8,148,6,911,41,367
9,836,3,549,4,108
7,882,6,75,5,117
8,753,4,775,5,391
8,508,7,428,45,989
9,359,44,217,22,183
9,353,23,679,40,715
7,628,8,78,5,655
7,692,5,206,4,395
8,679,5,844,15,388
9,243,15,580,32,330
7,881,8,60,46,723
8,28,4,16,5,128
8,584,2,241,19,318
7,878,7,13,2,505
8,281,41,98,11,31
8,958,35,85,14,317
7,984,9,443,5,658
8,946,11,109,32,788
7,635,9,934,5,321
8,537,41,887,5,588
9,180,2,747,14,141
9,146,46,995,33,187
8,383,4,79,4,627
9,285,5,842,2,23
754,960,9,526,6,132
8,98,29,52,48,621
8,419,3,228,47,607
9,492,7,223,2,299
7,677,9,6,37,423
8,483,28,751,29,168
93,593,37,915,2,947
8,584,25,463,1,926
9,322,6,989,15,758
8,104,3,798,3,408
7,563,7,681,10,127
761,982,16,28,39,115
9,169,4,121,4,404
8,127,7,829,2,746
8,762,2,199,30,139
85,740,5,207,42,360
7,554,2,236,4,181
8,308,6,893,5,574
8,970,4,695,9,542
7,997,4,741,14,166
7,624,2,118,31,630
8,116,9,414,30,941
8,601,49,73,41,55
9,341,18,966,6,398
7,906,4,827,23,801
9,438,1,606,36,915
9,179,154,900,13,927
7,998,3,413,17,384
7,562,11,605,5,553
8,709,44,279,6,89
787,709,7,400,2,55
9,555,8,595,19,996
9,140,9,195,1,783
9,432,3,576,49,988
9,693,23,400,5,98
7,671,9,410,11,947
77,999,6,39,4,204
8,885,18,448,36,819
8,518,7,58,5,339
8,479,43,741,41,219
8,99,1,600,16,506
8,779,8,23,1,671
8,255,45,623,4,888
9,716,44,845,2,575
9,597,3,60,7,136
826,368,48,109,5,444
8,50,17,995,3,254
9,219,8,109,5,329
9,329,6,243,41,663
7,907,8,148,4,421
8,355,21,445,24,183
7,635,2,681,3,761
9,639,7,778,10,746
9,706,4,39,2,717
791,48,46,552,40,41
9,148,7,653,5,288
9,993,36,64,4,190
9,514,39,83,1,138
9,119,7,385,41,777
7,911,27,82,16,977
7,835,5,609,3,406
801,374,5,399,11,797
9,438,8,271,44,338
8,723,26,475,26,248
9,744,41,368,5,97
9,605,9,200,4,726
8,873,6,238,3,229
8,880,8,637,4,76
8,63,25,684,13,190
9,281,7,443,5,377
7,926,6,303,44,397
8,431,24,557,5,192
8,230,4,518,4,231
8,568,9,497,9,510
9,182,21,862,15,353
9,162,7,31,2,795
776,945,43,489,34,377
8,347,33,209,18,268
7,915,5,126,48,943
8,371,9,521,23,524
7,793,3,236,14,413
7,619,25,754,5,476
8,727,43,406,25,125
8,18,6,484,4,759
8,781,5,737,38,498
9,355,7,89,5,437
9,166,2,30,36,794
7,664,7,371,31,211
9,684,35,466,1,54
9,861,19,173,46,233
8,51,5,324,47,520
9,641,9,963,27,924
8,436,38,833,40,644
7,624,14,271,229,411
8,872,28,498,49,320
7,605,5,338,5,23
7,935,5,953,31,362
8,143,33,113,8,99
8,174,8,728,40,469
8,793,1,559,13,169
7,544,3,487,3,554
8,584,2,508,5,423
8,123,12,919,5,483
7,652,36,19,4,295
9,940,11,231,38,969
798,816,6,503,20,734
9,126,7,734,5,545
9,116,30,960,1,959
8,887,5,483,4,23
9,270,24,56,36,899
9,854,9,515,4,978
7,771,20,387,21,192
7,591,6,652,26,277
9,259,9,524,1,755
9,956,29,606,3,120
8,224,9,738,43,742
9,621,21,889,46,218
7,518,31,818,31,256
8,608,11,140,22,102
8,492,28,208,33,601
8,93,6,480,1,763
8,214,31,272,5,126
9,887,15,993,12,974
8,51,8,253,3,689
9,940,8,541,21,752
81,489,3,642,2,522
8,556,21,222,15,387
9,253,7,185,47,172
9,571,7,763,4,202
8,984,11,168,14,303
9,241,9,687,7,530
8,396,7,132,2,893
9,842,5,898,2,992
9,85,5,663,5,699
9,4,19,20,16,560
9,754,5,396,2,488
8,757,4,733,3,557
9,718,45,543,11,555
9,15,9,825,5,116
8,800,3,400,12,765
9,135,8,92,3,108
8,236,3,107,26,755
9,982,17,10,2,911
7,851,5,333,16,591
8,141,3,402,2,664
801,32,18,717,2,334
8,303,24,276,33,219
8,425,8,408,4,603
9,939,3,184,35,791
850,194,8,400,19,112
7,924,8,252,2,79
9,923,7,925,5,449
8,750,2,890,41,134
7,800,31,888,23,877
8,210,9,981,47,912
8,496,9,655,41,136
8,33,18,478,5,149
7,737,44,549,4,916
9,527,3,926,4,462
9,226,7,706,4,625
9,721,4,351,20,506
9,144,37,780,4,948
9,715,20,334,52,655
8,961,2,883,5,447
8,489,7,296,10,71
9,638,5,177,46,147
8,507,3,362,1,952
7,565,5,939,13,302
8,47,2,520,5,0
8,391,5,522,15,374
8,785,15,802,3,739
7,806,7,85,28,640
9,929,7,16,33,608
8,144,5,507,5,410
9,569,5,244,2,973
8,761,5,141,4,865
9,354,2,609,4,973
9,90,3,971,4,250
7,645,8,332,41,675
9,120,6,604,3,385
8,80,5,925,4,72
8,988,3,637,28,777
8,354,2,979,5,198
9,677,14,610,11,540
8,656,5,6,34,787
8,651,28,661,3,707
7,960,47,395,24,400
850,658,49,288,4,737
7,765,9,548,9,693
8,523,46,154,3,8
9,824,23,933,4,351
7,718,6,385,12,518
8,876,6,658,38,926
9,289,4,283,3,740
9,321,5,682,20,258
9,256,1,322,4,701
9,506,2,258,24,763
9,763,2,988,41,305
9,881,4,306,5,511
9,959,9,933,24,134
8,887,4,831,28,630
780,902,8,91,5,409
8,135,6,182,21,696
8,179,3,286,1,373
9,148,7,596,2,824
8,274,1,724,2,170
8,659,5,330,22,289
9,667,1,602,5,386
8,223,3,923,18,877
8,205,5,472,49,839
8,988,5,611,25,382
7,630,8,335,4,772
7,574,9,757,23,171
9,150,47,122,2,891
9,802,36,138,4,88
7,521,6,806,5,51
8,252,8,753,32,477
9,518,13,866,5,556
7,901,3,375,24,72
8,769,2,742,17,235
8,742,8,591,48,387
797,434,7,663,4,190
8,433,8,768,3,350
8,364,8,485,4,645
9,546,8,751,3,849
9,679,20,396,4,694
807,445,9,215,21,786
798,896,5,632,4,986
9,255,4,335,28,912
9,44,9,976,9,32
9,840,8,978,5,507
8,951,6,485,5,380
9,168,9,114,43,291
7,537,7,600,13,702
8,359,46,89,24,423
7,644,8,732,5,461
9,122,3,865,2,825
7,743,11,654,4,377
7,819,9,368,6,355
9,91,7,901,9,654
9,112,7,956,10,696
7,990,7,76,10,796
9,914,25,891,34,807
8,364,16,583,5,610
9,416,29,432,4,456
7,718,32,393,49,796
8,419,4,266,5,481
8,328,7,246,5,307
9,231,5,147,2,171
8,31,4,753,3,668
9,549,5,205,5,316
9,993,15,660,19,322
9,474,38,628,39,227
9,680,23,205,1,444
7,717,8,519,9,680
7,540,6,139,6,203
9,816,6,846,24,533
9,89,11,551,4,152
9,571,5,736,9,387
7,655,19,78,46,542
9,556,24,876,5,160
8,653,5,585,42,34
9,903,12,587,20,895
8,553,19,922,1,119
8,875,5,582,31,210
9,826,7,305,3,726
8,376,1,856,5,451
9,461,21,99,1,744
8,99,8,428,19,88
8,279,8,627,4,76
7,599,3,141,3,934
9,388,35,571,5,257
8,269,6,26,3,975
9,556,39,815,2,166
8,20,8,972,7,914
94,854,45,153,47,827
9,836,8,395,8,488
9,831,5,584,2,295
9,900,9,226,25,428
7,708,7,270,31,72
7,908,9,326,12,414
8,840,1,565,3,934
8,628,22,72,5,800
769,993,6,806,11,301
9,791,9,457,4,814
7,968,31,279,3,365
9,999,8,327,12,828
7,633,7,229,39,795
8,364,8,72,5,325
9,347,7,484,5,530
790,601,27,270,48,252
8,425,9,203,5,455
9,888,2,575,41,454
8,912,9,803,5,31
9,644,26,649,4,315
7,572,1,955,3,733
9,654,7,23,2,901
7,562,9,354,9,273
8,459,7,107,3,663
9,656,3,551,28,976
8,512,43,760,5,298
9,12,8,119,4,823
9,604,7,330,5,230
779,481,31,61,5,79
8,918,9,574,4,646
9,991,2,894,5,381
7,601,7,472,1,151
7,835,28,747,4,94
8,157,3,962,22,603
8,9,4,521,47,436
9,471,6,147,10,652
8,297,8,172,3,749
7,960,8,604,3,51
8,548,8,683,46,531
9,321,46,827,7,134
9,612,7,696,11,449
9,346,8,438,32,427
8,176,8,324,42,923
9,336,1,897,4,596
9,413,8,2,5,133
8,692,33,554,17,886
7,708,3,353,22,264
7,552,9,436,43,685
8,373,8,546,4,758
8,944,29,934,14,534
8,182,16,501,3,981
8,489,9,23,2,45
9,658,8,51,5,65
8,967,29,415,44,243
9,194,48,948,9,671
7,649,2,339,3,631
9,787,5,574,27,66
7,722,3,491,28,479
8,674,3,440,4,142
8,96,6,215,8,193
7,936,7,479,19,536
7,675,28,893,4,99
9,10,3,378,4,319
9,421,7,537,5,672
9,237,4,223,21,803
8,613,9,90,20,256
7,700,3,807,4,304
788,368,11,373,22,679
8,533,1,781,23,392
9,345,6,255,31,625
7,801,6,929,11,421
9,581,7,824,4,945
9,449,6,229,27,639
7,962,8,837,2,310
9,187,202,114,5,588
8,501,7,496,3,221
9,621,12,187,5,589
7,544,41,962,35,683
8,943,5,380,45,429
9,235,6,71,32,763
8,169,9,351,43,187
7,870,3,443,4,84
8,807,38,150,10,465
7,823,7,87,13,375
7,609,4,143,47,663
8,970,5,31,29,277
7,741,8,618,25,331
9,514,6,879,46,999
9,136,5,37,35,755
8,288,4,155,32,545
8,874,7,517,4,74
9,489,41,613,5,507
8,418,6,107,4,472
8,504,9,615,3,291
8,538,6,430,1,624
7,531,22,322,1,520
7,949,9,436,9,878
7,858,8,899,2,844
8,245,8,402,5,276
9,777,8,178,47,576
7,622,5,860,10,615
9,90,4,39,44,635
8,902,6,539,3,583
8,121,4,41,5,565
8,268,6,76,3,555
8,39,6,499,12,489
8,426,9,589,3,412
8,627,6,779,2,137
8,610,20,574,9,38
97,966,17,84,5,522
785,656,42,320,48,580
8,173,8,135,18,287
8,394,92,630,38,374
8,873,3,623,44,731
7,951,4,119,43,220
8,669,9,791,10,299
8,171,8,19,8,833
7,958,2,993,48,504
8,251,7,926,2,390
8,714,8,666,10,925
8,776,8,688,1,956
7,821,37,890,34,384
8,975,28,255,5,221
8,939,20,528,49,527
9,81,2,145,25,697
9,42,1,580,28,776
7,582,8,48,26,375
8,988,4,997,40,584
9,321,6,748,16,265
7,814,5,673,4,275
8,118,6,703,5,558
7,943,9,710,14,386
8,74,8,127,49,456
9,774,5,315,40,910
9,587,40,535,18,680
8,74,6,971,6,938
8,563,2,504,3,898
8,630,5,866,41,690
7,991,2,623,7,426
7,662,7,915,3,673
8,146,6,654,4,97
8,545,38,975,2,557
8,790,7,562,5,692
9,253,1,385,4,553
7,668,3,753,5,197
8,945,5,204,3,65
8,914,46,839,1,332
8,497,6,321,7,303
9,157,20,613,39,673
8,703,49,235,15,22
8,764,39,270,3,203
8,690,8,452,41,82
8,116,45,422,28,577
7,555,7,492,5,25
8,100,7,318,5,669
9,979,7,246,5,574
9,565,6,902,38,713
7,500,35,743,6,320
8,796,6,6,5,460
8,863,9,211,4,423
7,983,15,753,4,424
9,402,14,465,2,566
7,847,36,498,2,607
9,322,5,717,2,988
7,856,6,511,35,148
8,483,27,171,4,761
9,711,11,860,5,507
9,851,9,817,5,680
8,363,20,661,22,400
7,537,5,389,11,581
7,627,24,437,4,771
790,370,4,592,24,687
9,4,6,811,21,247
8,662,2,117,33,211
8,648,7,814,41,885
9,344,20,936,4,0
8,554,5,185,33,347
8,850,38,529,29,900
9,943,184,899,20,284
9,910,5,943,5,257
9,750,18,89,53,289
9,191,9,664,34,52
8,750,3,32,56,295
8,69,9,228,10,931
7,980,7,0,42,684
8,544,8,932,4,574
9,661,7,924,30,462
9,222,5,976,24,946
9,411,8,518,15,659
9,605,6,833,29,126
8,740,5,891,10,150
8,626,6,710,5,62
9,169,9,334,10,241
9,915,8,625,18,336
7,570,5,117,3,712
8,421,8,609,3,172
7,874,8,161,4,592
8,856,1,556,5,90
9,317,35,553,48,143
7,639,4,457,38,985
8,263,3,961,3,386
9,852,49,886,3,709
7,562,9,70,3,649
8,560,3,9,5,649
9,433,14,77,8,30
7,813,8,298,41,241
7,727,9,781,12,335
9,993,3,414,10,716
8,392,6,576,1,443
8,854,26,436,18,386
8,607,7,145,30,967
7,576,1,874,3,57
9,7,9,534,45,223
8,79,8,952,3,992
8,199,33,585,29,402
8,891,220,69,1,65
8,833,49,361,15,246
8,389,49,154,20,635
7,849,2,958,18,524
7,918,5,883,18,560
9,814,9,838,4,692
9,106,5,919,9,300
8,523,6,201,3,758
7,543,5,207,5,3
9,189,4,87,3,905
9,911,9,321,39,34
9,783,19,505,16,656
9,908,8,304,3,811
9,330,6,563,16,736
9,293,25,503,2,756
8,415,5,480,37,7
77,791,42,431,3,726
9,203,9,177,31,413
819,624,24,862,3,672
8,738,12,350,18,938
9,867,6,531,3,471
8,565,8,154,9,206
9,451,11,580,10,668
8,398,8,740,13,363
8,707,35,115,18,292
8,352,4,180,5,506
8,71,45,3,13,424
7,879,6,812,18,192
7,877,5,100,8,58
8,140,4,521,37,797
8,494,2,591,3,352
8,32,6,38,41,117
8,232,9,247,38,875
9,127,7,906,3,5
809,753,37,3,25,219
8,577,48,0,5,633
7,682,3,22,26,665
8,402,3,788,4,149
797,477,3,453,4,414
9,83,5,195,6,328
9,57,26,342,28,548
8,172,21,820,2,509
8,597,40,971,5,677
7,643,1,905,14,998
9,177,7,391,9,743
8,581,9,501,1,881
9,566,6,970,42,481
8,123,6,685,2,983
9,846,9,312,12,167
8,867,21,675,182,130
7,524,3,269,12,117
7,798,14,347,12,913
7,954,9,566,11,291
9,38,16,959,1,661
8,959,6,315,2,664
7,687,15,70,3,678
9,755,34,288,44,689
8,73,4,485,39,352
9,369,41,556,5,7
8,530,5,490,5,684
9,981,3,18,21,232
830,813,6,414,4,129
8,228,6,786,19,285
751,661,4,163,4,903
7,652,3,174,18,764
9,205,21,238,5,162
8,289,4,376,2,753
9,114,7,211,9,204
8,574,8,473,5,163
7,800,5,115,36,473
8,590,18,594,23,327
8,160,2,343,5,339
7,598,5,996,3,594
7,682,9,442,2,561
9,43,5,29,26,0
9,555,1,570,8,900
9,693,9,429,2,936
8,51,9,34,41,395
9,555,7,481,3,508
7,699,23,463,3,151
8,353,5,300,5,115
7,638,18,599,8,691
9,160,3,209,15,794
8,8,5,649,7,519
8,269,8,878,2,103
8,822,9,562,30,38
9,617,22,827,6,754
9,668,37,595,2,69
8,808,6,856,12,301
8,121,9,537,16,663
9,33,7,865,32,687
9,180,6,591,22,607
9,976,2,511,14,315
9,401,9,940,45,413
9,163,6,943,5,273
9,869,5,244,41,942
7,727,7,10,29,707
8,302,30,213,4,973
9,357,4,825,19,716
7,936,8,137,41,5
8,423,48,321,2,738
8,450,1,864,13,659
766,741,1,624,4,441
7,775,40,814,11,617
9,717,6,438,18,728
7,727,17,852,5,710
9,567,5,202,5,691
8,777,6,93,5,560
8,472,3,305,5,556
8,743,6,284,4,66
7,600,44,897,35,319
9,694,9,907,19,483
9,899,8,553,24,416
7,693,9,17,15,113
8,433,2,984,18,616
8,456,5,831,2,879
9,60,7,428,4,512
7,952,4,872,40,518
9,943,20,620,26,209
9,132,6,143,3,929
7,649,31,175,10,155
9,590,5,637,9,788
7,769,9,407,24,512
9,596,3,188,4,135
9,892,7,43,3,63
8,795,4,786,5,356
9,639,4,88,1,893
8,753,31,336,27,773
9,918,8,65,2,739
8,839,6,892,14,967
7,705,7,976,38,956
9,296,12,964,15,272
95,210,5,749,5,335
828,163,8,6,12,416
8,307,4,572,5,321
8,932,6,35,29,339
8,436,5,112,13,11
8,365,6,778,17,13
8,883,6,572,36,900
9,432,26,775,35,320
7,996,7,697,12,886
8,20,4,63,3,586
794,236,5,906,5,359
7,669,7,699,3,793
9,428,8,240,5,379
804,139,18,31,60,368
9,647,44,657,46,825
9,211,4,731,15,516
9,390,4,774,8,316
9,683,2,941,46,430
8,755,3,956,8,561
8,11,4,552,14,982
9,543,7,128,242,128
9,746,4,125,46,983
9,950,9,395,33,797
9,129,4,478,4,83
9,965,42,39,2,673
787,110,8,879,25,985
8,884,6,796,3,55
8,584,15,321,2,384
8,343,8,170,40,576
9,501,8,831,14,779
8,28,6,927,5,580
8,72,6,684,5,239
9,565,9,28,3,492
9,880,3,581,19,371
9,357,4,634,49,962
8,124,9,967,11,914
9,269,15,281,27,383
8,481,16,964,25,666
769,578,5,132,9,878
8,258,5,980,2,800
9,913,23,975,20,237
8,265,6,374,1,257
8,912,34,725,1,452
8,386,7,293,1,65
8,735,5,50,21,216
8,349,7,457,21,822
8,983,8,17,17,429
9,698,3,407,5,661
8,633,5,717,5,631
8,957,44,529,1,264
9,743,7,343,4,196
7,691,9,704,8,404
764,835,33,895,1,382
9,462,7,96,2,86
7,829,7,921,49,120
9,627,8,83,29,132
8,406,7,520,28,199
9,301,8,379,2,689
8,581,13,394,4,99
9,124,4,766,1,81
8,273,7,361,1,700
8,120,9,477,31,533
8,175,7,731,32,225
785,81,5,83,19,949
8,76,29,335,5,27
9,323,8,145,4,306
9,42,16,755,42,790
9,500,5,381,4,286
9,419,7,802,11,1
9,906,3,483,4,732
8,728,7,11,4,997
8,556,5,721,23,917
8,275,2,503,5,277
815,527,9,579,48,897
8,142,19,273,3,390
8,885,31,945,1,564
9,2,9,789,2,720
7,902,28,232,3,836
9,895,1,414,35,992
9,987,62,816,1,586
8,15,9,698,14,823
8,651,35,579,1,963
9,726,30,906,56,93
7,856,8,757,5,650
8,827,17,539,1,611
8,751,8,867,38,529
9,56,7,632,43,995
9,506,9,406,3,633
9,476,1,223,5,83
8,784,7,656,24,855
9,332,8,723,29,774
8,806,15,30,2,712
9,862,16,761,5,181
8,103,43,82,41,942
7,625,6,836,15,849
8,915,4,454,3,118
7,655,8,920,41,782
773,786,4,98,10,93
7,733,3,682,16,840
7,797,9,92,26,748
7,679,5,208,3,103
8,548,7,855,4,584
7,716,7,706,14,870
7,499,3,503,5,161
8,672,48,849,1,896
8,984,36,1,16,710
8,185,2,155,10,301
9,505,4,101,3,530
8,964,5,864,18,345
9,853,7,134,43,931
7,659,8,548,11,567
9,236,5,931,22,486
9,743,24,744,35,866
9,520,7,343,4,844
7,849,6,320,44,498
9,733,9,385,48,726
9,588,9,867,9,84
8,425,15,9,4,2
8,993,8,451,4,411
8,866,33,759,33,993
9,635,48,14,28,890
9,141,3,807,4,265
7,951,9,742,5,304
8,506,7,191,19,220
7,772,9,527,3,895
8,982,3,509,47,170
8,261,8,748,2,418
8,5,14,23,4,449
9,463,6,747,24,728
9,328,14,76,13,523
9,876,9,491,5,402
9,832,21,392,34,114
9,240,6,566,2,14
9,577,5,485,3,769
8,345,6,616,38,417
8,410,9,33,3,919
8,781,6,124,22,455
8,386,2,767,10,216
8,419,6,594,2,523
9,746,7,493,109,706
9,393,5,222,38,812
9,273,3,445,48,43
7,704,5,354,33,426
8,473,9,86,27,521
97,357,6,256,8,683
8,556,7,403,48,533
8,854,2,794,2,634
7,889,5,150,18,732
8,256,2,353,5,319
8,452,4,547,3,933
9,698,4,72,5,661
8,772,7,945,33,95
8,357,9,37,5,614
8,680,11,871,2,620
7,751,4,530,10,674
9,267,7,14,3,526
9,846,34,74,47,476
8,244,5,112,1,592
8,152,5,569,5,328
8,404,5,297,3,985
8,746,6,275,8,188
9,609,13,846,32,422
9,802,8,571,17,650
9,737,18,661,5,87
9,723,8,417,3,503
7,763,8,385,4,357
7,682,3,46,18,77
9,16,8,367,2,580
9,184,33,455,3,461
8,162,12,244,5,176
9,498,12,285,34,775
7,582,9,707,20,439
8,756,5,387,4,476
9,198,5,623,10,613
9,607,9,748,5,432
8,436,9,943,34,549
9,773,7,39,36,671
8,987,2,361,42,83
8,845,4,559,18,841
8,352,11,991,2,441
9,500,9,381,4,394
9,833,43,107,26,929
9,423,9,622,3,92
8,496,8,293,21,88
7,932,8,677,3,522
8,668,5,181,47,829
9,741,4,93,5,90
7,840,6,827,28,926
831,656,2,954,13,733
83,301,24,489,202,427
9,730,6,143,3,474
9,330,8,710,3,215
9,130,7,106,11,647
8,148,7,217,14,478
8,486,4,29,32,250
10,0,22,970,37,480
817,664,36,895,49,828
9,645,11,435,5,47
8,547,5,856,7,992
9,722,4,617,21,81
8,575,6,1,5,693
9,483,3,437,4,389
7,670,22,187,5,149
7,681,3,756,26,12
8,958,7,519,30,708
8,397,6,323,14,960
7,693,8,43,45,295
7,649,47,246,46,562
8,50,15,754,28,217
9,28,9,363,2,55
7,665,8,675,5,18
8,235,4,543,18,961
9,507,8,607,39,156
7,807,7,219,4,137
81,3,8,705,12,333
8,533,38,827,4,874
7,962,9,551,5,115
806,700,10,0,1,497
9,113,1,451,25,68
8,149,17,707,16,467
8,951,6,875,2,893
9,491,8,338,6,949
9,220,4,883,13,933
7,559,6,526,5,82
7,512,25,398,3,206
9,573,9,150,19,134
8,624,9,504,2,859
9,83,3,647,12,382
9,936,6,173,33,177
9,822,8,73,24,974
9,846,20,412,22,958
9,695,5,867,4,964
8,132,8,974,6,345
8,960,7,273,4,127
9,169,42,703,7,401
9,565,9,81,2,48
8,803,9,974,4,485
9,915,6,190,4,866
8,241,9,126,35,318
9,324,7,947,46,146
7,644,9,690,48,798
7,856,2,155,4,471
9,572,20,102,5,4
9,661,6,840,6,217
7,753,5,518,5,147
8,886,5,632,19,552
9,396,7,365,44,490
99,900,3,528,47,117
9,148,2,570,2,824
8,143,30,248,4,189
9,845,3,353,21,447
9,415,4,489,5,667
8,372,8,207,2,164
9,885,4,852,3,106
7,911,2,487,4,272
7,798,6,414,14,230
7,880,6,334,43,485
9,519,3,939,3,251
8,87,2,987,8,497
8,994,8,521,3,641
833,379,4,651,24,518
9,726,7,678,5,441
86,876,1,703,18,396
9,857,9,681,44,45
8,996,42,32,5,213
9,572,5,578,52,617
7,597,6,898,10,925
8,253,6,175,4,72
9,771,4,890,4,591
9,532,17,567,2,614
8,479,6,568,43,767
9,572,14,595,21,754
9,602,41,363,4,874
817,815,2,972,10,437
9,323,5,890,3,484
9,877,5,243,19,510
7,890,21,291,35,336
9,356,6,658,1,597
8,806,27,881,20,300
9,726,9,249,39,267
7,969,35,533,23,283
8,308,3,181,10,128
7,942,2,224,33,954
9,264,5,156,11,879
7,837,1,852,5,309
8,355,4,23,15,719
7,806,5,497,41,551
800,526,8,54,2,231
7,810,7,756,8,958
9,657,8,948,4,254
802,619,5,252,14,886
8,211,13,311,2,509
9,474,47,454,37,30
9,4,5,751,2,188
9,200,27,997,1,999
84,473,9,226,2,806
8,872,8,576,37,928
7,734,8,700,10,323
9,634,9,513,13,485
9,771,3,864,4,27
8,803,2,135,5,471
7,763,6,927,45,400
8,586,5,63,4,292
9,739,8,340,1,314
8,222,5,283,2,121
9,162,5,390,5,212
838,641,3,16,9,178
7,663,6,327,2,826
8,338,2,257,2,479
9,53,6,783,21,580
9,992,7,653,40,934
9,333,5,161,9,615
9,602,1,597,17,967
8,441,7,944,33,57
9,61,8,754,29,823
7,672,2,626,22,952
8,922,7,132,4,641
7,935,8,373,4,82
8,808,22,408,17,177
9,17,23,114,8,452
9,239,9,421,3,780
832,696,8,558,2,192
8,978,21,810,4,74
9,124,8,10,3,402
8,241,11,927,4,491
7,734,9,36,2,566
8,233,9,18,8,733
9,157,3,287,12,55
7,551,81,859,213,120
782,870,21,493,4,159
9,454,5,8,19,713
8,962,36,737,5,540
8,492,9,237,3,409
7,966,19,401,5,596
9,889,8,750,5,661
79,201,6,114,3,912
8,286,3,520,3,929
7,670,15,96,3,918
8,763,5,426,43,753
7,859,4,718,20,676
8,392,5,11,3,762
8,617,5,928,23,144
9,74,7,51,18,701
8,108,9,833,4,112
8,846,8,977,1,867
9,928,6,48,21,803
8,310,5,89,5,381
7,916,9,858,36,551
9,903,13,154,4,662
9,553,7,711,38,376
9,654,3,977,5,115
7,886,5,678,38,756
9,842,48,885,2,299
9,230,4,491,45,87
7,518,18,906,4,648
7,979,5,391,45,491
9,652,33,316,26,762
81,923,3,466,4,714
8,853,35,972,2,507
8,249,8,262,45,16
8,510,9,728,21,601
8,222,7,792,22,663
8,265,26,271,44,587
9,587,8,439,7,408
7,961,5,729,2,832
8,95,9,264,19,959
8,400,3,961,2,418
8,440,8,296,3,254
9,832,35,907,15,62
9,967,49,888,29,796
9,930,9,404,4,682
9,485,6,585,2,429
8,615,6,347,5,518
9,691,3,685,4,330
9,824,6,453,5,162
9,113,44,501,2,705
9,169,6,353,189,72
7,533,24,56,34,887
8,712,4,867,19,780
9,184,1,381,2,346
8,455,2,878,29,4
7,708,19,786,4,753
9,320,39,991,24,334
7,586,5,539,30,196
8,619,7,454,34,20
9,114,9,672,1,399
8,130,40,188,5,680
9,643,5,42,4,431
8,614,2,439,5,171
9,994,3,258,48,73
9,520,5,709,4,697
9,486,8,398,4,511
8,427,19,530,3,557
8,179,5,197,5,513
8,108,9,786,29,975
8,363,2,715,2,87
9,223,39,540,4,827
8,548,9,44,1,596
8,829,17,872,26,76
9,585,7,347,5,117
7,585,28,182,9,63
7,988,7,977,22,955
7,738,6,92,34,745
8,786,9,194,36,707
8,942,8,406,13,554
9,358,11,932,33,310
7,587,6,832,20,334
8,375,8,887,48,732
810,332,5,643,19,766
795,309,5,201,3,504
8,17,2,54,1,391
9,79,5,288,21,410
9,64,25,570,5,125
9,543,32,39,4,686
8,877,6,39,7,13
8,789,5,40,8,322
8,301,2,970,27,55
8,621,3,706,2,325
9,147,2,763,2,953
9,939,5,116,3,283
9,987,2,236,4,449
8,547,21,110,5,197
752,954,3,816,11,42
9,355,7,163,21,157
8,270,6,702,44,578
9,521,6,997,2,248
8,649,3,995,10,578
7,842,192,12,4,869
9,839,30,677,5,610
8,985,8,530,37,38
7,703,14,109,16,109
9,37,9,784,11,658
7,826,46,594,6,50
7,896,32,513,2,693
9,572,25,755,5,119
9,154,6,939,15,960
8,45,5,580,25,93
8,16,22,475,8,900
752,223,44,652,22,928
7,689,20,205,2,725
9,90,7,1,2,113
9,494,20,540,23,81
9,940,5,873,4,347
9,114,17,484,2,148
8,592,2,510,5,85
8,539,7,426,3,387
9,953,3,187,18,204
8,518,27,915,3,899
9,33,7,962,9,112
9,529,7,773,9,583
9,980,28,996,5,235
8,741,5,296,16,76
9,694,11,912,48,198
7,596,6,402,4,207
9,841,7,443,4,79
9,559,7,517,1,584
7,500,5,891,22,260
8,292,18,506,43,309
8,427,9,474,21,12
9,255,9,470,2,35
9,14,12,53,38,365
8,977,7,518,5,702
9,665,3,333,4,834
9,7,5,709,2,672
8,623,21,791,4,184
7,814,3,364,3,804
9,523,2,824,3,118
7,987,7,137,3,956
768,307,4,789,17,677
97,611,6,40,5,35
9,305,8,270,3,214
821,817,6,250,3,248
7,603,16,284,14,6
7,658,3,243,6,809
8,521,8,491,3,56
9,197,5,599,3,959
8,130,5,830,4,763
8,62,5,892,5,585
7,701,59,101,5,186
8,78,4,127,14,800
7,627,6,211,15,413
7,974,8,158,5,135
7,678,7,252,4,305
8,942,5,520,8,238
7,691,25,101,3,248
90,524,4,765,3,623
9,185,7,278,33,60
7,934,26,981,18,762
8,123,7,930,25,678
7,960,6,281,17,694
9,895,6,666,17,794
7,800,9,826,35,251
759,98,5,970,5,50
9,916,49,984,8,954
8,22,8,924,3,870
7,638,15,901,5,686
8,197,9,930,24,318
95,116,8,739,3,971
7,991,9,330,36,90
7,701,6,747,35,326
85,240,5,343,13,439
7,611,7,263,2,453
9,890,22,647,43,850
9,323,9,123,12,427
9,288,20,854,15,612
8,203,7,466,49,264
9,682,9,450,35,89
9,507,22,305,3,417
9,649,3,80,4,737
7,937,25,432,12,571
8,688,6,572,5,632
9,694,3,604,5,450
8,312,5,601,57,225
9,770,22,48,5,391
7,623,23,194,5,664
7,901,2,688,5,701
9,159,7,760,41,946
7,596,12,129,3,923
8,196,6,559,3,170
794,762,12,513,3,80
7,875,6,837,34,809
9,690,8,659,3,884
7,537,7,489,8,906
8,782,5,385,22,960
9,48,38,610,22,522
8,670,3,560,27,892
8,117,27,715,3,877
7,945,5,431,11,683
9,865,6,343,19,530
7,565,2,614,34,156
7,761,6,915,9,808
8,546,8,953,21,357
7,965,7,41,23,676
9,515,6,83,5,668
9,556,49,435,4,121
8,320,175,391,5,135
8,112,8,198,42,351
843,111,2,699,2,880
9,343,3,921,7,447
7,728,6,970,5,355
7,885,5,105,2,801
9,569,5,938,1,374
763,121,2,203,46,606
8,491,3,910,31,160
7,563,6,997,39,43
7,518,9,811,3,481
7,913,93,806,11,646
9,220,76,634,37,38
7,520,6,492,12,197
7,967,4,603,3,549
7,820,4,525,37,325
7,751,4,914,43,576
8,92,6,519,3,82
9,803,9,400,42,837
9,977,6,337,42,889
779,321,8,226,9,689
9,463,5,802,5,35
9,939,7,448,5,147
8,132,41,564,8,878
9,548,6,319,8,888
7,953,2,302,19,819
7,951,9,551,31,538
8,541,7,810,4,54
7,993,5,102,37,860
7,565,8,11,4,943
9,709,39,496,3,98
9,608,5,644,8,517
8,335,2,581,12,998
8,347,29,319,1,420
8,318,42,199,164,845
7,688,8,646,3,154
9,347,7,612,24,225
8,428,17,317,40,124
8,951,29,751,2,723
9,646,4,727,2,675
7,883,7,632,5,27
811,420,6,90,32,606
8,606,89,669,14,361
9,114,3,77,1,290
7,865,39,750,3,686
9,561,45,75,3,869
7,661,6,130,23,580
8,132,46,34,2,559
7,837,42,725,2,751
7,740,22,805,5,276
8,732,2,572,5,52
8,532,4,828,13,458
8,620,1,311,4,300
8,574,29,772,33,532
9,156,47,877,10,495
8,385,22,293,4,423
9,94,13,190,28,992
8,164,8,475,26,650
9,611,6,506,7,985
8,765,19,514,42,638
7,918,8,958,45,474
8,442,5,162,24,467
9,120,37,469,18,420
7,597,6,751,25,263
7,792,6,649,2,648
8,525,9,630,5,206
7,580,8,702,5,451
9,920,22,745,6,960
8,776,29,206,4,338
9,788,119,196,47,515
8,832,29,16,48,553
8,83,4,689,14,259
7,607,23,950,2,806
8,959,5,34,13,660
9,106,47,182,43,729
9,128,7,212,4,788
8,787,8,859,21,34
8,37,6,72,34,974
8,436,4,34,3,680
9,730,6,767,3,707
9,934,3,275,4,58
8,243,7,947,1,298
9,346,8,856,29,399
8,368,32,570,1,825
9,398,4,461,4,947
8,571,5,502,3,98
9,900,8,160,9,506
8,81,34,706,5,83
9,963,6,61,4,224
9,646,19,326,2,86
9,879,13,273,13,852
8,575,15,7,5,539
8,985,48,714,19,439
9,818,24,951,6,374
839,784,9,718,30,245
9,206,7,609,31,946
7,596,3,168,4,3
8,625,7,332,15,521
7,562,2,747,32,903
9,374,9,33,3,469
7,751,49,28,5,460
8,213,33,327,9,778
7,987,5,598,5,916
8,343,8,385,24,569
78,576,9,450,3,180
8,240,7,902,2,926
9,612,9,500,2,725
8,320,8,959,4,503
7,529,7,222,3,127
7,643,6,898,1,835
8,487,6,103,4,64
7,530,9,71,5,552
8,490,5,495,26,974
9,471,5,574,48,305
763,621,9,370,3,706
8,992,7,84,20,661
8,443,5,676,27,668
9,356,27,661,4,387
7,747,8,232,29,249
8,350,31,341,3,464
8,497,6,275,5,345
9,459,22,979,4,951
7,676,46,349,39,627
7,762,7,207,3,252
7,745,3,925,4,38
7,528,8,603,10,692
9,853,33,650,30,666
8,568,13,774,7,829
8,293,39,830,18,737
9,240,32,66,3,131
9,849,27,627,47,994
9,320,31,186,19,56
8,510,15,475,15,480
9,294,8,141,2,82
8,507,6,218,18,5
8,571,6,97,2,47
7,681,2,986,45,581
8,892,44,329,17,2
8,570,2,809,2,476
7,624,5,161,44,561
8,36,8,671,29,231
9,921,8,819,25,848
9,243,16,731,30,372
7,699,7,281,45,281
8,625,39,70,39,831
9,530,20,653,11,178
8,629,2,614,21,683
8,964,9,803,5,297
7,905,3,624,4,401
8,8,7,240,5,499
8,527,8,809,5,536
8,527,5,167,2,886
8,888,4,342,29,194
8,449,2,574,14,73
8,908,21,499,3,420
8,477,5,824,3,428
8,933,15,698,17,565
8,244,7,156,35,924
9,564,7,224,4,766
7,585,9,164,3,60
9,840,17,219,4,474
9,105,3,818,36,397
8,983,5,321,3,791
9,986,7,194,25,908
8,689,31,764,13,754
7,641,12,783,30,36
9,342,18,87,5,119
815,977,5,142,60,108
9,909,9,435,36,7
8,122,8,744,47,260
8,648,8,476,5,339
9,386,5,19,5,471
9,686,5,793,34,28
8,477,19,724,5,983
9,280,23,92,6,299
9,537,8,303,23,727
828,438,3,346,1,685
8,185,9,879,5,160
820,511,6,638,7,814
9,496,25,884,23,263
8,896,6,261,5,674
8,654,16,185,21,48
7,599,5,175,2,749
8,102,46,601,1,855
8,737,9,410,36,625
8,104,44,725,43,905
7,785,42,438,11,466
9,128,12,852,33,679
8,214,20,830,5,312
8,378,20,764,14,126
8,866,6,834,4,348
8,296,7,224,20,13
8,862,18,16,24,653
8,35,5,822,46,610
7,953,22,611,15,139
8,392,6,151,13,136
9,514,2,241,25,367
9,957,8,305,3,432
9,547,5,386,24,418
8,140,23,222,9,163
7,711,3,794,3,531
7,921,21,164,11,202
8,600,23,245,4,973
7,578,31,701,4,423
9,700,8,844,19,783
9,904,17,219,3,70
9,373,3,191,28,695
9,967,24,169,5,572
7,776,8,338,84,931
7,548,4,301,1,794
7,571,7,655,5,124
8,614,41,96,16,541
8,987,15,539,26,693
9,532,15,758,5,27
805,265,3,441,3,672
8,616,33,523,35,214
9,49,6,993,3,462
8,101,2,832,3,878
9,242,36,974,10,434
9,562,5,258,25,822
8,252,4,851,46,393
7,668,7,598,3,261
7,875,2,676,48,434
7,871,5,406,2,168
9,512,2,629,8,221
8,209,7,124,2,258
9,504,4,377,8,534
8,202,16,10,5,136
9,876,5,426,42,579
8,494,25,182,24,496
8,682,6,897,5,326
7,933,20,350,2,604
8,257,1,482,5,178
9,678,6,380,23,384
9,208,1,270,11,755
8,853,8,29,1,941
8,839,7,272,4,190
8,378,8,159,4,776
9,851,8,699,2,276
8,408,7,186,15,392
7,712,13,515,22,409
9,72,34,304,7,655
9,845,6,95,4,814
7,775,11,708,5,12
9,183,5,820,2,244
8,436,6,890,4,306
831,930,22,1,19,328
8,901,49,91,9,361
9,31,5,524,37,479
8,48,7,360,17,126
8,427,21,801,19,518
8,449,43,884,6,992
8,368,7,939,1,464
8,174,39,321,1,412
8,135,26,144,54,777
8,610,13,940,1,350
9,830,2,317,2,91
8,460,3,820,3,31
9,771,9,200,2,494
9,562,4,688,180,462
7,774,5,429,3,483
7,936,44,754,2,393
8,312,32,606,1,547
7,641,6,264,8,165
8,606,7,104,4,834
8,975,4,724,5,332
8,362,13,880,16,138
8,539,7,8,1,435
8,688,3,327,39,499
843,545,2,300,29,389
8,915,15,369,5,197
8,163,6,210,4,247
8,144,9,48,21,37
823,171,47,125,31,431
7,655,8,278,4,554
7,616,2,781,42,766
9,360,8,538,5,193
7,644,8,19,14,736
8,179,22,898,3,601
8,86,41,165,2,941
8,369,43,270,10,995
8,938,5,542,18,235
9,392,4,357,2,22
8,0,7,171,2,96
9,241,4,772,55,377
8,957,2,175,1,785
8,317,7,460,4,661
9,739,8,168,17,473
8,528,3,534,59,588
8,215,4,885,3,892
8,29,5,352,46,328
9,308,44,543,4,265
8,513,6,878,5,603
9,242,8,71,4,869
8,681,23,600,22,387
9,199,5,540,7,735
8,204,5,72,13,225
8,598,21,880,47,126
9,664,8,673,34,557
7,709,9,852,29,821
9,145,6,883,5,331
7,813,6,844,21,777
7,625,1,470,3,207
8,180,7,626,17,939
8,170,9,651,4,704
8,292,8,761,9,872
7,665,7,302,3,957
9,142,3,517,49,94
9,481,36,315,5,575
9,285,9,770,2,657
9,812,22,995,44,273
797,622,7,890,1,665
8,836,19,727,4,56
9,891,16,182,3,90
8,336,6,984,4,251
8,769,7,723,3,926
9,0,3,719,4,513
7,633,3,665,1,698
8,341,28,300,13,402
7,910,9,344,4,280
9,481,1,446,5,551
7,862,89,43,1,638
9,154,45,888,25,948
9,4,2,803,22,233
9,725,35,849,23,316
9,843,8,249,3,907
9,442,11,125,21,781
9,82,9,376,13,886
9,616,7,523,55,252
7,803,4,812,46,83
9,761,6,441,28,768
9,739,9,75,14,319
9,595,5,417,4,900
7,932,19,226,1,558
9,488,19,785,41,319
8,23,7,717,4,263
7,712,9,612,40,992
9,969,6,413,32,142
8,389,2,747,17,206
9,511,4,266,10,582
7,755,6,244,38,328
7,804,7,889,30,554
8,644,7,765,47,923
8,405,4,331,1,354
8,736,4,766,4,54
9,363,5,537,5,702
9,143,6,822,5,224
8,129,22,321,5,609
8,741,12,152,6,642
9,20,1,644,12,361
7,775,14,37,21,355
8,701,6,779,5,398
9,194,8,69,6,411
779,644,9,601,31,315
9,114,15,336,39,216
9,967,30,456,9,8
845,226,4,161,5,86
8,104,3,787,38,892
9,942,15,627,19,892
9,475,2,281,3,511
9,553,3,18,31,426
9,987,48,23,5,298
9,521,4,763,3,59
8,284,5,271,5,465
7,821,5,281,2,266
7,947,6,933,1,692
7,764,12,239,42,620
9,290,36,852,3,998
9,500,6,874,24,222
8,66,3,643,19,411
8,46,5,126,18,581
9,510,8,581,4,542
9,567,49,172,3,146
8,199,9,219,6,737
9,69,8,414,1,542
8,883,28,117,5,89
7,539,6,21,35,312
8,388,3,957,5,345
8,925,48,206,4,572
8,407,6,992,4,703
9,86,4,773,3,867
7,867,13,106,5,157
819,167,5,593,28,682
845,828,5,730,3,56
9,983,47,497,4,711
9,888,5,109,1,438
9,665,8,648,32,311
7,789,2,5,8,437
9,876,49,364,14,157
9,105,3,517,48,605
9,189,6,140,45,317
8,856,47,142,39,11
7,842,47,382,1,45
9,559,1,715,28,810
9,992,19,82,27,274
7,597,17,950,3,220
7,762,15,330,2,722
9,739,6,533,2,891
8,568,34,442,3,194
9,345,9,682,5,45
9,203,9,10,21,866
8,992,7,501,8,106
9,745,7,577,5,283
9,863,45,474,10,634
9,439,19,192,5,122
8,491,8,419,5,19
8,997,9,547,4,967
7,930,7,180,4,817
8,745,5,539,50,37
810,258,18,794,2,705
809,327,9,534,19,909
8,554,5,146,12,912
778,726,5,146,2,303
9,953,6,676,3,733
7,591,5,445,4,672
9,110,3,446,5,988
9,950,4,332,2,275
9,16,9,796,27,900
88,310,5,595,16,657
9,732,6,650,7,464
9,738,6,290,26,557
9,83,4,11,2,568
7,645,1,894,36,326
7,583,34,45,216,219
9,355,6,619,2,862
8,944,8,541,42,694
9,598,3,895,25,901
8,885,31,535,16,317
9,867,5,798,26,123
9,86,14,987,13,219
9,448,3,617,4,819
767,343,8,997,13,623
7,583,3,338,5,304
7,523,7,457,2,650
758,414,19,62,5,533
8,117,3,94,5,24
8,257,8,803,1,186
8,217,23,750,3,712
7,954,31,829,5,288
9,15,6,887,17,143
759,776,8,698,4,862
8,634,8,879,4,109
9,466,5,88,3,181
9,918,7,474,4,218
7,629,8,160,12,447
9,933,6,298,8,435
7,597,5,574,5,657
7,661,6,786,45,458
8,781,5,570,4,757
8,953,47,166,40,434
9,138,8,245,2,895
8,136,9,909,23,812
9,282,7,45,26,42
8,558,2,722,2,593
9,926,7,417,4,569
7,599,7,658,12,108
9,97,3,496,2,536
9,231,4,395,32,71
8,440,5,955,2,503
7,730,3,20,5,377
9,985,5,374,8,328
8,230,9,587,47,842
800,293,14,154,3,120
8,400,2,696,5,377
8,613,7,703,8,839
8,178,9,629,4,410
9,63,4,52,12,310
9,829,7,310,4,258
8,388,9,4,5,111
8,984,13,471,46,246
9,107,19,13,9,864
8,891,7,860,4,508
9,701,43,770,1,314
8,584,15,898,32,881
845,201,6,245,5,656
806,475,6,32,21,379
9,235,6,911,5,654
8,527,20,339,20,814
8,650,22,762,5,897
9,921,30,96,1,790
8,265,5,800,20,525
9,209,15,476,14,266
7,827,2,593,22,293
7,996,9,412,12,246
8,465,9,917,6,57
8,756,9,108,4,352
7,790,2,462,41,52
8,750,6,827,12,878
7,524,20,706,23,680
8,354,9,458,52,551
9,8,6,389,42,260
8,395,5,410,4,391
9,578,8,783,44,587
7,676,6,500,12,664
7,879,30,804,17,364
8,429,8,830,1,664
9,785,4,623,38,323
8,260,14,795,2,923
9,283,8,962,4,71
9,707,9,458,3,697
8,363,9,760,37,739
7,800,78,739,22,469
7,805,4,799,4,927
8,761,7,683,9,384
8,839,5,277,28,184
8,533,32,890,22,162
8,791,5,493,5,47
8,349,5,783,3,60
9,83,5,42,5,223
9,650,9,405,4,844
9,692,17,88,35,191
9,741,7,516,5,522
8,473,17,411,21,252
9,341,8,878,2,593
9,924,13,580,30,88
8,853,3,945,8,997
7,967,6,855,5,164
9,78,8,726,5,699
7,899,9,499,30,826
8,778,8,769,15,188
8,579,3,524,2,658
8,536,32,136,3,367
9,641,6,431,30,807
9,995,34,179,2,907
9,675,8,355,3,239
7,795,5,836,34,739
9,192,1,863,36,755
8,429,29,962,12,472
8,501,22,640,7,149
9,259,7,618,2,507
7,604,28,647,3,356
9,260,41,429,3,12
9,456,31,545,15,517
9,181,7,539,8,962
9,873,3,176,8,388
9,412,17,573,28,83
8,943,17,559,27,426
8,728,8,320,40,341
8,526,74,957,3,213
810,452,5,461,1,627
9,860,9,817,22,369
7,700,20,19,4,255
9,484,8,635,3,233
7,628,6,655,5,362
7,589,7,422,42,409
8,498,4,489,12,609
8,201,7,262,2,147
8,969,20,488,5,210
8,779,27,699,5,586
8,466,6,175,3,107
8,237,35,778,7,264
7,529,9,475,3,585
9,675,5,532,12,482
9,56,4,904,4,635
8,374,4,963,5,43
9,525,20,307,25,309
8,877,8,107,3,18
9,441,1,954,3,453
7,524,9,476,6,551
8,929,8,708,1,845
9,318,8,443,42,688
7,643,42,458,3,688
8,586,9,401,18,269
7,978,8,138,3,506
9,41,18,765,2,623
9,213,1,953,18,854
7,947,9,824,3,126
8,839,6,348,4,470
8,91,6,502,5,231
8,816,7,545,245,563
9,727,6,13,27,790
7,604,26,122,5,512
9,837,7,307,18,87
9,522,7,228,34,623
7,754,28,96,5,433
757,823,8,73,2,374
7,677,19,824,26,39
7,854,8,895,36,473
7,575,44,142,44,979
9,946,15,68,24,615
9,329,6,680,39,940
8,473,7,975,15,161
9,502,43,607,41,766
9,906,6,230,4,61
8,472,97,75,4,193
7,816,13,111,2,125
8,708,9,339,40,847
776,683,2,629,25,757
9,657,8,569,18,803
9,925,35,16,2,256
8,690,5,945,33,64
7,653,4,701,17,496
9,517,3,324,16,324
9,773,25,714,14,535
9,925,3,598,19,724
7,962,6,876,25,106
8,763,4,785,28,13
9,2,40,89,20,567
9,827,7,731,5,148
7,900,37,648,47,55
9,876,6,532,19,616
9,602,45,920,5,15
9,693,7,275,25,755
8,866,1,381,4,484
9,221,6,152,5,600
9,374,2,972,3,610
9,639,6,324,2,858
7,564,5,297,2,705
9,78,8,206,1,209
7,989,8,603,31,266
9,914,8,262,42,24
9,770,6,136,47,384
8,699,8,641,24,830
8,344,5,426,48,463
8,916,9,439,21,783
7,838,6,133,3,950
7,691,3,867,29,438
8,701,6,365,4,513
9,370,2,822,24,875
9,423,6,181,4,514
8,89,18,943,14,365
7,604,21,119,21,801
9,442,5,96,37,275
9,874,2,251,3,289
8,233,38,222,4,566
8,130,19,229,62,0
9,708,23,720,2,673
8,637,49,951,3,248
8,50,8,541,42,116
9,735,2,811,5,155
7,912,6,116,35,65
8,131,6,932,2,814
9,85,7,855,6,917
8,172,46,547,39,626
8,30,6,760,2,677
8,141,9,991,3,611
7,608,44,297,5,524
7,677,5,416,2,315
7,938,11,952,13,514
9,662,37,133,29,405
9,975,9,18,4,427
9,310,5,287,2,842
8,342,9,921,2,360
8,988,8,226,35,383
9,452,7,415,2,818
8,457,6,647,46,307
843,258,5,37,35,675
8,93,5,327,14,719
9,146,36,675,3,681
8,312,6,872,31,402
9,262,44,580,39,402
9,966,20,501,6,264
8,595,6,80,3,86
8,790,5,352,3,449
7,766,3,359,6,612
9,756,9,870,15,997
8,702,6,883,1,527
8,228,6,504,47,271
8,481,9,839,5,462
8,383,3,246,13,945
8,942,7,491,35,705
9,815,9,269,50,81
7,612,20,551,2,658
9,170,5,236,15,822
784,816,4,982,47,550
7,713,5,851,4,87
9,158,4,975,43,638
7,640,9,795,38,835
9,7,3,656,5,277
8,179,8,20,32,214
8,879,9,497,5,824
817,175,9,568,30,264
8,655,8,249,2,682
7,767,27,491,2,327
8,122,20,587,5,45
9,927,34,964,5,38
8,680,21,707,19,586
8,584,1,289,19,945
9,877,5,321,42,675
9,746,6,38,5,145
7,533,3,264,5,229
8,828,5,763,24,628
8,60,7,835,3,322
9,300,8,430,1,896
7,786,2,449,4,107
7,736,26,419,21,916
7,796,1,891,5,652
8,321,7,349,31,483
9,509,5,162,38,322
8,720,3,646,3,19
8,855,4,976,3,550
7,913,4,222,9,838
8,784,6,668,23,259
8,388,2,951,1,948
8,377,47,502,40,803
9,687,5,677,43,294
8,420,5,690,3,336
7,933,2,388,5,520
8,928,4,829,5,274
8,965,7,5,26,204
7,964,28,370,45,208
84,302,5,739,39,954
8,814,9,897,14,595
9,102,8,798,4,797
8,264,1,161,3,104
9,793,6,471,15,771
8,115,7,33,42,528
8,847,7,390,5,994
9,142,7,984,4,597
9,599,9,791,20,161
9,123,2,722,24,697
9,436,9,699,6,896
9,449,28,732,26,970
8,942,8,410,5,659
9,81,2,709,4,629
8,284,7,13,5,657
9,648,8,445,33,780
8,149,22,505,32,843
8,848,6,389,6,262
7,680,5,565,44,700
9,125,4,69,3,717
9,792,9,889,12,629
9,459,16,910,3,260
7,574,6,110,3,778
9,623,17,588,34,934
8,207,5,282,1,103
7,629,2,275,4,642
9,628,4,761,2,466
7,817,7,998,18,620
8,277,4,708,43,627
9,543,48,348,1,879
8,692,3,395,16,253
7,834,21,110,5,250
8,300,6,208,4,619
8,857,40,823,20,979
9,385,19,93,5,237
9,680,6,544,36,291
7,499,39,581,10,699
8,645,5,946,7,793
8,598,5,195,4,225
9,645,22,336,4,120
8,892,24,681,17,996
8,577,6,101,2,863
9,852,42,221,3,116
8,869,70,758,2,67
8,380,6,706,33,665
7,885,2,555,2,169
79,327,9,638,13,323
9,943,20,661,40,348
8,214,5,538,27,200
8,187,3,556,3,915
9,84,34,989,35,795
7,577,3,682,4,4
8,546,1,509,8,639
8,849,7,837,3,705
8,492,23,803,1,830
7,908,6,451,4,184
9,8,22,555,22,939
9,716,6,268,24,473
9,576,5,489,48,828
9,2,16,277,7,939
8,487,8,551,24,108
8,420,3,25,1,140
9,979,9,245,3,882
9,291,9,662,8,195
9,141,7,624,49,696
7,545,7,200,21,197
9,78,18,152,1,12
8,645,5,426,7,934
7,828,6,251,12,213
9,836,4,154,8,60
8,861,8,133,44,82
7,510,4,6,26,394
7,591,8,935,5,711
9,930,6,329,48,469
86,456,8,921,3,273
7,799,12,848,10,54
8,201,37,461,44,278
9,11,8,494,4,869
7,666,6,906,26,401
8,659,6,320,19,366
9,230,29,165,3,544
9,499,7,802,11,409
839,516,17,799,3,833
8,572,7,134,20,481
9,671,2,84,5,86
7,816,13,213,25,775
9,543,3,64,10,673
8,543,6,84,15,238
9,129,7,272,3,24
9,943,5,896,27,516
7,832,49,143,5,226
8,469,7,461,35,905
9,836,2,994,44,982
8,396,9,363,18,971
9,194,8,429,5,362
9,976,23,507,8,548
7,693,7,681,3,582
7,627,5,349,3,11
7,557,7,247,10,211
8,656,6,849,41,819
8,94,8,467,4,861
8,118,5,650,27,896
8,929,6,166,5,7
9,335,4,961,20,984
821,100,9,647,18,629
8,908,19,615,28,665
9,909,5,346,24,836
9,818,5,110,47,13
8,471,9,407,9,632
9,509,9,181,12,642
8,714,17,33,31,685
9,239,37,245,1,209
7,744,2,569,10,121
7,794,5,944,29,876
8,544,9,293,5,574
9,480,46,53,47,361
8,732,5,576,5,105
8,791,28,333,46,646
9,434,6,66,23,296
9,913,40,754,38,147
9,68,7,218,4,151
8,740,9,71,8,467
9,726,35,492,5,367
9,699,5,590,32,588
8,905,5,424,24,180
9,267,9,759,5,324
8,711,5,799,5,218
9,415,16,549,4,452
9,272,45,111,3,625
7,833,3,610,44,381
8,391,3,253,3,753
8,751,20,260,22,916
9,348,9,74,15,493
9,525,34,796,5,497
9,643,1,361,4,151
8,789,15,856,1,604
782,660,7,715,38,418
8,560,4,475,2,485
8,29,7,451,1,920
9,884,9,929,3,249
8,724,7,694,4,217
9,531,8,207,3,47
7,574,6,498,22,734
8,866,9,403,5,596
8,482,8,22,26,117
9,574,8,931,8,120
8,333,7,412,45,294
9,123,14,78,24,9
9,142,8,237,7,500
8,202,4,5,2,890
8,583,8,121,36,353
7,851,8,368,2,585
8,994,4,990,2,696
7,799,5,401,45,141
8,93,29,769,24,802
8,662,5,68,5,445
8,354,34,940,31,475
9,466,6,455,3,210
9,936,9,313,18,668
9,430,7,676,5,235
9,162,25,305,6,617
9,860,5,19,40,5
8,869,36,616,28,909
8,998,6,295,5,8
9,196,8,478,4,840
8,635,73,712,35,958
94,240,24,144,1,325
9,392,16,800,7,57
9,485,36,839,24,907
9,297,9,184,3,113
8,429,5,88,30,651
9,445,9,930,2,980
9,600,3,661,7,824
9,414,9,532,40,250
9,426,9,540,4,319
9,745,9,791,46,583
7,852,4,831,19,91
9,225,26,373,32,799
9,624,2,404,16,249
8,860,16,825,3,673
8,652,3,445,19,167
8,100,8,861,5,122
9,797,12,830,4,35
9,731,9,472,5,445
7,997,42,542,2,901
8,780,46,545,5,539
7,919,19,543,59,995
9,496,12,708,126,331
9,584,6,844,8,393
9,675,17,336,21,305
9,28,9,255,46,347
9,726,5,714,3,258
9,427,151,202,3,388
9,325,9,358,9,404
7,961,3,160,127,822
9,234,5,589,3,967
7,762,6,351,44,842
8,715,9,145,11,861
8,399,7,239,4,884
8,640,155,320,4,173
9,1,2,414,5,419
9,722,15,731,47,439
9,350,9,417,5,612
9,381,39,630,2,32
9,736,2,664,1,360
7,554,9,293,1,293
8,242,14,561,23,973
8,468,18,836,8,98
76,717,9,217,37,785
9,802,7,515,39,461
9,177,5,601,2,14
8,369,32,189,4,943
8,150,6,90,1,76
8,407,5,160,4,959
7,697,8,820,3,218
9,344,8,171,3,934
7,921,3,495,19,504
9,102,9,28,28,269
7,684,3,214,19,572
8,562,3,402,2,952
9,486,7,652,36,629
9,166,15,4,2,616
8,195,9,199,25,330
8,317,8,683,5,129
9,306,11,758,26,162
7,672,5,764,12,293
7,710,8,317,5,42
9,378,9,368,21,572
9,671,6,900,42,959
9,326,7,562,5,431
7,655,9,500,12,812
7,780,9,223,20,271
9,37,29,247,38,229
751,643,5,704,14,575
7,551,7,642,4,151
9,497,7,123,6,98
7,714,8,153,24,114
8,162,46,678,33,908
7,712,2,991,4,125
9,507,3,80,41,839
7,776,47,474,61,614
7,965,53,974,5,111
7,889,1,894,1,253
9,524,2,732,12,820
8,544,6,204,16,88
9,556,2,818,15,499
8,463,9,322,225,897
8,797,21,488,31,527
8,565,4,175,36,480
8,65,8,632,14,414
9,611,25,312,5,269
7,688,18,103,17,350
9,774,8,855,27,146
8,964,5,567,5,447
8,74,5,821,33,501
9,506,20,507,5,207
8,567,6,538,15,619
7,918,4,224,13,500
8,147,7,769,1,395
8,520,9,565,22,160
9,291,7,807,4,882
9,56,25,737,34,904
9,409,3,648,4,698
7,818,91,25,5,412
9,411,17,463,2,999
9,805,6,965,4,251
8,172,1,266,47,687
8,851,7,886,13,47
8,104,33,843,1,211
8,687,7,346,18,714
9,401,5,879,4,751
9,579,5,659,31,945
8,800,9,68,9,76
785,592,5,882,4,478
9,605,5,187,48,466
8,578,4,357,203,574
9,742,3,655,39,148
9,233,9,594,10,866
8,114,7,365,3,110
8,685,6,954,3,762
8,116,42,964,32,13
9,895,3,164,20,744
9,552,6,242,12,808
7,700,34,684,43,570
9,17,9,648,45,839
8,731,1,657,17,989
9,24,5,55,24,931
9,257,1,819,15,640
9,24,8,331,39,445
8,262,3,188,5,573
9,704,7,607,2,156
9,69,8,786,15,619
9,708,5,619,5,697
9,298,7,489,3,639
8,171,1,806,45,175
7,780,25,327,3,415
779,267,4,111,55,367
9,537,6,275,11,829
8,912,31,553,34,685
9,802,7,500,11,867
9,794,4,63,5,456
9,199,5,949,4,365
7,775,6,741,21,208
9,633,5,336,15,517
7,535,24,433,5,502
7,808,5,427,11,517
850,60,40,822,5,708
8,858,29,353,3,7
8,317,6,118,40,853
8,484,3,469,2,469
815,387,1,455,46,458
8,299,4,206,5,327
7,563,6,396,2,21
9,894,6,975,7,375
9,813,7,811,3,113
9,866,13,950,5,471
9,270,4,937,11,609
9,820,2,528,21,272
9,553,6,90,14,152
8,892,5,384,5,278
9,455,16,885,1,468
8,477,9,487,3,102
8,22,5,719,42,450
9,829,22,343,42,619
7,717,1,243,9,170
8,706,5,484,9,355
7,822,5,266,34,78
8,152,5,519,5,267
9,873,5,665,22,910
790,116,8,532,18,394
7,541,42,703,4,426
9,51,7,730,4,452
8,516,5,233,43,490
9,402,2,629,4,748
8,0,6,620,42,92
9,989,2,888,21,215
9,711,4,28,30,324
829,159,17,62,4,303
834,376,12,530,1,656
9,83,6,575,1,882
8,495,7,619,3,283
9,234,7,984,18,631
9,212,3,869,37,877
8,281,7,627,49,652
9,909,7,545,26,338
7,771,5,590,17,486
8,479,1,430,5,549
9,534,24,91,37,458
7,820,7,589,4,642
7,953,18,183,37,647
8,387,1,924,10,566
9,940,1,835,5,177
781,27,7,410,1,257
9,272,2,786,1,501
9,589,5,823,4,419
8,955,6,827,26,155
8,918,9,713,43,349
9,422,4,611,20,644
8,200,7,297,5,33
7,919,22,280,3,805
7,854,5,720,4,752
8,768,9,884,5,644
9,802,8,228,3,585
92,376,1,496,5,609
9,943,4,258,5,85
9,953,89,300,24,520
9,913,3,811,4,330
8,933,22,229,5,261
7,648,5,736,3,322
8,918,42,97,46,558
7,828,6,288,22,304
8,60,11,313,6,78
8,990,8,154,3,576
8,354,3,512,24,313
8,285,34,657,3,636
791,951,11,626,10,444
806,524,2,929,48,736
9,655,11,453,1,349
9,902,4,151,6,392
8,905,14,21,22,929
8,0,6,62,3,483
8,3,2,594,22,473
9,877,7,660,5,45
9,800,4,323,15,618
8,901,4,357,29,388
8,178,4,931,2,45
8,321,3,917,22,892
8,659,4,959,58,879
7,625,8,325,1,651
7,654,12,160,33,668
8,96,5,437,42,278
9,946,3,28,3,681
8,930,9,235,22,90
9,890,3,864,1,504
8,717,4,238,3,298
9,375,9,646,3,783
8,429,8,840,4,87
8,438,8,292,5,323
8,396,12,317,4,813
9,581,2,412,2,514
9,485,5,83,8,310
8,852,22,895,5,477
9,56,5,231,20,265
9,934,11,141,31,329
9,237,5,802,22,578
9,923,3,846,3,501
9,166,9,302,18,684
8,647,1,465,5,384
8,310,8,995,9,528
7,890,5,270,4,386
9,311,5,536,26,29
9,832,8,827,5,108
7,722,9,697,14,165
9,981,9,57,13,110
8,903,1,942,17,997
9,271,6,266,5,576
8,61,9,970,4,176
8,618,1,617,14,886
8,489,9,600,16,119
7,735,9,663,39,16
9,290,8,821,9,593
9,536,26,631,35,451
7,889,8,845,10,605
8,707,26,728,4,627
9,332,3,630,20,883
8,7,4,643,4,540
9,154,5,395,21,994
8,269,9,961,29,632
9,626,6,669,2,26
9,656,6,867,9,541
7,790,2,623,48,212
7,757,4,268,16,542
9,25,5,239,1,384
9,569,9,561,4,348
8,580,25,952,48,601
8,117,8,911,37,371
9,393,7,509,11,903
7,953,12,608,3,691
9,671,9,476,5,144
9,964,7,126,2,879
7,628,1,463,1,22
9,807,44,248,1,697
91,39,33,646,6,909
9,895,8,315,27,408
8,370,9,777,25,897
8,238,3,205,1,897
7,562,24,778,11,348
8,335,6,848,37,573
773,212,40,647,5,595
8,702,37,96,28,347
8,15,8,845,4,479
8,828,12,39,2,736
9,411,6,196,3,264
9,684,46,993,20,722
8,217,3,234,36,94
9,795,2,743,2,993
9,646,3,971,3,33
8,101,7,504,56,178
8,109,16,208,27,259
796,930,2,865,3,607
8,71,5,113,2,112
7,865,8,254,10,18
9,39,7,859,36,536
9,511,6,136,18,802
7,797,6,487,28,556
8,720,5,515,5,90
9,136,44,310,5,603
8,625,9,493,8,15
8,885,9,187,5,853
9,491,27,40,1,798
8,797,3,857,4,342
8,382,11,856,23,217
9,806,36,954,25,377
9,268,1,647,49,661
8,363,39,114,5,192
9,942,43,924,3,238
8,248,5,627,8,798
9,455,7,209,8,33
8,547,30,202,3,751
9,46,27,767,3,340
8,929,6,22,4,471
9,138,8,368,3,963
8,973,7,712,23,873
9,172,5,292,5,61
7,703,5,442,7,832
7,849,6,70,3,279
8,25,8,694,48,186
8,382,3,61,4,732
8,780,7,214,3,20
8,955,40,47,44,112
9,464,9,612,5,210
9,32,1,870,4,257
7,826,2,542,4,910
7,502,4,782,10,599
9,320,49,299,16,953
9,709,9,964,22,905
802,161,7,527,34,242
8,950,39,615,3,553
9,743,1,677,5,216
9,152,7,952,29,554
750,314,7,675,15,408
7,609,5,994,2,568
9,223,8,639,3,577
7,903,68,272,24,806
8,337,2,760,31,189
835,506,20,268,43,101
8,39,5,958,5,563
8,12,47,282,13,179
8,371,12,737,39,540
7,885,9,862,35,539
9,904,9,674,4,925
8,498,9,176,4,725
9,596,7,944,4,2
7,831,4,574,11,188
9,616,8,59,5,456
8,219,9,102,18,971
804,983,1,469,23,984
9,170,22,723,24,725
7,641,41,843,40,202
8,92,6,257,21,641
8,505,22,94,9,635
9,104,20,922,21,29
9,285,4,456,16,774
8,742,7,749,3,676
9,677,8,780,12,122
8,660,6,384,2,56
7,659,45,342,7,494
9,68,8,509,13,976
8,321,9,438,11,17
8,852,13,277,11,803
7,933,6,49,16,491
9,279,5,992,5,133
8,601,48,698,146,600
8,311,2,843,21,844
9,450,1,997,2,921
8,297,7,514,14,484
8,684,23,656,3,422
8,951,8,860,18,201
8,146,8,236,21,694
8,797,7,141,3,432
9,509,8,409,44,801
8,201,7,666,5,715
9,516,7,132,5,113
9,719,248,849,40,925
9,209,8,260,4,272
7,567,50,957,41,894
7,950,22,886,5,642
7,728,7,197,43,335
787,806,8,238,3,317
9,80,14,691,3,24
8,519,8,904,3,221
8,243,8,699,39,796
8,177,7,210,4,964
784,52,47,596,48,499
9,263,2,27,24,719
7,874,4,448,37,12
8,116,9,132,43,231
9,381,35,337,17,492
8,183,17,71,6,352
9,507,43,600,6,199
8,699,1,976,3,315
7,972,6,817,49,687
9,582,4,345,1,555
9,857,1,889,37,608
8,104,3,561,3,153
7,866,7,706,15,69
769,149,5,811,3,947
9,698,5,481,4,354
8,911,8,463,28,318
8,220,2,981,1,896
9,553,9,223,14,315
8,91,3,648,4,634
8,213,8,27,5,133
9,439,5,160,4,831
