Voltage_secondary,Current_secondary,Temperature_secondary
389,953,950
543,117,779
665,26,47
382,78,261
130,444,73
540,395,802
524,999,544
882,381,914
236,163,799
957,733,128
641,957,431
860,517,752
66,531,274
260,215,63
371,270,95
322,507,444
163,677,697
982,921,405
257,470,546
907,961,320
816,262,709
93,55,822
872,452,251
335,822,40
171,504,330
462,708,954
671,587,457
803,59,57
967,352,404
192,16,317
715,780,411
402,686,222
200,929,338
510,790,427
758,991,776
811,904,824
851,869,706
225,742,622
894,920,162
759,965,313
404,63,268
697,225,80
381,280,43
418,307,23
347,333,271
890,380,278
494,781,895
59,366,667
236,822,160
575,174,740
948,179,535
48,556,907
926,591,854
980,646,314
916,617,546
124,141,740
774,274,778
342,822,493
558,293,772
968,240,506
692,536,936
881,557,104
983,497,65
183,881,939
482,117,874
880,711,779
672,336,517
356,972,193
974,991,142
507,615,297
285,701,659
524,931,177
347,727,961
773,308,203
590,900,627
228,451,73
15,944,127
521,878,136
768,709,376
469,35,727
764,965,160
451,745,680
412,186,655
734,5,807
889,630,572
713,708,291
463,338,238
494,683,963
756,314,890
560,44,598
588,388,11
959,809,358
486,806,822
280,124,8
902,399,588
273,732,957
509,78,55
842,115,546
984,395,230
91,247,296
64,190,446
547,647,251
289,487,862
576,747,245
706,196,751
917,962,957
540,795,742
112,938,288
162,491,269
286,473,867
625,528,209
919,937,908
377,618,25
695,294,759
315,64,41
22,475,69
52,258,517
537,608,570
169,353,573
872,951,164
830,738,602
439,948,341
620,205,11
91,459,73
191,950,748
887,622,571
193,586,667
803,290,636
19,129,371
947,561,89
313,64,918
718,24,79
494,480,827
560,942,634
114,41,230
498,479,981
530,671,475
451,844,356
786,823,301
680,182,27
745,211,452
862,275,248
79,876,50
754,731,355
450,535,517
384,849,757
752,727,156
556,861,57
22,213,815
69,576,297
688,385,631
889,212,834
858,826,463
734,125,623
430,27,332
265,198,39
269,378,781
290,291,870
256,114,523
944,364,169
370,152,643
424,366,422
861,503,671
504,317,87
848,0,179
754,98,111
182,394,924
842,973,974
665,525,997
65,416,438
419,979,48
423,862,196
366,387,917
167,692,853
239,423,619
44,743,984
845,362,412
817,412,590
487,229,446
300,517,79
507,883,282
554,513,282
738,811,123
19,727,575
700,20,641
422,498,505
445,624,652
946,532,16
724,407,414
600,316,707
697,517,582
255,71,13
311,772,266
307,119,734
702,543,839
709,412,448
613,264,680
854,669,539
277,43,286
942,539,165
722,23,685
730,71,430
169,309,940
888,181,283
676,347,524
968,60,580
899,436,721
852,63,952
794,309,729
860,332,838
930,937,281
495,150,87
891,369,398
905,712,292
400,953,842
389,121,937
954,857,956
345,847,27
910,191,325
202,1,154
705,36,736
536,311,366
965,104,537
172,754,830
461,683,893
418,183,424
457,729,934
352,669,27
600,400,632
821,653,196
33,958,687
312,475,159
460,701,80
222,707,147
667,558,107
566,751,528
899,889,618
78,35,449
796,637,196
214,709,950
31,341,489
818,797,608
242,879,863
394,939,563
540,794,631
370,279,918
858,198,199
903,710,403
77,482,756
185,297,738
40,705,441
332,319,47
767,987,295
937,137,125
756,240,759
783,485,118
763,98,788
662,507,913
643,65,343
745,843,303
618,256,41
938,698,683
307,463,305
756,473,892
832,745,479
133,139,704
667,548,601
876,922,708
794,169,961
892,633,260
854,99,231
50,534,898
5,760,522
791,557,10
264,973,462
123,239,180
477,409,117
811,250,311
179,476,534
731,460,794
842,956,704
996,344,760
855,866,675
702,615,309
729,972,97
908,388,927
787,813,841
571,712,529
718,240,402
691,216,731
547,150,145
325,373,858
696,997,435
541,253,198
555,279,803
10,461,206
547,858,649
186,414,361
914,317,196
526,54,267
280,669,698
764,558,695
486,935,773
641,946,675
987,946,451
544,584,830
824,832,527
48,175,322
801,639,381
482,612,878
54,688,628
378,506,185
589,999,415
806,616,343
493,360,598
695,580,993
259,488,645
831,732,68
908,93,780
848,178,115
517,718,938
668,758,737
77,592,971
181,191,197
300,52,620
942,992,560
309,434,784
168,425,929
455,395,922
621,476,901
706,671,746
24,108,327
718,962,870
836,244,952
765,872,215
960,757,680
144,42,950
789,807,995
891,82,945
549,99,194
315,956,332
443,872,235
933,697,564
574,210,993
842,655,257
17,55,512
243,684,25
796,253,572
863,285,762
178,242,795
759,962,814
668,525,71
993,416,844
921,947,352
900,57,166
284,72,570
245,724,489
961,187,76
206,401,526
742,917,667
924,675,737
712,596,33
265,623,998
146,445,840
45,544,472
441,667,418
386,60,308
379,4,174
509,479,607
528,376,231
504,397,218
50,113,566
103,861,227
744,737,459
120,637,386
793,615,638
141,502,496
970,844,262
329,675,298
11,967,726
468,786,994
924,669,348
182,968,475
765,32,296
507,968,319
906,443,757
59,620,702
40,285,302
32,683,940
989,655,204
977,950,492
647,43,626
917,699,580
730,235,15
593,335,130
976,711,242
603,856,942
844,523,284
719,592,938
654,817,620
118,628,475
850,405,945
87,840,13
658,765,284
976,419,314
888,834,596
914,898,586
110,482,155
110,512,703
403,250,377
599,759,843
224,190,954
472,928,742
715,305,477
75,888,957
642,329,449
925,846,414
207,63,861
923,462,386
471,407,480
709,820,807
526,271,554
240,137,790
500,450,856
544,694,918
14,38,390
610,37,640
930,359,953
434,221,68
508,701,665
47,670,119
84,241,860
665,338,958
380,725,427
995,84,782
866,170,857
786,996,865
663,539,537
917,425,977
545,822,766
860,415,415
104,350,409
952,331,268
851,823,387
992,261,207
502,541,518
395,868,741
879,692,236
738,890,628
558,473,544
915,956,73
213,237,87
866,11,206
807,888,149
405,888,491
726,99,196
671,980,152
764,315,174
52,448,885
71,830,731
63,661,926
914,584,548
795,187,671
833,301,821
469,116,694
704,948,120
805,60,895
877,114,791
509,701,567
871,539,189
649,436,235
431,170,621
949,148,626
950,765,545
559,877,198
815,186,554
666,732,267
550,402,403
881,474,468
27,808,81
778,153,868
540,353,247
80,162,630
942,712,938
722,951,605
555,866,241
455,546,288
958,791,93
287,778,162
672,744,996
595,679,198
525,372,996
846,822,753
364,452,987
411,691,749
986,387,929
625,783,549
833,603,836
37,956,421
178,207,323
615,931,933
609,673,833
784,670,12
436,610,649
760,549,809
480,897,593
894,906,44
65,506,515
366,713,777
343,782,13
71,928,331
750,149,494
962,845,164
857,364,77
86,724,957
379,450,551
691,932,587
400,914,429
671,893,647
550,823,601
849,859,947
9,186,91
810,937,669
593,980,9
480,702,691
935,182,75
659,661,6
959,262,293
208,410,351
38,758,46
849,797,125
705,545,71
185,295,104
679,965,708
93,494,240
216,704,936
799,941,664
787,995,152
126,104,713
668,919,211
867,494,460
910,322,310
779,824,44
221,879,438
256,285,236
933,60,78
35,190,586
647,502,943
536,224,906
232,542,656
585,485,558
56,48,516
91,792,927
988,120,531
747,365,695
58,624,233
168,448,974
718,700,304
388,143,154
991,527,324
177,945,973
868,463,774
565,705,447
193,107,466
159,148,51
544,583,982
13,416,380
847,994,146
286,568,288
757,201,164
377,926,82
657,250,610
821,287,814
45,17,487
899,151,428
449,829,922
232,588,603
60,568,139
295,73,516
909,173,567
391,26,700
376,993,407
490,564,522
563,355,456
684,723,617
664,933,729
316,898,685
344,923,200
888,445,682
750,380,888
682,869,988
916,301,945
543,665,912
332,695,673
287,817,319
795,961,663
709,791,464
580,202,435
836,653,439
711,870,177
757,218,35
343,809,335
452,54,913
580,339,215
395,392,642
826,726,163
951,715,64
996,398,590
428,572,469
255,523,227
656,4,959
796,306,717
959,162,10
903,596,867
730,369,368
171,934,341
502,148,64
197,649,897
218,275,50
371,130,218
460,984,138
575,169,916
996,889,561
471,884,639
722,113,708
529,365,204
227,740,340
760,850,191
43,630,341
920,158,965
242,597,412
966,603,822
711,650,409
693,499,339
205,293,938
812,712,480
479,456,116
98,708,448
621,460,29
526,612,344
644,749,547
969,235,916
866,263,488
83,440,149
974,969,436
605,780,375
720,228,853
532,961,988
487,590,687
369,217,515
261,309,237
36,77,399
778,305,440
211,250,942
943,628,534
751,71,598
516,923,28
524,842,733
693,154,65
643,174,307
962,902,430
654,998,518
590,920,459
731,563,332
773,997,674
102,640,330
436,611,855
665,594,768
437,222,527
64,273,557
149,692,351
234,315,6
671,143,156
512,336,904
382,992,124
48,402,537
339,735,556
472,768,804
620,949,366
850,783,500
235,867,501
986,886,397
981,185,58
774,598,505
148,71,680
500,142,977
559,462,166
960,16,464
441,751,710
909,411,444
947,653,137
895,721,726
934,251,152
522,891,361
640,156,487
371,310,123
204,229,458
822,355,708
716,563,462
487,667,982
579,461,582
994,40,506
85,178,460
971,510,289
828,909,145
19,901,715
14,494,915
763,194,236
771,670,203
521,167,850
248,113,915
325,433,537
830,707,707
59,99,4
50,719,6
811,861,454
51,431,557
127,12,358
756,791,500
927,462,124
593,561,391
878,473,480
711,204,927
65,98,357
678,823,278
1,200,120
549,514,127
759,709,495
824,554,369
583,890,784
218,96,662
261,599,937
607,427,909
507,560,689
770,691,131
989,864,797
127,504,226
946,719,175
781,766,642
684,720,868
958,140,934
573,142,571
83,823,682
667,313,196
542,697,45
196,781,494
305,670,199
962,790,947
965,698,199
305,469,900
25,0,363
337,958,903
766,597,482
970,61,392
880,1,796
369,513,245
628,82,930
830,845,874
709,685,507
929,762,727
806,566,985
653,397,441
824,792,42
565,526,530
227,77,779
788,412,228
740,508,526
208,167,346
688,907,880
527,500,294
67,715,157
749,416,934
569,632,537
6,119,959
522,950,558
415,507,418
173,199,213
249,438,894
688,909,482
320,293,646
705,996,435
987,927,41
589,233,324
651,426,3
552,134,548
173,469,438
975,548,267
189,899,163
546,476,718
778,764,580
584,642,451
243,566,603
190,185,150
581,528,863
963,328,927
2,215,829
352,643,82
109,412,704
259,969,444
297,935,632
597,573,410
893,93,65
628,311,239
110,696,722
894,492,906
297,398,466
46,500,17
383,626,796
720,3,2
683,39,57
62,115,516
227,595,81
791,771,610
926,725,323
612,237,120
557,523,683
502,564,693
818,753,621
482,975,936
984,294,241
19,710,228
830,284,365
966,728,932
770,810,722
917,489,262
362,935,748
819,978,64
733,78,441
341,12,875
73,329,463
367,482,649
626,587,362
599,422,72
952,3,739
835,258,438
154,742,161
948,602,785
975,473,715
722,43,470
596,274,267
520,253,899
597,182,673
835,602,714
150,498,120
742,312,531
600,824,660
572,84,355
127,111,132
312,883,273
850,796,568
889,128,604
893,74,517
166,603,710
703,871,385
55,781,38
322,749,884
776,538,728
25,320,570
405,653,831
371,1,160
382,990,155
158,475,242
404,838,315
734,975,561
772,592,279
459,213,821
946,276,514
695,417,269
692,379,922
721,940,578
441,296,620
283,6,220
325,884,494
72,133,55
330,761,469
398,59,913
756,708,736
368,413,638
61,229,311
62,315,959
146,535,473
736,283,424
513,782,695
312,700,745
865,13,120
782,811,341
279,808,499
915,855,675
222,934,880
328,631,268
81,514,270
677,784,268
59,547,694
365,715,80
756,929,810
733,48,673
616,669,963
953,146,232
205,614,512
107,962,862
203,713,526
46,397,279
527,371,513
942,856,908
468,648,977
990,819,586
789,968,676
635,604,557
819,167,881
3,706,475
859,882,520
876,840,578
888,964,513
691,795,287
243,620,788
544,84,337
929,956,565
604,275,458
724,768,156
512,854,975
671,345,502
629,848,76
240,211,937
612,401,243
427,949,302
479,820,407
990,277,11
972,229,801
868,488,456
861,458,588
360,664,657
257,713,435
298,436,647
923,774,900
552,770,817
955,26,105
947,368,5
125,620,696
833,524,575
989,722,390
636,430,619
678,138,679
990,49,576
861,647,465
715,318,781
996,809,685
603,267,199
617,542,768
802,738,142
492,109,315
130,11,902
624,433,872
947,993,100
980,101,820
310,336,205
763,164,694
742,877,732
756,451,483
64,847,623
482,375,347
724,210,722
248,94,342
176,215,4
696,260,388
877,211,914
311,166,312
568,492,148
544,217,25
400,132,622
242,729,701
904,966,393
851,517,629
188,103,586
362,725,653
940,787,406
191,273,15
948,276,839
998,606,697
451,873,805
577,397,320
335,849,977
543,68,924
151,870,714
906,948,383
780,677,244
498,76,204
456,294,425
135,709,720
545,361,468
597,623,657
521,511,905
884,504,59
662,238,340
29,42,565
206,480,558
928,573,220
40,210,767
325,576,487
351,496,259
986,445,172
948,726,489
31,983,253
337,324,477
819,500,792
267,539,887
944,425,463
612,74,505
201,804,627
629,680,471
788,52,268
313,560,795
79,488,545
30,599,142
654,575,333
818,529,391
969,429,690
937,157,120
563,925,799
459,921,655
11,652,516
560,612,669
9,871,408
769,298,8
167,75,356
159,405,388
130,188,71
266,845,478
324,867,526
344,259,746
670,14,99
925,914,32
928,409,434
280,640,50
334,978,6
307,517,764
999,948,609
912,880,708
846,245,579
159,939,337
429,699,33
402,527,359
586,813,565
392,951,879
684,841,472
845,841,583
749,809,912
776,142,157
144,494,852
760,306,194
612,111,182
631,947,350
757,805,593
909,500,861
881,879,650
511,604,821
313,196,52
325,312,550
120,850,621
146,261,39
479,200,330
581,597,542
723,362,713
680,718,264
832,314,265
861,661,784
724,574,835
473,674,154
54,449,276
665,676,798
233,6,134
937,388,762
941,620,459
229,56,603
442,145,362
4,323,901
816,408,378
221,94,710
630,787,70
121,236,488
581,871,625
364,444,57
884,445,230
743,735,964
64,411,932
477,669,919
643,361,823
636,222,884
597,267,145
688,382,289
626,808,563
257,765,40
917,195,256
229,417,402
181,162,453
256,545,507
68,384,449
460,225,500
205,872,510
722,809,557
535,456,72
531,579,464
647,402,268
902,279,971
743,925,357
561,560,132
186,241,129
371,900,156
480,165,919
865,726,691
940,532,295
385,470,284
799,517,750
379,463,451
526,775,195
774,679,948
918,890,910
34,908,677
847,97,358
922,600,211
200,699,700
199,505,639
221,414,148
435,169,667
513,998,674
813,440,945
720,942,604
154,61,247
235,982,353
504,471,696
865,456,446
212,340,513
220,85,365
876,851,405
936,695,269
520,792,748
238,296,309
871,149,338
917,878,361
849,513,119
900,658,615
273,188,247
815,803,558
777,71,379
702,572,914
923,782,250
69,623,789
283,273,202
593,143,190
811,974,38
648,140,891
316,392,451
802,509,309
186,599,849
569,363,466
799,961,206
561,486,80
149,320,229
530,28,984
895,903,276
183,834,565
766,503,80
601,920,325
244,957,104
526,574,698
824,233,157
813,397,941
91,554,725
596,442,427
631,536,579
647,935,476
847,138,620
394,58,381
712,89,280
752,823,462
810,279,51
458,850,598
962,916,483
229,504,941
695,724,837
406,151,764
874,455,335
216,721,172
662,256,330
926,246,79
989,571,330
892,993,78
92,330,603
173,276,247
18,803,885
629,841,13
597,539,526
834,863,602
619,252,648
622,321,522
182,714,763
744,738,12
509,656,746
793,899,868
551,611,793
728,350,717
986,509,690
730,220,541
404,869,59
568,741,748
288,747,260
403,981,499
261,6,516
902,804,531
983,552,985
703,956,996
710,605,417
125,267,349
363,704,995
997,804,598
49,980,965
925,264,695
685,516,187
480,728,229
769,465,249
224,584,563
108,316,137
811,411,476
19,123,943
420,79,351
220,62,88
827,817,227
885,595,376
847,205,197
974,121,412
513,33,829
654,506,361
577,45,662
267,102,409
547,68,571
196,179,524
833,764,673
997,250,603
715,339,570
527,581,50
238,522,916
38,998,931
352,561,724
879,186,764
982,24,423
711,433,501
572,820,757
515,7,714
979,855,303
173,589,919
265,804,41
714,140,320
719,525,80
478,583,472
198,566,100
992,73,467
237,918,246
53,132,889
514,159,240
600,131,128
509,244,40
679,964,479
834,249,4
438,456,130
896,197,815
819,371,385
83,583,585
316,740,99
427,613,972
716,299,944
735,574,560
156,468,329
615,366,121
769,167,950
613,794,217
329,49,334
862,382,156
774,242,977
685,446,887
255,534,546
627,555,910
26,636,595
598,3,119
753,609,711
590,669,394
451,850,716
723,500,242
116,340,966
956,77,646
372,218,694
190,906,430
430,246,179
871,749,355
855,944,229
875,542,182
703,286,159
992,656,205
524,278,713
636,526,622
368,824,367
244,682,468
890,912,391
998,257,736
804,252,936
998,737,913
800,644,120
450,941,302
116,883,766
819,242,573
645,424,452
891,601,47
450,253,102
399,373,980
753,892,579
964,86,583
54,581,611
731,444,726
928,64,770
802,821,385
592,577,198
596,812,57
810,768,609
217,283,230
750,735,881
45,464,667
294,610,346
243,380,56
781,553,546
147,669,690
353,421,659
922,646,814
899,80,521
386,745,125
529,69,331
824,454,235
78,427,101
963,994,319
901,717,582
533,680,779
470,518,220
126,461,901
397,26,529
689,459,505
618,983,881
990,23,878
259,187,336
778,149,221
21,752,728
192,362,39
493,899,216
709,360,267
677,413,534
4,277,42
598,520,205
94,554,920
919,974,262
783,488,49
757,631,315
334,877,474
776,315,137
807,337,455
376,387,270
593,344,113
146,169,639
161,640,634
242,536,33
950,357,51
598,202,697
251,351,691
290,289,379
213,234,660
967,269,605
648,34,807
719,816,989
58,546,853
47,71,190
332,162,272
630,330,91
899,557,268
221,906,695
78,236,280
272,750,861
547,782,878
605,690,229
510,562,232
818,804,319
60,217,664
574,483,895
405,304,123
269,42,844
491,751,724
981,241,423
965,45,495
767,786,171
913,255,500
823,917,395
966,109,509
780,730,820
442,462,300
605,825,34
421,612,465
879,824,670
351,939,23
275,968,326
956,659,276
698,319,851
745,193,864
708,538,949
611,554,291
328,405,511
337,528,988
856,369,954
764,155,647
675,853,792
130,25,648
934,78,133
903,108,398
607,521,507
702,413,685
654,342,997
888,297,573
950,971,383
906,276,505
649,435,841
569,423,61
26,512,492
267,732,434
496,903,839
66,658,908
539,700,999
504,535,511
515,373,24
661,554,427
535,905,14
907,666,90
719,390,729
551,449,355
731,850,672
842,645,796
101,471,56
51,616,151
182,457,978
956,725,984
655,554,1
745,331,284
466,816,546
957,110,907
117,723,447
17,278,135
94,614,728
577,63,494
566,128,187
886,793,335
36,492,529
609,515,409
316,421,696
611,690,261
768,248,732
463,844,211
855,614,89
867,569,616
823,969,685
960,74,302
913,59,904
563,330,977
229,129,697
924,444,227
8,464,250
520,30,573
285,188,652
616,898,768
884,712,919
240,553,530
585,659,316
732,341,14
720,641,795
637,879,11
181,477,759
868,442,686
554,48,130
346,797,304
511,844,657
577,624,601
103,200,696
745,796,438
441,499,549
487,267,175
25,445,335
9,490,714
498,830,26
900,374,11
121,45,853
377,169,940
577,541,624
671,41,816
458,563,533
296,129,26
158,853,559
240,999,330
450,735,488
157,486,187
341,131,377
473,355,222
534,486,363
563,604,984
997,559,685
735,950,882
624,855,505
301,547,42
346,698,155
894,639,158
841,915,985
80,656,949
438,248,445
715,52,619
635,989,549
884,886,423
176,427,171
995,264,901
105,390,753
535,559,179
989,812,383
765,651,100
789,927,455
283,795,544
979,135,706
811,965,37
93,422,824
868,881,473
378,924,704
431,810,826
60,154,681
581,739,173
702,346,297
228,341,928
685,297,40
515,78,512
287,15,613
866,849,292
714,444,399
635,539,724
77,270,17
421,218,364
884,436,338
458,981,343
517,737,673
697,991,695
854,876,645
487,22,676
737,373,536
796,764,784
305,98,673
231,953,698
354,174,727
145,16,935
886,398,292
397,186,58
432,690,466
178,316,663
71,866,189
763,632,278
535,883,350
846,874,249
691,195,318
615,348,122
725,263,63
249,596,76
251,751,708
267,530,507
225,766,874
937,272,696
591,242,273
617,446,153
369,53,195
121,698,344
414,773,760
305,77,922
336,167,936
336,496,517
823,911,211
146,440,180
120,437,126
920,349,589
181,423,345
969,416,5
821,808,873
721,31,936
570,206,176
944,419,883
645,199,396
731,68,295
658,56,579
547,406,318
912,549,385
866,760,626
628,490,291
388,639,698
970,289,917
400,557,713
70,896,265
609,399,579
696,871,558
823,457,627
898,436,213
859,372,548
602,631,279
721,146,687
147,62,519
855,692,53
274,160,147
765,933,657
384,150,732
535,579,326
494,880,126
402,842,100
740,720,435
813,271,870
699,253,392
923,785,643
176,815,131
579,320,666
736,395,265
290,900,286
345,121,826
702,893,372
80,279,625
915,15,313
21,168,848
755,363,525
194,560,659
956,499,182
57,471,900
931,315,661
328,911,642
580,628,458
629,426,205
812,621,143
85,984,960
227,983,673
252,688,493
444,486,576
488,3,596
527,62,354
684,360,634
775,252,656
756,839,541
843,232,522
541,771,920
898,641,204
142,266,120
268,735,822
498,939,317
557,527,165
456,926,576
293,150,976
181,381,553
254,343,674
894,53,798
663,653,458
850,212,719
567,190,976
708,763,952
447,401,794
676,177,291
599,34,778
310,85,315
493,508,130
532,350,127
459,353,402
899,47,923
112,725,792
85,757,814
864,291,708
963,660,609
881,35,599
328,101,782
162,343,682
925,892,434
605,173,657
992,224,955
79,952,657
620,926,683
14,354,421
409,367,641
530,209,274
679,892,585
655,593,618
560,992,301
290,347,807
555,456,439
527,99,978
804,337,780
78,16,58
266,881,749
148,911,367
836,549,108
882,75,117
753,775,391
508,428,989
359,217,183
353,679,715
628,78,655
692,206,395
679,844,388
243,580,330
881,60,723
28,16,128
584,241,318
878,13,505
281,98,31
958,85,317
984,443,658
946,109,788
635,934,321
537,887,588
180,747,141
146,995,187
383,79,627
285,842,23
960,526,132
98,52,621
419,228,607
492,223,299
677,6,423
483,751,168
593,915,947
584,463,926
322,989,758
104,798,408
563,681,127
982,28,115
169,121,404
127,829,746
762,199,139
740,207,360
554,236,181
308,893,574
970,695,542
997,741,166
624,118,630
116,414,941
601,73,55
341,966,398
906,827,801
438,606,915
179,900,927
998,413,384
562,605,553
709,279,89
709,400,55
555,595,996
140,195,783
432,576,988
693,400,98
671,410,947
999,39,204
885,448,819
518,58,339
479,741,219
99,600,506
779,23,671
255,623,888
716,845,575
597,60,136
368,109,444
50,995,254
219,109,329
329,243,663
907,148,421
355,445,183
635,681,761
639,778,746
706,39,717
48,552,41
148,653,288
993,64,190
514,83,138
119,385,777
911,82,977
835,609,406
374,399,797
438,271,338
723,475,248
744,368,97
605,200,726
873,238,229
880,637,76
63,684,190
281,443,377
926,303,397
431,557,192
230,518,231
568,497,510
182,862,353
162,31,795
945,489,377
347,209,268
915,126,943
371,521,524
793,236,413
619,754,476
727,406,125
18,484,759
781,737,498
355,89,437
166,30,794
664,371,211
684,466,54
861,173,233
51,324,520
641,963,924
436,833,644
624,271,411
872,498,320
605,338,23
935,953,362
143,113,99
174,728,469
793,559,169
544,487,554
584,508,423
123,919,483
652,19,295
940,231,969
816,503,734
126,734,545
116,960,959
887,483,23
270,56,899
854,515,978
771,387,192
591,652,277
259,524,755
956,606,120
224,738,742
621,889,218
518,818,256
608,140,102
492,208,601
93,480,763
214,272,126
887,993,974
51,253,689
940,541,752
489,642,522
556,222,387
253,185,172
571,763,202
984,168,303
241,687,530
396,132,893
842,898,992
85,663,699
4,20,560
754,396,488
757,733,557
718,543,555
15,825,116
800,400,765
135,92,108
236,107,755
982,10,911
851,333,591
141,402,664
32,717,334
303,276,219
425,408,603
939,184,791
194,400,112
924,252,79
923,925,449
750,890,134
800,888,877
210,981,912
496,655,136
33,478,149
737,549,916
527,926,462
226,706,625
721,351,506
144,780,948
715,334,655
961,883,447
489,296,71
638,177,147
507,362,952
565,939,302
47,520,0
391,522,374
785,802,739
806,85,640
929,16,608
144,507,410
569,244,973
761,141,865
354,609,973
90,971,250
645,332,675
120,604,385
80,925,72
988,637,777
354,979,198
677,610,540
656,6,787
651,661,707
960,395,400
658,288,737
765,548,693
523,154,8
824,933,351
718,385,518
876,658,926
289,283,740
321,682,258
256,322,701
506,258,763
763,988,305
881,306,511
959,933,134
887,831,630
902,91,409
135,182,696
179,286,373
148,596,824
274,724,170
659,330,289
667,602,386
223,923,877
205,472,839
988,611,382
630,335,772
574,757,171
150,122,891
802,138,88
521,806,51
252,753,477
518,866,556
901,375,72
769,742,235
742,591,387
434,663,190
433,768,350
364,485,645
546,751,849
679,396,694
445,215,786
896,632,986
255,335,912
44,976,32
840,978,507
951,485,380
168,114,291
537,600,702
359,89,423
644,732,461
122,865,825
743,654,377
819,368,355
91,901,654
112,956,696
990,76,796
914,891,807
364,583,610
416,432,456
718,393,796
419,266,481
328,246,307
231,147,171
31,753,668
549,205,316
993,660,322
474,628,227
680,205,444
717,519,680
540,139,203
816,846,533
89,551,152
571,736,387
655,78,542
556,876,160
653,585,34
903,587,895
553,922,119
875,582,210
826,305,726
376,856,451
461,99,744
99,428,88
279,627,76
599,141,934
388,571,257
269,26,975
556,815,166
20,972,914
854,153,827
836,395,488
831,584,295
900,226,428
708,270,72
908,326,414
840,565,934
628,72,800
993,806,301
791,457,814
968,279,365
999,327,828
633,229,795
364,72,325
347,484,530
601,270,252
425,203,455
888,575,454
912,803,31
644,649,315
572,955,733
654,23,901
562,354,273
459,107,663
656,551,976
512,760,298
12,119,823
604,330,230
481,61,79
918,574,646
991,894,381
601,472,151
835,747,94
157,962,603
9,521,436
471,147,652
297,172,749
960,604,51
548,683,531
321,827,134
612,696,449
346,438,427
176,324,923
336,897,596
413,2,133
692,554,886
708,353,264
552,436,685
373,546,758
944,934,534
182,501,981
489,23,45
658,51,65
967,415,243
194,948,671
649,339,631
787,574,66
722,491,479
674,440,142
96,215,193
936,479,536
675,893,99
10,378,319
421,537,672
237,223,803
613,90,256
700,807,304
368,373,679
533,781,392
345,255,625
801,929,421
581,824,945
449,229,639
962,837,310
187,114,588
501,496,221
621,187,589
544,962,683
943,380,429
235,71,763
169,351,187
870,443,84
807,150,465
823,87,375
609,143,663
970,31,277
741,618,331
514,879,999
136,37,755
288,155,545
874,517,74
489,613,507
418,107,472
504,615,291
538,430,624
531,322,520
949,436,878
858,899,844
245,402,276
777,178,576
622,860,615
90,39,635
902,539,583
121,41,565
268,76,555
39,499,489
426,589,412
627,779,137
610,574,38
966,84,522
656,320,580
173,135,287
394,630,374
873,623,731
951,119,220
669,791,299
171,19,833
958,993,504
251,926,390
714,666,925
776,688,956
821,890,384
975,255,221
939,528,527
81,145,697
42,580,776
582,48,375
988,997,584
321,748,265
814,673,275
118,703,558
943,710,386
74,127,456
774,315,910
587,535,680
74,971,938
563,504,898
630,866,690
991,623,426
662,915,673
146,654,97
545,975,557
790,562,692
253,385,553
668,753,197
945,204,65
914,839,332
497,321,303
157,613,673
703,235,22
764,270,203
690,452,82
116,422,577
555,492,25
100,318,669
979,246,574
565,902,713
500,743,320
796,6,460
863,211,423
983,753,424
402,465,566
847,498,607
322,717,988
856,511,148
483,171,761
711,860,507
851,817,680
363,661,400
537,389,581
627,437,771
370,592,687
4,811,247
662,117,211
648,814,885
344,936,0
554,185,347
850,529,900
943,899,284
910,943,257
750,89,289
191,664,52
750,32,295
69,228,931
980,0,684
544,932,574
661,924,462
222,976,946
411,518,659
605,833,126
740,891,150
626,710,62
169,334,241
915,625,336
570,117,712
421,609,172
874,161,592
856,556,90
317,553,143
639,457,985
263,961,386
852,886,709
562,70,649
560,9,649
433,77,30
813,298,241
727,781,335
993,414,716
392,576,443
854,436,386
607,145,967
576,874,57
7,534,223
79,952,992
199,585,402
891,69,65
833,361,246
389,154,635
849,958,524
918,883,560
814,838,692
106,919,300
523,201,758
543,207,3
189,87,905
911,321,34
783,505,656
908,304,811
330,563,736
293,503,756
415,480,7
791,431,726
203,177,413
624,862,672
738,350,938
867,531,471
565,154,206
451,580,668
398,740,363
707,115,292
352,180,506
71,3,424
879,812,192
877,100,58
140,521,797
494,591,352
32,38,117
232,247,875
127,906,5
753,3,219
577,0,633
682,22,665
402,788,149
477,453,414
83,195,328
57,342,548
172,820,509
597,971,677
643,905,998
177,391,743
581,501,881
566,970,481
123,685,983
846,312,167
867,675,130
524,269,117
798,347,913
954,566,291
38,959,661
959,315,664
687,70,678
755,288,689
73,485,352
369,556,7
530,490,684
981,18,232
813,414,129
228,786,285
661,163,903
652,174,764
205,238,162
289,376,753
114,211,204
574,473,163
800,115,473
590,594,327
160,343,339
598,996,594
682,442,561
43,29,0
555,570,900
693,429,936
51,34,395
555,481,508
699,463,151
353,300,115
638,599,691
160,209,794
8,649,519
269,878,103
822,562,38
617,827,754
668,595,69
808,856,301
121,537,663
33,865,687
180,591,607
976,511,315
401,940,413
163,943,273
869,244,942
727,10,707
302,213,973
357,825,716
936,137,5
423,321,738
450,864,659
741,624,441
775,814,617
717,438,728
727,852,710
567,202,691
777,93,560
472,305,556
743,284,66
600,897,319
694,907,483
899,553,416
693,17,113
433,984,616
456,831,879
60,428,512
952,872,518
943,620,209
132,143,929
649,175,155
590,637,788
769,407,512
596,188,135
892,43,63
795,786,356
639,88,893
753,336,773
918,65,739
839,892,967
705,976,956
296,964,272
210,749,335
163,6,416
307,572,321
932,35,339
436,112,11
365,778,13
883,572,900
432,775,320
996,697,886
20,63,586
236,906,359
669,699,793
428,240,379
139,31,368
647,657,825
211,731,516
390,774,316
683,941,430
755,956,561
11,552,982
543,128,128
746,125,983
950,395,797
129,478,83
965,39,673
110,879,985
884,796,55
584,321,384
343,170,576
501,831,779
28,927,580
72,684,239
565,28,492
880,581,371
357,634,962
124,967,914
269,281,383
481,964,666
578,132,878
258,980,800
913,975,237
265,374,257
912,725,452
386,293,65
735,50,216
349,457,822
983,17,429
698,407,661
633,717,631
957,529,264
743,343,196
691,704,404
835,895,382
462,96,86
829,921,120
627,83,132
406,520,199
301,379,689
581,394,99
124,766,81
273,361,700
120,477,533
175,731,225
81,83,949
76,335,27
323,145,306
42,755,790
500,381,286
419,802,1
906,483,732
728,11,997
556,721,917
275,503,277
527,579,897
142,273,390
885,945,564
2,789,720
902,232,836
895,414,992
987,816,586
15,698,823
651,579,963
726,906,93
856,757,650
827,539,611
751,867,529
56,632,995
506,406,633
476,223,83
784,656,855
332,723,774
806,30,712
862,761,181
103,82,942
625,836,849
915,454,118
655,920,782
786,98,93
733,682,840
797,92,748
679,208,103
548,855,584
716,706,870
499,503,161
672,849,896
984,1,710
185,155,301
505,101,530
964,864,345
853,134,931
659,548,567
236,931,486
743,744,866
520,343,844
849,320,498
733,385,726
588,867,84
425,9,2
993,451,411
866,759,993
635,14,890
141,807,265
951,742,304
506,191,220
772,527,895
982,509,170
261,748,418
5,23,449
463,747,728
328,76,523
876,491,402
832,392,114
240,566,14
577,485,769
345,616,417
410,33,919
781,124,455
386,767,216
419,594,523
746,493,706
393,222,812
273,445,43
704,354,426
473,86,521
357,256,683
556,403,533
854,794,634
889,150,732
256,353,319
452,547,933
698,72,661
772,945,95
357,37,614
680,871,620
751,530,674
267,14,526
846,74,476
244,112,592
152,569,328
404,297,985
746,275,188
609,846,422
802,571,650
737,661,87
723,417,503
763,385,357
682,46,77
16,367,580
184,455,461
162,244,176
498,285,775
582,707,439
756,387,476
198,623,613
607,748,432
436,943,549
773,39,671
987,361,83
845,559,841
352,991,441
500,381,394
833,107,929
423,622,92
496,293,88
932,677,522
668,181,829
741,93,90
840,827,926
656,954,733
301,489,427
730,143,474
330,710,215
130,106,647
148,217,478
486,29,250
0,970,480
664,895,828
645,435,47
547,856,992
722,617,81
575,1,693
483,437,389
670,187,149
681,756,12
958,519,708
397,323,960
693,43,295
649,246,562
50,754,217
28,363,55
665,675,18
235,543,961
507,607,156
807,219,137
3,705,333
533,827,874
962,551,115
700,0,497
113,451,68
149,707,467
951,875,893
491,338,949
220,883,933
559,526,82
512,398,206
573,150,134
624,504,859
83,647,382
936,173,177
822,73,974
846,412,958
695,867,964
132,974,345
960,273,127
169,703,401
565,81,48
803,974,485
915,190,866
241,126,318
324,947,146
644,690,798
856,155,471
572,102,4
661,840,217
753,518,147
886,632,552
396,365,490
900,528,117
148,570,824
143,248,189
845,353,447
415,489,667
372,207,164
885,852,106
911,487,272
798,414,230
880,334,485
519,939,251
87,987,497
994,521,641
379,651,518
726,678,441
876,703,396
857,681,45
996,32,213
572,578,617
597,898,925
253,175,72
771,890,591
532,567,614
479,568,767
572,595,754
602,363,874
815,972,437
323,890,484
877,243,510
890,291,336
356,658,597
806,881,300
726,249,267
969,533,283
308,181,128
942,224,954
264,156,879
837,852,309
355,23,719
806,497,551
526,54,231
810,756,958
657,948,254
619,252,886
211,311,509
474,454,30
4,751,188
200,997,999
473,226,806
872,576,928
734,700,323
634,513,485
771,864,27
803,135,471
763,927,400
586,63,292
739,340,314
222,283,121
162,390,212
641,16,178
663,327,826
338,257,479
53,783,580
992,653,934
333,161,615
602,597,967
441,944,57
61,754,823
672,626,952
922,132,641
935,373,82
808,408,177
17,114,452
239,421,780
696,558,192
978,810,74
124,10,402
241,927,491
734,36,566
233,18,733
157,287,55
551,859,120
870,493,159
454,8,713
962,737,540
492,237,409
966,401,596
889,750,661
201,114,912
286,520,929
670,96,918
763,426,753
859,718,676
392,11,762
617,928,144
74,51,701
108,833,112
846,977,867
928,48,803
310,89,381
916,858,551
903,154,662
553,711,376
654,977,115
886,678,756
842,885,299
230,491,87
518,906,648
979,391,491
652,316,762
923,466,714
853,972,507
249,262,16
510,728,601
222,792,663
265,271,587
587,439,408
961,729,832
95,264,959
400,961,418
440,296,254
832,907,62
967,888,796
930,404,682
485,585,429
615,347,518
691,685,330
824,453,162
113,501,705
169,353,72
533,56,887
712,867,780
184,381,346
455,878,4
708,786,753
320,991,334
586,539,196
619,454,20
114,672,399
130,188,680
643,42,431
614,439,171
994,258,73
520,709,697
486,398,511
427,530,557
179,197,513
108,786,975
363,715,87
223,540,827
548,44,596
829,872,76
585,347,117
585,182,63
988,977,955
738,92,745
786,194,707
942,406,554
358,932,310
587,832,334
375,887,732
332,643,766
309,201,504
17,54,391
79,288,410
64,570,125
543,39,686
877,39,13
789,40,322
301,970,55
621,706,325
147,763,953
939,116,283
987,236,449
547,110,197
954,816,42
355,163,157
270,702,578
521,997,248
649,995,578
842,12,869
839,677,610
985,530,38
703,109,109
37,784,658
826,594,50
896,513,693
572,755,119
154,939,960
45,580,93
16,475,900
223,652,928
689,205,725
90,1,113
494,540,81
940,873,347
114,484,148
592,510,85
539,426,387
953,187,204
518,915,899
33,962,112
529,773,583
980,996,235
741,296,76
694,912,198
596,402,207
841,443,79
559,517,584
500,891,260
292,506,309
427,474,12
255,470,35
14,53,365
977,518,702
665,333,834
7,709,672
623,791,184
814,364,804
523,824,118
987,137,956
307,789,677
611,40,35
305,270,214
817,250,248
603,284,6
658,243,809
521,491,56
197,599,959
130,830,763
62,892,585
701,101,186
78,127,800
627,211,413
974,158,135
678,252,305
942,520,238
691,101,248
524,765,623
185,278,60
934,981,762
123,930,678
960,281,694
895,666,794
800,826,251
98,970,50
916,984,954
22,924,870
638,901,686
197,930,318
116,739,971
991,330,90
701,747,326
240,343,439
611,263,453
890,647,850
323,123,427
288,854,612
203,466,264
682,450,89
507,305,417
649,80,737
937,432,571
688,572,632
694,604,450
312,601,225
770,48,391
623,194,664
901,688,701
159,760,946
596,129,923
196,559,170
762,513,80
875,837,809
690,659,884
537,489,906
782,385,960
48,610,522
670,560,892
117,715,877
945,431,683
865,343,530
565,614,156
761,915,808
546,953,357
965,41,676
515,83,668
556,435,121
320,391,135
112,198,351
111,699,880
343,921,447
728,970,355
885,105,801
569,938,374
121,203,606
491,910,160
563,997,43
518,811,481
913,806,646
220,634,38
520,492,197
967,603,549
820,525,325
751,914,576
92,519,82
803,400,837
977,337,889
321,226,689
463,802,35
939,448,147
132,564,878
548,319,888
953,302,819
951,551,538
541,810,54
993,102,860
565,11,943
709,496,98
608,644,517
335,581,998
347,319,420
318,199,845
688,646,154
347,612,225
428,317,124
951,751,723
646,727,675
883,632,27
420,90,606
606,669,361
114,77,290
865,750,686
561,75,869
661,130,580
132,34,559
837,725,751
740,805,276
732,572,52
532,828,458
620,311,300
574,772,532
156,877,495
385,293,423
94,190,992
164,475,650
611,506,985
765,514,638
918,958,474
442,162,467
120,469,420
597,751,263
792,649,648
525,630,206
580,702,451
920,745,960
776,206,338
788,196,515
832,16,553
83,689,259
607,950,806
959,34,660
106,182,729
128,212,788
787,859,34
37,72,974
436,34,680
730,767,707
934,275,58
243,947,298
346,856,399
368,570,825
398,461,947
571,502,98
900,160,506
81,706,83
963,61,224
646,326,86
879,273,852
575,7,539
985,714,439
818,951,374
784,718,245
206,609,946
596,168,3
625,332,521
562,747,903
374,33,469
751,28,460
213,327,778
987,598,916
343,385,569
576,450,180
240,902,926
612,500,725
320,959,503
529,222,127
643,898,835
487,103,64
530,71,552
490,495,974
471,574,305
621,370,706
992,84,661
443,676,668
356,661,387
747,232,249
350,341,464
497,275,345
459,979,951
676,349,627
762,207,252
745,925,38
528,603,692
853,650,666
568,774,829
293,830,737
240,66,131
849,627,994
320,186,56
510,475,480
294,141,82
507,218,5
571,97,47
681,986,581
892,329,2
570,809,476
624,161,561
36,671,231
921,819,848
243,731,372
699,281,281
625,70,831
530,653,178
629,614,683
964,803,297
905,624,401
8,240,499
527,809,536
527,167,886
888,342,194
449,574,73
908,499,420
477,824,428
933,698,565
244,156,924
564,224,766
585,164,60
840,219,474
105,818,397
983,321,791
986,194,908
689,764,754
641,783,36
342,87,119
977,142,108
909,435,7
122,744,260
648,476,339
386,19,471
686,793,28
477,724,983
280,92,299
537,303,727
438,346,685
185,879,160
511,638,814
496,884,263
896,261,674
654,185,48
599,175,749
102,601,855
737,410,625
104,725,905
785,438,466
128,852,679
214,830,312
378,764,126
866,834,348
296,224,13
862,16,653
35,822,610
953,611,139
392,151,136
514,241,367
957,305,432
547,386,418
140,222,163
711,794,531
921,164,202
600,245,973
578,701,423
700,844,783
904,219,70
373,191,695
967,169,572
776,338,931
548,301,794
571,655,124
614,96,541
987,539,693
532,758,27
265,441,672
616,523,214
49,993,462
101,832,878
242,974,434
562,258,822
252,851,393
668,598,261
875,676,434
871,406,168
512,629,221
209,124,258
504,377,534
202,10,136
876,426,579
494,182,496
682,897,326
933,350,604
257,482,178
678,380,384
208,270,755
853,29,941
839,272,190
378,159,776
851,699,276
408,186,392
712,515,409
72,304,655
845,95,814
775,708,12
183,820,244
436,890,306
930,1,328
901,91,361
31,524,479
48,360,126
427,801,518
449,884,992
368,939,464
174,321,412
135,144,777
610,940,350
830,317,91
460,820,31
771,200,494
562,688,462
774,429,483
936,754,393
312,606,547
641,264,165
606,104,834
975,724,332
362,880,138
539,8,435
688,327,499
545,300,389
915,369,197
163,210,247
144,48,37
171,125,431
655,278,554
616,781,766
360,538,193
644,19,736
179,898,601
86,165,941
369,270,995
938,542,235
392,357,22
0,171,96
241,772,377
957,175,785
317,460,661
739,168,473
528,534,588
215,885,892
29,352,328
308,543,265
513,878,603
242,71,869
681,600,387
199,540,735
204,72,225
598,880,126
664,673,557
709,852,821
145,883,331
813,844,777
625,470,207
180,626,939
170,651,704
292,761,872
665,302,957
142,517,94
481,315,575
285,770,657
812,995,273
622,890,665
836,727,56
891,182,90
336,984,251
769,723,926
0,719,513
633,665,698
341,300,402
910,344,280
481,446,551
862,43,638
154,888,948
4,803,233
725,849,316
843,249,907
442,125,781
82,376,886
616,523,252
803,812,83
761,441,768
739,75,319
595,417,900
932,226,558
488,785,319
23,717,263
712,612,992
969,413,142
389,747,206
511,266,582
755,244,328
804,889,554
644,765,923
405,331,354
736,766,54
363,537,702
143,822,224
129,321,609
741,152,642
20,644,361
775,37,355
701,779,398
194,69,411
644,601,315
114,336,216
967,456,8
226,161,86
104,787,892
942,627,892
475,281,511
553,18,426
987,23,298
521,763,59
284,271,465
821,281,266
947,933,692
764,239,620
290,852,998
500,874,222
66,643,411
46,126,581
510,581,542
567,172,146
199,219,737
69,414,542
883,117,89
539,21,312
388,957,345
925,206,572
407,992,703
86,773,867
867,106,157
167,593,682
828,730,56
983,497,711
888,109,438
665,648,311
789,5,437
876,364,157
105,517,605
189,140,317
856,142,11
842,382,45
559,715,810
992,82,274
597,950,220
762,330,722
739,533,891
568,442,194
345,682,45
203,10,866
992,501,106
745,577,283
863,474,634
439,192,122
491,419,19
997,547,967
930,180,817
745,539,37
258,794,705
327,534,909
554,146,912
726,146,303
953,676,733
591,445,672
110,446,988
950,332,275
16,796,900
310,595,657
732,650,464
738,290,557
83,11,568
645,894,326
583,45,219
355,619,862
944,541,694
598,895,901
885,535,317
867,798,123
86,987,219
448,617,819
343,997,623
583,338,304
523,457,650
414,62,533
117,94,24
257,803,186
217,750,712
954,829,288
15,887,143
776,698,862
634,879,109
466,88,181
918,474,218
629,160,447
933,298,435
597,574,657
661,786,458
781,570,757
953,166,434
138,245,895
136,909,812
282,45,42
558,722,593
926,417,569
599,658,108
97,496,536
231,395,71
440,955,503
730,20,377
985,374,328
230,587,842
293,154,120
400,696,377
613,703,839
178,629,410
63,52,310
829,310,258
388,4,111
984,471,246
107,13,864
891,860,508
701,770,314
584,898,881
201,245,656
475,32,379
235,911,654
527,339,814
650,762,897
921,96,790
265,800,525
209,476,266
827,593,293
996,412,246
465,917,57
756,108,352
790,462,52
750,827,878
524,706,680
354,458,551
8,389,260
395,410,391
578,783,587
676,500,664
879,804,364
429,830,664
785,623,323
260,795,923
283,962,71
707,458,697
363,760,739
800,739,469
805,799,927
761,683,384
839,277,184
533,890,162
791,493,47
349,783,60
83,42,223
650,405,844
692,88,191
741,516,522
473,411,252
341,878,593
924,580,88
853,945,997
967,855,164
78,726,699
899,499,826
778,769,188
579,524,658
536,136,367
641,431,807
995,179,907
675,355,239
795,836,739
192,863,755
429,962,472
501,640,149
259,618,507
604,647,356
260,429,12
456,545,517
181,539,962
873,176,388
412,573,83
943,559,426
728,320,341
526,957,213
452,461,627
860,817,369
700,19,255
484,635,233
628,655,362
589,422,409
498,489,609
201,262,147
969,488,210
779,699,586
466,175,107
237,778,264
529,475,585
675,532,482
56,904,635
374,963,43
525,307,309
877,107,18
441,954,453
524,476,551
929,708,845
318,443,688
643,458,688
586,401,269
978,138,506
41,765,623
213,953,854
947,824,126
839,348,470
91,502,231
816,545,563
727,13,790
604,122,512
837,307,87
522,228,623
754,96,433
823,73,374
677,824,39
854,895,473
575,142,979
946,68,615
329,680,940
473,975,161
502,607,766
906,230,61
472,75,193
816,111,125
708,339,847
683,629,757
657,569,803
925,16,256
690,945,64
653,701,496
517,324,324
773,714,535
925,598,724
962,876,106
763,785,13
2,89,567
827,731,148
900,648,55
876,532,616
602,920,15
693,275,755
866,381,484
221,152,600
374,972,610
639,324,858
564,297,705
78,206,209
989,603,266
914,262,24
770,136,384
699,641,830
344,426,463
916,439,783
838,133,950
691,867,438
701,365,513
370,822,875
423,181,514
89,943,365
604,119,801
442,96,275
874,251,289
233,222,566
130,229,0
708,720,673
637,951,248
50,541,116
735,811,155
912,116,65
131,932,814
85,855,917
172,547,626
30,760,677
141,991,611
608,297,524
677,416,315
938,952,514
662,133,405
975,18,427
310,287,842
342,921,360
988,226,383
452,415,818
457,647,307
258,37,675
93,327,719
146,675,681
312,872,402
262,580,402
966,501,264
595,80,86
790,352,449
766,359,612
756,870,997
702,883,527
228,504,271
481,839,462
383,246,945
942,491,705
815,269,81
612,551,658
170,236,822
816,982,550
713,851,87
158,975,638
640,795,835
7,656,277
179,20,214
879,497,824
175,568,264
655,249,682
767,491,327
122,587,45
927,964,38
680,707,586
584,289,945
877,321,675
746,38,145
533,264,229
828,763,628
60,835,322
300,430,896
786,449,107
736,419,916
796,891,652
321,349,483
509,162,322
720,646,19
855,976,550
913,222,838
784,668,259
388,951,948
377,502,803
687,677,294
420,690,336
933,388,520
928,829,274
965,5,204
964,370,208
302,739,954
814,897,595
102,798,797
264,161,104
793,471,771
115,33,528
847,390,994
142,984,597
599,791,161
123,722,697
436,699,896
449,732,970
942,410,659
81,709,629
284,13,657
648,445,780
149,505,843
848,389,262
680,565,700
125,69,717
792,889,629
459,910,260
574,110,778
623,588,934
207,282,103
629,275,642
628,761,466
817,998,620
277,708,627
543,348,879
692,395,253
834,110,250
300,208,619
857,823,979
385,93,237
680,544,291
499,581,699
645,946,793
598,195,225
645,336,120
892,681,996
577,101,863
852,221,116
869,758,67
380,706,665
885,555,169
327,638,323
943,661,348
214,538,200
187,556,915
84,989,795
577,682,4
546,509,639
849,837,705
492,803,830
908,451,184
8,555,939
716,268,473
576,489,828
2,277,939
487,551,108
420,25,140
979,245,882
291,662,195
141,624,696
545,200,197
78,152,12
645,426,934
828,251,213
836,154,60
861,133,82
510,6,394
591,935,711
930,329,469
456,921,273
799,848,54
201,461,278
11,494,869
666,906,401
659,320,366
230,165,544
499,802,409
516,799,833
572,134,481
671,84,86
816,213,775
543,64,673
543,84,238
129,272,24
943,896,516
832,143,226
469,461,905
836,994,982
396,363,971
194,429,362
976,507,548
693,681,582
627,349,11
557,247,211
656,849,819
94,467,861
118,650,896
929,166,7
335,961,984
100,647,629
908,615,665
909,346,836
818,110,13
471,407,632
509,181,642
714,33,685
239,245,209
744,569,121
794,944,876
544,293,574
480,53,361
732,576,105
791,333,646
434,66,296
913,754,147
68,218,151
740,71,467
726,492,367
699,590,588
905,424,180
267,759,324
711,799,218
415,549,452
272,111,625
833,610,381
391,253,753
751,260,916
348,74,493
525,796,497
643,361,151
789,856,604
660,715,418
560,475,485
29,451,920
884,929,249
724,694,217
531,207,47
574,498,734
866,403,596
482,22,117
574,931,120
333,412,294
123,78,9
142,237,500
202,5,890
583,121,353
851,368,585
994,990,696
799,401,141
93,769,802
662,68,445
354,940,475
466,455,210
936,313,668
430,676,235
162,305,617
860,19,5
869,616,909
998,295,8
196,478,840
635,712,958
240,144,325
392,800,57
485,839,907
297,184,113
429,88,651
445,930,980
600,661,824
414,532,250
426,540,319
745,791,583
852,831,91
225,373,799
624,404,249
860,825,673
652,445,167
100,861,122
797,830,35
731,472,445
997,542,901
780,545,539
919,543,995
496,708,331
584,844,393
675,336,305
28,255,347
726,714,258
427,202,388
325,358,404
961,160,822
234,589,967
762,351,842
715,145,861
399,239,884
640,320,173
1,414,419
722,731,439
350,417,612
381,630,32
736,664,360
554,293,293
242,561,973
468,836,98
717,217,785
802,515,461
177,601,14
369,189,943
150,90,76
407,160,959
697,820,218
344,171,934
921,495,504
102,28,269
684,214,572
562,402,952
486,652,629
166,4,616
195,199,330
317,683,129
306,758,162
672,764,293
710,317,42
378,368,572
671,900,959
326,562,431
655,500,812
780,223,271
37,247,229
643,704,575
551,642,151
497,123,98
714,153,114
162,678,908
712,991,125
507,80,839
776,474,614
965,974,111
889,894,253
524,732,820
544,204,88
556,818,499
463,322,897
797,488,527
565,175,480
65,632,414
611,312,269
688,103,350
774,855,146
964,567,447
74,821,501
506,507,207
567,538,619
918,224,500
147,769,395
520,565,160
291,807,882
56,737,904
409,648,698
818,25,412
411,463,999
805,965,251
172,266,687
851,886,47
104,843,211
687,346,714
401,879,751
579,659,945
800,68,76
592,882,478
605,187,466
578,357,574
742,655,148
233,594,866
114,365,110
685,954,762
116,964,13
895,164,744
552,242,808
700,684,570
17,648,839
731,657,989
24,55,931
257,819,640
24,331,445
262,188,573
704,607,156
69,786,619
708,619,697
298,489,639
171,806,175
780,327,415
267,111,367
537,275,829
912,553,685
802,500,867
794,63,456
199,949,365
775,741,208
633,336,517
535,433,502
808,427,517
60,822,708
858,353,7
317,118,853
484,469,469
387,455,458
299,206,327
563,396,21
894,975,375
813,811,113
866,950,471
270,937,609
820,528,272
553,90,152
892,384,278
455,885,468
477,487,102
22,719,450
829,343,619
717,243,170
706,484,355
822,266,78
152,519,267
873,665,910
116,532,394
541,703,426
51,730,452
516,233,490
402,629,748
0,620,92
989,888,215
711,28,324
159,62,303
376,530,656
83,575,882
495,619,283
234,984,631
212,869,877
281,627,652
909,545,338
771,590,486
479,430,549
534,91,458
820,589,642
953,183,647
387,924,566
940,835,177
27,410,257
272,786,501
589,823,419
955,827,155
918,713,349
422,611,644
200,297,33
919,280,805
854,720,752
768,884,644
802,228,585
376,496,609
943,258,85
953,300,520
913,811,330
933,229,261
648,736,322
918,97,558
828,288,304
60,313,78
990,154,576
354,512,313
285,657,636
951,626,444
524,929,736
655,453,349
902,151,392
905,21,929
0,62,483
3,594,473
877,660,45
800,323,618
901,357,388
178,931,45
321,917,892
659,959,879
625,325,651
654,160,668
96,437,278
946,28,681
930,235,90
890,864,504
717,238,298
375,646,783
429,840,87
438,292,323
396,317,813
581,412,514
485,83,310
852,895,477
56,231,265
934,141,329
237,802,578
923,846,501
166,302,684
647,465,384
310,995,528
890,270,386
311,536,29
832,827,108
722,697,165
981,57,110
903,942,997
271,266,576
61,970,176
618,617,886
489,600,119
735,663,16
290,821,593
536,631,451
889,845,605
707,728,627
332,630,883
7,643,540
154,395,994
269,961,632
626,669,26
656,867,541
790,623,212
757,268,542
25,239,384
569,561,348
580,952,601
117,911,371
393,509,903
953,608,691
671,476,144
964,126,879
628,463,22
807,248,697
39,646,909
895,315,408
370,777,897
238,205,897
562,778,348
335,848,573
212,647,595
702,96,347
15,845,479
828,39,736
411,196,264
684,993,722
217,234,94
795,743,993
646,971,33
101,504,178
109,208,259
930,865,607
71,113,112
865,254,18
39,859,536
511,136,802
797,487,556
720,515,90
136,310,603
625,493,15
885,187,853
491,40,798
797,857,342
382,856,217
806,954,377
268,647,661
363,114,192
942,924,238
248,627,798
455,209,33
547,202,751
46,767,340
929,22,471
138,368,963
973,712,873
172,292,61
703,442,832
849,70,279
25,694,186
382,61,732
780,214,20
955,47,112
464,612,210
32,870,257
826,542,910
502,782,599
320,299,953
709,964,905
161,527,242
950,615,553
743,677,216
152,952,554
314,675,408
609,994,568
223,639,577
903,272,806
337,760,189
506,268,101
39,958,563
12,282,179
371,737,540
885,862,539
904,674,925
498,176,725
596,944,2
831,574,188
616,59,456
219,102,971
983,469,984
170,723,725
641,843,202
92,257,641
505,94,635
104,922,29
285,456,774
742,749,676
677,780,122
660,384,56
659,342,494
68,509,976
321,438,17
852,277,803
933,49,491
279,992,133
601,698,600
311,843,844
450,997,921
297,514,484
684,656,422
951,860,201
146,236,694
797,141,432
509,409,801
201,666,715
516,132,113
719,849,925
209,260,272
567,957,894
950,886,642
728,197,335
806,238,317
80,691,24
519,904,221
243,699,796
177,210,964
52,596,499
263,27,719
874,448,12
116,132,231
381,337,492
183,71,352
507,600,199
699,976,315
972,817,687
582,345,555
857,889,608
104,561,153
866,706,69
149,811,947
698,481,354
911,463,318
220,981,896
553,223,315
91,648,634
213,27,133
439,160,831
