TS,Voltage_main,Current_main,Temperature_main
0:00:00,8,5,18
0:00:01,9,4,2
0:00:02,7,39,4
0:00:03,8,5,44
0:00:04,8,6,5
0:00:05,7,5,2
0:00:06,7,25,17
0:00:07,9,31,28
0:00:08,902,3,12
0:00:09,843,33,501
0:00:10,8,5,4
0:00:11,858,34,15
0:00:12,9,5,9
0:00:13,8,4,28
0:00:14,794,6,2
0:00:15,838,36,46
0:00:16,8,25,16
0:00:17,7,5,15
0:00:18,8,7,11
0:00:19,8,3,15
0:00:20,8,7,5
0:00:21,8,6,5
0:00:22,9,5,5
0:00:23,8,6,5
0:00:24,9,292,12
0:00:25,8,4,5
0:00:26,7,4,5
0:00:27,8,38,25
0:00:28,8,7,9
0:00:29,7,6,6
0:00:30,8,6,5
0:00:31,8,4,3
0:00:32,791,6,41
0:00:33,9,6,1
0:00:34,834,7,4
0:00:35,831,5,3
0:00:36,7,5,500
0:00:37,9,32,4
0:00:38,8,4,29
0:00:39,8,5,4
0:00:40,8,5,13
0:00:41,7,3,5
0:00:42,8,27,6
0:00:43,8,30,48
0:00:44,8,38,20
0:00:45,7,25,323
0:00:46,9,5,7
0:00:47,9,26,49
0:00:48,7,7,5
0:00:49,9,6,4
0:00:50,8,5,10
0:00:51,8,6,10
0:00:52,8,467,3
0:00:53,8,5,22
0:00:54,783,3,2
0:00:55,7,6,41
0:00:56,8,3,13
0:00:57,9,5,29
0:00:58,8,22,5
0:00:59,8,7,45
0:01:00,7,6,5
0:01:01,826,2,5
0:01:02,7,39,636
0:01:03,8,7,5
0:01:04,8,7,46
0:01:05,850,5,1
0:01:06,7,26,33
0:01:07,868,7,50
0:01:08,7,4,789
0:01:09,7,34,1
0:01:10,7,4,3
0:01:11,7,6,510
0:01:12,910,4,5
0:01:13,9,2,31
0:01:14,8,46,11
0:01:15,7,3,4
0:01:16,803,45,24
0:01:17,7,587,1
0:01:18,7,697,47
0:01:19,863,4,10
0:01:20,8,7,45
0:01:21,9,4,23
0:01:22,9,2,2
0:01:23,7,26,5
0:01:24,8,2,23
0:01:25,9,2,4
0:01:26,8,43,34
0:01:27,9,3,1
0:01:28,9,2,5
0:01:29,802,7,2
0:01:30,9,50,45
0:01:31,8,7,19
0:01:32,7,3,3
0:01:33,7,45,2
0:01:34,8,5,3
0:01:35,7,4,20
0:01:36,9,3,3
0:01:37,9,6,15
0:01:38,9,5,23
0:01:39,8,39,4
0:01:40,9,35,4
0:01:41,8,6,19
0:01:42,789,3,40
0:01:43,8,7,4
0:01:44,8,6,45
0:01:45,7,5,5
0:01:46,7,24,2
0:01:47,9,7,3
0:01:48,9,2,1
0:01:49,8,7,45
0:01:50,7,7,541
0:01:51,934,26,24
0:01:52,9,4,5
0:01:53,8,3,29
0:01:54,8,40,4
0:01:55,8,2,30
0:01:56,8,415,3
0:01:57,8,2,13
0:01:58,758,5,43
0:01:59,8,48,14
0:02:00,9,5,17
0:02:01,9,31,4
0:02:02,8,40,230
0:02:03,9,6,3
0:02:04,8,40,25
0:02:05,7,6,4
0:02:06,8,632,5
0:02:07,8,6,602
0:02:08,8,5,19
0:02:09,7,449,49
0:02:10,8,6,1
0:02:11,9,5,12
0:02:12,8,4,6
0:02:13,8,6,3
0:02:14,8,7,18
0:02:15,9,6,5
0:02:16,8,4,34
0:02:17,8,6,506
0:02:18,7,28,39
0:02:19,8,5,1
0:02:20,7,5,5
0:02:21,8,4,11
0:02:22,8,4,5
0:02:23,8,4,5
0:02:24,7,5,4
0:02:25,9,30,3
0:02:26,7,5,5
0:02:27,920,5,386
0:02:28,9,48,6
0:02:29,7,5,9
0:02:30,8,7,4
0:02:31,8,6,43
0:02:32,9,5,17
0:02:33,9,5,12
0:02:34,8,54,6
0:02:35,8,2,3
0:02:36,9,5,29
0:02:37,7,7,4
0:02:38,8,33,26
0:02:39,9,4,3
0:02:40,8,2,44
0:02:41,7,28,166
0:02:42,9,5,3
0:02:43,7,36,33
0:02:44,9,48,38
0:02:45,9,628,2
0:02:46,8,7,12
0:02:47,907,3,10
0:02:48,8,32,4
0:02:49,9,4,11
0:02:50,803,47,21
0:02:51,819,7,24
0:02:52,9,38,24
0:02:53,808,300,15
0:02:54,8,7,3
0:02:55,784,5,4
0:02:56,9,31,15
0:02:57,7,49,3
0:02:58,8,6,4
0:02:59,7,5,22
0:03:00,8,3,2
0:03:01,8,5,3
0:03:02,8,7,5
0:03:03,7,5,5
0:03:04,850,3,18
0:03:05,8,3,1
0:03:06,8,5,40
0:03:07,7,22,26
0:03:08,8,6,30
0:03:09,9,43,17
0:03:10,7,29,5
0:03:11,8,5,37
0:03:12,7,7,1
0:03:13,860,6,17
0:03:14,8,6,2
0:03:15,9,7,20
0:03:16,7,6,3
0:03:17,7,517,11
0:03:18,8,31,17
0:03:19,8,46,5
0:03:20,8,6,3
0:03:21,8,7,26
0:03:22,8,7,9
0:03:23,8,575,5
0:03:24,9,3,23
0:03:25,8,32,23
0:03:26,9,23,1
0:03:27,8,5,3
0:03:28,8,37,7
0:03:29,8,6,41
0:03:30,8,39,6
0:03:31,9,3,2
0:03:32,8,4,34
0:03:33,9,31,20
0:03:34,812,7,16
0:03:35,8,6,23
0:03:36,9,26,12
0:03:37,9,6,3
0:03:38,9,28,34
0:03:39,7,501,1
0:03:40,802,6,4
0:03:41,9,7,2
0:03:42,8,391,23
0:03:43,882,499,4
0:03:44,944,5,2
0:03:45,7,5,9
0:03:46,887,6,5
0:03:47,9,4,10
0:03:48,9,3,32
0:03:49,7,267,14
0:03:50,8,7,6
0:03:51,905,3,15
0:03:52,7,5,22
0:03:53,7,524,5
0:03:54,8,4,513
0:03:55,9,6,5
0:03:56,8,4,9
0:03:57,7,3,5
0:03:58,84,5,6
0:03:59,8,4,36
0:04:00,9,23,5
0:04:01,8,2,24
0:04:02,8,5,48
0:04:03,8,6,36
0:04:04,8,7,38
0:04:05,8,27,330
0:04:06,9,5,44
0:04:07,9,49,12
0:04:08,7,7,1
0:04:09,8,6,31
0:04:10,8,2,11
0:04:11,927,654,635
0:04:12,7,7,3
0:04:13,8,583,6
0:04:14,7,309,45
0:04:15,838,37,26
0:04:16,8,6,4
0:04:17,9,6,5
0:04:18,9,5,5
0:04:19,9,3,2
0:04:20,8,29,40
0:04:21,8,6,4
0:04:22,759,6,5
0:04:23,8,5,5
0:04:24,8,4,39
0:04:25,8,5,6
0:04:26,9,23,21
0:04:27,8,4,23
0:04:28,9,3,12
0:04:29,8,2,4
0:04:30,758,6,6
0:04:31,8,6,4
0:04:32,8,6,14
0:04:33,9,3,6
0:04:34,8,7,23
0:04:35,8,5,1
0:04:36,8,2,383
0:04:37,8,35,16
0:04:38,7,28,31
0:04:39,9,44,5
0:04:40,8,6,6
0:04:41,7,4,322
0:04:42,8,4,3
0:04:43,8,3,3
0:04:44,8,25,35
0:04:45,9,45,4
0:04:46,7,5,2
0:04:47,7,4,6
0:04:48,8,5,19
0:04:49,8,22,3
0:04:50,9,7,7
0:04:51,9,569,13
0:04:52,804,5,31
0:04:53,813,604,3
0:04:54,7,7,22
0:04:55,9,7,4
0:04:56,8,6,5
0:04:57,9,7,5
0:04:58,8,6,46
0:04:59,7,5,517
0:05:00,942,49,3
0:05:01,9,5,5
0:05:02,8,6,25
0:05:03,8,7,5
0:05:04,9,32,5
0:05:05,7,5,15
0:05:06,9,6,44
0:05:07,8,533,6
0:05:08,829,2,18
0:05:09,9,5,56
0:05:10,7,3,2
0:05:11,7,3,5
0:05:12,791,5,2
0:05:13,7,4,1
0:05:14,8,6,5
0:05:15,8,6,3
0:05:16,7,6,46
0:05:17,8,667,4
0:05:18,8,4,4
0:05:19,8,5,46
0:05:20,7,624,31
0:05:21,9,7,5
0:05:22,7,2,1
0:05:23,7,44,5
0:05:24,7,49,5
0:05:25,8,38,6
0:05:26,9,23,14
0:05:27,9,7,39
0:05:28,9,5,14
0:05:29,8,7,17
0:05:30,7,39,2
0:05:31,8,5,4
0:05:32,8,5,26
0:05:33,768,25,5
0:05:34,7,3,3
0:05:35,8,6,5
0:05:36,788,46,5
0:05:37,8,4,4
0:05:38,7,737,21
0:05:39,8,5,4
0:05:40,9,4,5
0:05:41,8,3,6
0:05:42,8,2,11
0:05:43,8,6,31
0:05:44,9,22,20
0:05:45,890,663,5
0:05:46,8,5,12
0:05:47,8,27,6
0:05:48,8,2,4
0:05:49,8,3,2
0:05:50,8,3,3
0:05:51,9,6,4
0:05:52,9,755,5
0:05:53,8,31,5
0:05:54,7,25,9
0:05:55,8,3,39
0:05:56,8,37,2
0:05:57,766,3,3
0:05:58,876,4,6
0:05:59,8,5,10
0:06:00,8,4,14
0:06:01,8,6,28
0:06:02,7,385,7
0:06:03,7,5,12
0:06:04,9,5,4
0:06:05,7,2,4
0:06:06,9,4,6
0:06:07,8,2,46
0:06:08,8,7,521
0:06:09,9,7,2
0:06:10,9,44,14
0:06:11,8,5,13
0:06:12,8,3,7
0:06:13,8,41,1
0:06:14,8,37,20
0:06:15,8,6,23
0:06:16,8,41,6
0:06:17,9,5,11
0:06:18,8,41,11
0:06:19,7,6,13
0:06:20,8,39,27
0:06:21,8,38,17
0:06:22,870,2,25
0:06:23,8,6,2
0:06:24,7,7,5
0:06:25,8,24,2
0:06:26,8,2,3
0:06:27,7,4,5
0:06:28,9,5,47
0:06:29,9,2,6
0:06:30,7,27,5
0:06:31,9,5,6
0:06:32,7,5,25
0:06:33,85,25,6
0:06:34,8,22,3
0:06:35,8,6,445
0:06:36,949,5,10
0:06:37,7,7,31
0:06:38,7,23,2
0:06:39,8,3,34
0:06:40,7,2,10
0:06:41,8,4,3
0:06:42,9,471,1
0:06:43,9,7,47
0:06:44,8,636,19
0:06:45,931,586,9
0:06:46,7,5,2
0:06:47,8,6,5
0:06:48,8,44,24
0:06:49,8,2,5
0:06:50,9,6,4
0:06:51,8,25,5
0:06:52,9,5,6
0:06:53,8,7,2
0:06:54,8,40,9
0:06:55,8,7,499
0:06:56,783,4,26
0:06:57,8,6,425
0:06:58,8,5,9
0:06:59,7,5,22
0:07:00,9,23,6
0:07:01,7,7,5
0:07:02,8,24,1
0:07:03,9,38,5
0:07:04,7,5,6
0:07:05,8,6,37
0:07:06,8,424,46
0:07:07,809,6,2
0:07:08,7,44,1
0:07:09,8,4,20
0:07:10,8,5,40
0:07:11,9,5,5
0:07:12,8,5,5
0:07:13,8,42,4
0:07:14,894,5,5
0:07:15,8,39,8
0:07:16,9,7,5
0:07:17,8,373,2
0:07:18,9,2,5
0:07:19,9,6,6
0:07:20,9,7,23
0:07:21,909,2,4
0:07:22,8,2,5
0:07:23,9,7,4
0:07:24,7,7,1
0:07:25,7,40,3
0:07:26,8,3,24
0:07:27,833,4,10
0:07:28,9,397,5
0:07:29,9,4,26
0:07:30,8,6,17
0:07:31,7,5,28
0:07:32,946,6,3
0:07:33,8,34,35
0:07:34,8,3,39
0:07:35,7,33,4
0:07:36,8,7,10
0:07:37,8,2,8
0:07:38,8,36,9
0:07:39,881,6,1
0:07:40,8,7,6
0:07:41,878,5,21
0:07:42,8,3,6
0:07:43,9,703,36
0:07:44,7,36,350
0:07:45,9,2,3
0:07:46,8,35,2
0:07:47,9,513,16
0:07:48,817,34,47
0:07:49,8,34,4
0:07:50,787,38,21
0:07:51,7,592,318
0:07:52,8,46,23
0:07:53,8,668,32
0:07:54,9,7,39
0:07:55,8,6,3
0:07:56,8,5,18
0:07:57,8,5,4
0:07:58,790,432,4
0:07:59,8,3,15
0:08:00,8,5,14
0:08:01,8,7,5
0:08:02,776,3,9
0:08:03,7,6,6
0:08:04,7,4,3
0:08:05,7,293,8
0:08:06,8,7,48
0:08:07,8,7,7
0:08:08,9,31,2
0:08:09,7,4,4
0:08:10,8,5,5
0:08:11,9,598,41
0:08:12,9,7,4
0:08:13,8,5,48
0:08:14,7,5,442
0:08:15,8,36,23
0:08:16,9,4,6
0:08:17,8,73,5
0:08:18,9,6,5
0:08:19,7,5,31
0:08:20,7,6,23
0:08:21,8,688,1
0:08:22,7,33,3
0:08:23,8,6,16
0:08:24,7,2,1
0:08:25,752,44,5
0:08:26,8,5,5
0:08:27,9,22,1
0:08:28,8,4,4
0:08:29,7,3,3
0:08:30,8,47,7
0:08:31,853,3,6
0:08:32,8,7,5
0:08:33,8,24,18
0:08:34,89,4,17
0:08:35,9,6,30
0:08:36,7,3,241
0:08:37,8,2,47
0:08:38,7,7,5
0:08:39,7,3,6
0:08:40,8,27,7
0:08:41,8,44,5
0:08:42,935,4,30
0:08:43,7,46,21
0:08:44,8,4,17
0:08:45,7,44,393
0:08:46,8,4,5
0:08:47,9,5,44
0:08:48,9,6,45
0:08:49,8,4,13
0:08:50,8,3,5
0:08:51,763,488,5
0:08:52,7,28,5
0:08:53,8,26,6
0:08:54,8,31,6
0:08:55,9,673,439
0:08:56,8,2,5
0:08:57,9,5,20
0:08:58,7,41,9
0:08:59,8,5,2
0:09:00,7,29,5
0:09:01,7,25,15
0:09:02,8,27,1
0:09:03,8,43,4
0:09:04,7,5,10
0:09:05,7,522,28
0:09:06,834,3,2
0:09:07,9,7,23
0:09:08,8,5,30
0:09:09,8,57,30
0:09:10,9,25,5
0:09:11,946,22,5
0:09:12,7,6,5
0:09:13,8,271,13
0:09:14,7,4,3
0:09:15,7,3,4
0:09:16,9,4,15
0:09:17,9,329,13
0:09:18,8,47,9
0:09:19,8,6,306
0:09:20,8,6,4
0:09:21,7,7,3
0:09:22,8,6,47
0:09:23,7,6,5
0:09:24,7,693,21
0:09:25,8,37,9
0:09:26,9,2,2
0:09:27,846,6,3
0:09:28,9,4,20
0:09:29,783,42,986
0:09:30,8,3,35
0:09:31,9,37,42
0:09:32,8,4,20
0:09:33,9,2,5
0:09:34,7,3,24
0:09:35,8,6,46
0:09:36,7,7,27
0:09:37,7,3,20
0:09:38,9,4,2
0:09:39,9,44,6
0:09:40,8,47,12
0:09:41,881,44,4
0:09:42,9,4,30
0:09:43,866,48,3
0:09:44,8,25,5
0:09:45,8,6,1
0:09:46,9,3,5
0:09:47,7,667,6
0:09:48,8,2,46
0:09:49,9,5,3
0:09:50,8,6,797
0:09:51,8,2,1
0:09:52,8,680,1
0:09:53,8,46,4
0:09:54,9,6,2
0:09:55,7,2,14
0:09:56,7,35,13
0:09:57,9,5,2
0:09:58,8,2,16
0:09:59,7,2,16
0:10:00,8,6,8
0:10:01,8,4,19
0:10:02,8,2,4
0:10:03,8,6,4
0:10:04,8,2,5
0:10:05,8,683,6
0:10:06,7,6,5
0:10:07,7,6,23
0:10:08,9,5,26
0:10:09,8,46,5
0:10:10,7,5,48
0:10:11,7,29,25
0:10:12,7,49,3
0:10:13,7,34,46
0:10:14,8,346,3
0:10:15,7,5,16
0:10:16,8,6,3
0:10:17,873,7,23
0:10:18,7,26,19
0:10:19,8,6,24
0:10:20,7,5,29
0:10:21,8,757,5
0:10:22,8,5,14
0:10:23,8,7,7
0:10:24,8,7,14
0:10:25,8,7,41
0:10:26,7,4,17
0:10:27,8,452,25
0:10:28,8,2,2
0:10:29,781,23,544
0:10:30,9,2,10
0:10:31,795,7,2
0:10:32,815,41,35
0:10:33,7,2,21
0:10:34,9,5,12
0:10:35,8,4,5
0:10:36,8,6,7
0:10:37,8,6,45
0:10:38,9,389,6
0:10:39,7,6,1
0:10:40,7,2,3
0:10:41,8,3,5
0:10:42,8,512,2
0:10:43,8,7,5
0:10:44,7,5,5
0:10:45,8,5,15
0:10:46,8,3,5
0:10:47,8,31,40
0:10:48,7,42,1
0:10:49,7,4,48
0:10:50,8,36,41
0:10:51,8,28,39
0:10:52,9,582,6
0:10:53,8,41,6
0:10:54,854,5,5
0:10:55,7,5,38
0:10:56,8,7,5
0:10:57,8,4,6
0:10:58,8,36,20
0:10:59,7,6,376
0:11:00,9,620,3
0:11:01,8,7,4
0:11:02,8,621,12
0:11:03,9,2,5
0:11:04,8,4,2
0:11:05,7,754,20
0:11:06,7,604,16
0:11:07,9,38,5
0:11:08,8,4,18
0:11:09,9,7,31
0:11:10,7,6,223
0:11:11,8,5,4
0:11:12,8,5,5
0:11:13,9,39,5
0:11:14,8,630,2
0:11:15,7,6,5
0:11:16,9,5,5
0:11:17,7,40,24
0:11:18,9,2,362
0:11:19,8,6,322
0:11:20,8,3,48
0:11:21,8,5,37
0:11:22,8,3,5
0:11:23,9,5,5
0:11:24,9,7,6
0:11:25,8,6,36
0:11:26,8,7,291
0:11:27,8,7,43
0:11:28,9,4,37
0:11:29,896,3,10
0:11:30,8,48,1
0:11:31,8,5,53
0:11:32,8,6,7
0:11:33,8,501,1
0:11:34,7,6,4
0:11:35,8,7,20
0:11:36,9,4,1
0:11:37,764,5,2
0:11:38,8,7,5
0:11:39,9,3,2
0:11:40,7,6,16
0:11:41,7,24,15
0:11:42,8,33,15
0:11:43,9,714,5
0:11:44,8,3,546
0:11:45,8,5,5
0:11:46,82,45,29
0:11:47,945,5,43
0:11:48,9,7,2
0:11:49,8,7,5
0:11:50,7,5,49
0:11:51,801,31,2
0:11:52,8,5,4
0:11:53,7,34,6
0:11:54,935,43,3
0:11:55,9,7,4
0:11:56,82,41,12
0:11:57,8,23,2
0:11:58,8,7,10
0:11:59,8,589,22
0:12:00,9,279,10
0:12:01,905,5,34
0:12:02,8,5,4
0:12:03,8,2,2
0:12:04,7,6,348
0:12:05,826,3,22
0:12:06,7,3,3
0:12:07,9,42,39
0:12:08,8,7,2
0:12:09,8,29,36
0:12:10,7,3,27
0:12:11,9,38,4
0:12:12,8,6,2
0:12:13,9,4,8
0:12:14,8,2,525
0:12:15,9,5,44
0:12:16,8,2,5
0:12:17,9,485,269
0:12:18,880,6,6
0:12:19,912,31,47
0:12:20,8,673,5
0:12:21,9,5,605
0:12:22,7,6,369
0:12:23,8,3,24
0:12:24,9,7,5
0:12:25,753,34,3
0:12:26,7,250,2
0:12:27,9,7,236
0:12:28,7,24,3
0:12:29,7,647,4
0:12:30,9,2,37
0:12:31,8,7,22
0:12:32,8,7,4
0:12:33,9,38,4
0:12:34,9,493,527
0:12:35,9,6,47
0:12:36,7,7,3
0:12:37,7,7,9
0:12:38,7,5,19
0:12:39,9,4,5
0:12:40,9,6,18
0:12:41,7,4,20
0:12:42,9,3,3
0:12:43,805,3,5
0:12:44,8,5,540
0:12:45,8,6,32
0:12:46,8,38,26
0:12:47,9,5,1
0:12:48,8,3,25
0:12:49,9,7,15
0:12:50,9,46,4
0:12:51,8,5,34
0:12:52,9,23,10
0:12:53,7,40,3
0:12:54,7,47,3
0:12:55,7,5,48
0:12:56,7,6,14
0:12:57,8,7,4
0:12:58,8,4,43
0:12:59,9,687,4
0:13:00,7,6,30
0:13:01,7,7,31
0:13:02,8,6,4
0:13:03,7,5,5
0:13:04,7,5,12
0:13:05,9,3,31
0:13:06,8,3,35
0:13:07,7,23,4
0:13:08,9,2,40
0:13:09,8,6,4
0:13:10,8,6,27
0:13:11,8,4,4
0:13:12,8,38,428
0:13:13,9,4,5
0:13:14,922,39,17
0:13:15,8,7,2
0:13:16,831,37,34
0:13:17,8,38,32
0:13:18,8,4,3
0:13:19,9,4,30
0:13:20,7,6,3
0:13:21,9,23,5
0:13:22,8,6,20
0:13:23,7,5,5
0:13:24,9,5,38
0:13:25,792,5,5
0:13:26,8,6,1
0:13:27,9,2,7
0:13:28,8,3,17
0:13:29,8,41,388
0:13:30,9,3,6
0:13:31,7,28,6
0:13:32,8,23,13
0:13:33,8,5,39
0:13:34,8,23,42
0:13:35,9,5,5
0:13:36,7,3,4
0:13:37,7,6,3
0:13:38,8,6,4
0:13:39,9,5,5
0:13:40,7,646,419
0:13:41,907,40,36
0:13:42,886,691,44
0:13:43,8,5,640
0:13:44,7,29,30
0:13:45,9,676,6
0:13:46,7,7,576
0:13:47,8,3,6
0:13:48,9,5,3
0:13:49,9,7,50
0:13:50,9,6,4
0:13:51,8,6,512
0:13:52,8,2,24
0:13:53,8,5,933
0:13:54,8,39,2
0:13:55,912,5,110
0:13:56,8,7,3
0:13:57,8,7,3
0:13:58,7,41,5
0:13:59,9,6,5
0:14:00,8,5,8
0:14:01,8,28,35
0:14:02,8,5,6
0:14:03,866,6,14
0:14:04,7,647,10
0:14:05,9,28,28
0:14:06,8,48,39
0:14:07,8,2,18
0:14:08,9,37,22
0:14:09,8,5,2
0:14:10,7,4,2
0:14:11,8,6,27
0:14:12,8,5,14
0:14:13,9,4,2
0:14:14,8,24,13
0:14:15,8,7,393
0:14:16,9,7,3
0:14:17,8,23,2
0:14:18,7,4,2
0:14:19,8,5,4
0:14:20,7,24,5
0:14:21,9,6,6
0:14:22,7,5,4
0:14:23,8,28,43
0:14:24,8,4,5
0:14:25,8,23,18
0:14:26,9,4,6
0:14:27,7,7,6
0:14:28,8,37,1
0:14:29,8,4,6
0:14:30,7,5,5
0:14:31,8,39,2
0:14:32,7,26,11
0:14:33,8,7,19
0:14:34,7,6,3
0:14:35,7,48,5
0:14:36,7,580,9
0:14:37,8,514,4
0:14:38,7,5,42
0:14:39,758,4,5
0:14:40,7,4,4
0:14:41,9,31,18
0:14:42,8,637,36
0:14:43,8,37,3
0:14:44,9,4,3
0:14:45,809,25,7
0:14:46,9,6,5
0:14:47,7,6,18
0:14:48,7,5,3
0:14:49,7,7,23
0:14:50,8,63,3
0:14:51,8,7,559
0:14:52,7,6,5
0:14:53,8,22,30
0:14:54,9,4,4
0:14:55,7,26,22
0:14:56,7,22,6
0:14:57,8,5,1
0:14:58,8,6,5
0:14:59,9,25,2
0:15:00,8,6,14
0:15:01,8,2,2
0:15:02,8,591,46
0:15:03,8,3,6
0:15:04,9,7,3
0:15:05,9,7,17
0:15:06,9,5,18
0:15:07,8,6,28
0:15:08,7,3,5
0:15:09,8,3,14
0:15:10,8,2,6
0:15:11,7,3,16
0:15:12,9,6,8
0:15:13,8,3,38
0:15:14,8,6,25
0:15:15,8,5,33
0:15:16,7,28,5
0:15:17,7,43,11
0:15:18,8,6,9
0:15:19,8,43,21
0:15:20,8,49,42
0:15:21,855,4,30
0:15:22,7,5,5
0:15:23,8,23,17
0:15:24,7,4,3
0:15:25,9,7,14
0:15:26,8,22,195
0:15:27,7,41,5
0:15:28,8,7,2
0:15:29,7,7,3
0:15:30,8,3,3
0:15:31,7,667,33
0:15:32,7,36,7
0:15:33,8,7,33
0:15:34,8,24,531
0:15:35,8,5,5
0:15:36,8,5,19
0:15:37,8,7,25
0:15:38,7,41,6
0:15:39,8,32,1
0:15:40,765,30,253
0:15:41,8,33,40
0:15:42,9,522,18
0:15:43,9,5,2
0:15:44,8,4,19
0:15:45,8,275,4
0:15:46,9,7,2
0:15:47,8,48,9
0:15:48,8,2,22
0:15:49,7,7,28
0:15:50,7,6,4
0:15:51,7,7,32
0:15:52,9,7,5
0:15:53,7,5,632
0:15:54,7,272,6
0:15:55,8,22,1
0:15:56,9,23,3
0:15:57,7,7,21
0:15:58,8,40,24
0:15:59,8,24,26
0:16:00,781,505,2
0:16:01,9,3,2
0:16:02,9,41,10
0:16:03,7,3,3
0:16:04,8,42,23
0:16:05,8,45,408
0:16:06,9,7,4
0:16:07,8,7,5
0:16:08,798,3,4
0:16:09,8,40,6
0:16:10,8,6,5
0:16:11,8,67,7
0:16:12,8,41,27
0:16:13,887,46,20
0:16:14,8,5,5
0:16:15,9,7,44
0:16:16,867,5,14
0:16:17,9,5,3
0:16:18,8,5,3
0:16:19,8,665,11
0:16:20,8,5,37
0:16:21,891,35,6
0:16:22,7,3,18
0:16:23,8,4,23
0:16:24,9,6,5
0:16:25,9,7,31
0:16:26,8,6,6
0:16:27,8,28,13
0:16:28,9,6,15
0:16:29,8,6,20
0:16:30,7,7,38
0:16:31,8,5,13
0:16:32,8,510,19
0:16:33,7,6,4
0:16:34,8,47,620
0:16:35,8,6,29
0:16:36,8,7,558
0:16:37,851,6,5
0:16:38,7,6,44
0:16:39,8,5,26
0:16:40,8,2,3
0:16:41,8,6,2
0:16:42,783,2,36
0:16:43,812,6,5
0:16:44,94,2,42
0:16:45,9,7,6
0:16:46,8,6,3
0:16:47,767,7,5
0:16:48,9,2,25
0:16:49,877,4,4
0:16:50,8,5,6
0:16:51,9,5,301
0:16:52,9,7,4
0:16:53,7,6,41
0:16:54,7,7,9
0:16:55,898,7,2
0:16:56,9,6,6
0:16:57,8,477,3
0:16:58,9,5,12
0:16:59,8,48,2
0:17:00,8,49,7
0:17:01,8,312,26
0:17:02,8,5,6
0:17:03,801,6,17
0:17:04,9,6,3
0:17:05,7,740,5
0:17:06,8,7,4
0:17:07,9,2,2
0:17:08,8,23,23
0:17:09,8,580,6
0:17:10,776,5,6
0:17:11,8,5,5
0:17:12,8,6,3
0:17:13,899,6,8
0:17:14,8,4,3
0:17:15,896,637,6
0:17:16,8,4,5
0:17:17,8,6,5
0:17:18,8,5,4
0:17:19,8,7,29
0:17:20,8,6,2
0:17:21,7,41,20
0:17:22,8,6,39
0:17:23,7,7,33
0:17:24,7,47,2
0:17:25,7,2,22
0:17:26,7,42,4
0:17:27,8,6,10
0:17:28,7,3,18
0:17:29,7,5,3
0:17:30,784,31,4
0:17:31,7,4,21
0:17:32,7,28,19
0:17:33,8,6,6
0:17:34,9,3,6
0:17:35,921,706,10
0:17:36,7,6,9
0:17:37,8,7,5
0:17:38,8,24,832
0:17:39,8,29,11
0:17:40,7,26,563
0:17:41,7,7,5
0:17:42,7,5,5
0:17:43,9,6,34
0:17:44,920,45,45
0:17:45,8,3,145
0:17:46,8,5,10
0:17:47,7,3,4
0:17:48,9,32,15
0:17:49,8,387,4
0:17:50,9,27,5
0:17:51,8,40,2
0:17:52,8,5,39
0:17:53,7,3,9
0:17:54,9,4,45
0:17:55,8,46,19
0:17:56,9,29,17
0:17:57,8,6,4
0:17:58,9,3,5
0:17:59,9,4,31
0:18:00,8,486,3
0:18:01,9,4,21
0:18:02,8,5,3
0:18:03,7,4,25
0:18:04,8,7,40
0:18:05,7,500,33
0:18:06,86,26,6
0:18:07,7,4,4
0:18:08,9,47,35
0:18:09,7,582,34
0:18:10,9,6,5
0:18:11,9,48,2
0:18:12,9,4,529
0:18:13,7,627,6
0:18:14,803,5,5
0:18:15,8,5,2
0:18:16,9,5,49
0:18:17,799,699,4
0:18:18,9,4,42
0:18:19,9,3,3
0:18:20,757,4,48
0:18:21,7,41,2
0:18:22,8,6,5
0:18:23,8,40,5
0:18:24,9,6,3
0:18:25,907,5,5
0:18:26,906,3,11
0:18:27,9,4,24
0:18:28,7,5,3
0:18:29,781,5,19
0:18:30,8,23,18
0:18:31,9,5,46
0:18:32,8,48,28
0:18:33,9,6,4
0:18:34,8,2,16
0:18:35,915,4,11
0:18:36,8,3,32
0:18:37,9,4,18
0:18:38,872,49,40
0:18:39,750,3,15
0:18:40,7,4,44
0:18:41,8,6,5
0:18:42,8,5,5
0:18:43,9,2,34
0:18:44,811,6,45
0:18:45,7,46,610
0:18:46,8,6,13
0:18:47,8,5,3
0:18:48,7,33,5
0:18:49,8,45,3
0:18:50,947,47,26
0:18:51,9,7,5
0:18:52,9,6,31
0:18:53,8,41,28
0:18:54,803,6,44
0:18:55,7,5,5
0:18:56,7,3,6
0:18:57,9,569,28
0:18:58,7,37,4
0:18:59,8,22,4
0:19:00,7,4,22
0:19:01,9,27,447
0:19:02,7,542,4
0:19:03,7,6,5
0:19:04,9,7,34
0:19:05,9,6,39
0:19:06,7,22,19
0:19:07,9,7,12
0:19:08,8,6,25
0:19:09,7,4,34
0:19:10,9,5,35
0:19:11,7,5,40
0:19:12,8,6,45
0:19:13,8,4,240
0:19:14,8,638,6
0:19:15,8,7,42
0:19:16,7,44,41
0:19:17,9,2,3
0:19:18,7,6,16
0:19:19,9,6,2
0:19:20,8,75,5
0:19:21,771,6,9
0:19:22,8,5,5
0:19:23,7,7,26
0:19:24,9,7,49
0:19:25,8,32,29
0:19:26,8,344,6
0:19:27,88,26,11
0:19:28,87,7,4
0:19:29,9,6,15
0:19:30,7,504,37
0:19:31,9,7,49
0:19:32,8,7,5
0:19:33,9,5,13
0:19:34,8,7,1
0:19:35,8,33,5
0:19:36,79,2,18
0:19:37,8,38,2
0:19:38,933,3,6
0:19:39,7,7,6
0:19:40,7,2,8
0:19:41,882,5,43
0:19:42,8,5,6
0:19:43,8,28,5
0:19:44,7,6,41
0:19:45,8,23,4
0:19:46,838,34,3
0:19:47,8,5,5
0:19:48,9,47,4
0:19:49,795,7,17
0:19:50,9,2,1
0:19:51,9,7,5
0:19:52,7,6,5
0:19:53,8,40,40
0:19:54,86,4,29
0:19:55,8,3,27
0:19:56,7,3,4
0:19:57,8,23,19
0:19:58,7,33,16
0:19:59,8,7,5
0:20:00,8,41,21
0:20:01,8,4,3
0:20:02,8,37,26
0:20:03,8,503,613
0:20:04,8,343,22
0:20:05,8,5,3
0:20:06,9,44,31
0:20:07,7,33,17
0:20:08,7,4,882
0:20:09,8,3,941
0:20:10,8,7,4
0:20:11,9,28,4
0:20:12,8,42,4
0:20:13,7,45,18
0:20:14,7,49,13
0:20:15,7,3,35
0:20:16,8,5,29
0:20:17,8,6,15
0:20:18,7,28,35
0:20:19,8,5,4
0:20:20,8,44,5
0:20:21,8,6,44
0:20:22,8,5,153
0:20:23,7,7,35
0:20:24,8,3,3
0:20:25,8,378,20
0:20:26,8,6,20
0:20:27,9,3,3
0:20:28,7,29,15
0:20:29,9,6,5
0:20:30,7,3,9
0:20:31,8,5,36
0:20:32,7,6,4
0:20:33,7,6,15
0:20:34,874,23,3
0:20:35,8,2,4
0:20:36,8,32,33
0:20:37,8,5,6
0:20:38,8,41,28
0:20:39,7,22,38
0:20:40,8,4,31
0:20:41,9,35,3
0:20:42,914,5,23
0:20:43,8,5,42
0:20:44,7,46,5
0:20:45,915,7,41
0:20:46,885,40,5
0:20:47,8,2,5
0:20:48,7,3,32
0:20:49,9,769,3
0:20:50,8,7,16
0:20:51,8,5,47
0:20:52,8,5,5
0:20:53,8,29,6
0:20:54,8,6,591
0:20:55,8,4,3
0:20:56,7,5,5
0:20:57,944,2,11
0:20:58,8,7,4
0:20:59,7,692,6
0:21:00,9,46,1
0:21:01,8,7,6
0:21:02,8,7,31
0:21:03,9,4,5
0:21:04,83,6,6
0:21:05,7,40,5
0:21:06,7,7,5
0:21:07,9,45,38
0:21:08,9,6,4
0:21:09,8,725,3
0:21:10,7,47,2
0:21:11,8,2,4
0:21:12,8,7,4
0:21:13,9,6,3
0:21:14,879,6,5
0:21:15,8,4,27
0:21:16,9,5,29
0:21:17,8,22,7
0:21:18,9,5,25
0:21:19,7,6,46
0:21:20,7,6,2
0:21:21,8,39,5
0:21:22,8,5,10
0:21:23,9,7,15
0:21:24,8,7,17
0:21:25,773,5,633
0:21:26,8,32,13
0:21:27,802,33,5
0:21:28,8,6,5
0:21:29,8,5,183
0:21:30,8,647,4
0:21:31,8,41,45
0:21:32,8,5,13
0:21:33,9,7,48
0:21:34,9,6,26
0:21:35,8,35,47
0:21:36,7,24,7
0:21:37,900,6,3
0:21:38,788,2,4
0:21:39,8,5,22
0:21:40,8,26,5
0:21:41,868,47,2
0:21:42,8,7,596
0:21:43,8,392,219
0:21:44,7,5,14
0:21:45,9,5,2
0:21:46,9,6,41
0:21:47,8,5,7
0:21:48,8,7,44
0:21:49,931,5,45
0:21:50,9,3,4
0:21:51,940,4,4
0:21:52,8,4,262
0:21:53,7,7,13
0:21:54,9,31,18
0:21:55,818,3,901
0:21:56,8,5,2
0:21:57,7,746,2
0:21:58,8,5,34
0:21:59,8,26,329
0:22:00,8,6,2
0:22:01,807,7,1
0:22:02,8,357,4
0:22:03,7,6,1
0:22:04,8,3,3
0:22:05,8,24,3
0:22:06,8,7,4
0:22:07,9,5,42
0:22:08,7,2,18
0:22:09,871,3,32
0:22:10,7,7,24
0:22:11,9,43,1
0:22:12,821,7,26
0:22:13,7,24,46
0:22:14,9,6,47
0:22:15,8,6,21
0:22:16,9,35,5
0:22:17,8,6,5
0:22:18,8,3,5
0:22:19,8,3,2
0:22:20,8,5,6
0:22:21,7,6,13
0:22:22,7,5,5
0:22:23,8,34,15
0:22:24,8,3,2
0:22:25,813,33,5
0:22:26,8,3,5
0:22:27,9,38,5
0:22:28,7,38,5
0:22:29,9,6,6
0:22:30,852,2,2
0:22:31,8,4,516
0:22:32,903,7,38
0:22:33,7,7,31
0:22:34,8,4,5
0:22:35,7,31,50
0:22:36,7,41,46
0:22:37,8,5,13
0:22:38,8,6,3
0:22:39,7,45,30
0:22:40,8,6,44
0:22:41,799,35,3
0:22:42,8,567,3
0:22:43,8,3,4
0:22:44,842,7,5
0:22:45,8,7,2
0:22:46,7,46,5
0:22:47,8,754,1
0:22:48,8,2,29
0:22:49,7,23,30
0:22:50,7,5,5
0:22:51,7,29,5
0:22:52,8,44,4
0:22:53,8,35,48
0:22:54,7,7,1
0:22:55,7,6,3
0:22:56,9,36,40
0:22:57,785,7,566
0:22:58,8,7,24
0:22:59,9,4,33
0:23:00,8,5,37
0:23:01,845,46,4
0:23:02,8,4,41
0:23:03,882,6,42
0:23:04,8,28,2
0:23:05,840,4,6
0:23:06,9,45,5
0:23:07,9,5,4
0:23:08,7,6,39
0:23:09,9,39,6
0:23:10,7,5,16
0:23:11,8,7,46
0:23:12,761,6,6
0:23:13,8,6,10
0:23:14,8,2,1
0:23:15,8,3,5
0:23:16,8,4,5
0:23:17,7,732,10
0:23:18,8,3,9
0:23:19,8,7,7
0:23:20,8,7,5
0:23:21,932,31,4
0:23:22,7,3,5
0:23:23,877,5,6
0:23:24,7,7,243
0:23:25,7,5,6
0:23:26,7,5,5
0:23:27,9,7,49
0:23:28,9,6,8
0:23:29,833,5,5
0:23:30,9,36,2
0:23:31,8,6,5
0:23:32,9,4,5
0:23:33,9,2,42
0:23:34,9,357,5
0:23:35,7,23,1
0:23:36,7,37,5
0:23:37,8,45,3
0:23:38,8,6,6
0:23:39,8,32,2
0:23:40,9,5,4
0:23:41,9,7,6
0:23:42,8,6,6
0:23:43,7,6,4
0:23:44,9,7,611
0:23:45,7,3,934
0:23:46,895,24,2
0:23:47,8,5,2
0:23:48,9,31,4
0:23:49,8,3,4
0:23:50,7,4,2
0:23:51,9,3,7
0:23:52,7,5,8
0:23:53,806,5,522
0:23:54,9,5,5
0:23:55,8,2,6
0:23:56,9,23,47
0:23:57,8,5,11
0:23:58,8,5,20
0:23:59,7,5,7
0:24:00,8,4,578
0:24:01,8,7,3
0:24:02,8,6,3
0:24:03,8,39,361
0:24:04,8,7,17
0:24:05,9,751,6
0:24:06,8,2,5
0:24:07,8,6,5
0:24:08,8,4,514
0:24:09,8,7,1
0:24:10,8,7,10
0:24:11,8,2,46
0:24:12,7,24,8
0:24:13,7,281,5
0:24:14,8,3,3
0:24:15,7,654,5
0:24:16,8,5,548
0:24:17,8,4,1
0:24:18,8,43,11
0:24:19,7,7,11
0:24:20,7,5,6
0:24:21,8,7,41
0:24:22,8,6,19
0:24:23,7,29,37
0:24:24,8,7,19
0:24:25,7,4,38
0:24:26,7,7,2
0:24:27,8,4,35
0:24:28,8,5,5
0:24:29,7,531,49
0:24:30,8,6,5
0:24:31,8,5,8
0:24:32,7,7,37
0:24:33,8,5,42
0:24:34,7,47,5
0:24:35,8,7,11
0:24:36,7,626,32
0:24:37,899,3,6
0:24:38,9,5,2
0:24:39,9,6,636
0:24:40,8,49,520
0:24:41,8,24,2
0:24:42,8,6,38
0:24:43,7,3,22
0:24:44,8,7,5
0:24:45,7,5,2
0:24:46,8,3,5
0:24:47,915,3,48
0:24:48,8,3,5
0:24:49,802,6,5
0:24:50,7,6,4
0:24:51,7,6,19
0:24:52,753,6,604
0:24:53,7,6,28
0:24:54,7,48,40
0:24:55,7,6,5
0:24:56,7,7,16
0:24:57,8,6,401
0:24:58,8,7,4
0:24:59,8,5,13
0:25:00,8,5,5
0:25:01,8,6,3
0:25:02,8,5,7
0:25:03,8,3,6
0:25:04,7,2,42
0:25:05,7,4,12
0:25:06,9,5,34
0:25:07,8,5,5
0:25:08,7,5,2
0:25:09,848,48,6
0:25:10,7,4,35
0:25:11,7,3,2
0:25:12,8,3,5
0:25:13,8,5,5
0:25:14,7,5,28
0:25:15,8,6,1
0:25:16,7,6,11
0:25:17,8,6,270
0:25:18,8,6,5
0:25:19,8,6,5
0:25:20,8,4,5
0:25:21,8,4,22
0:25:22,7,3,2
0:25:23,9,7,570
0:25:24,9,7,38
0:25:25,7,3,1
0:25:26,8,626,2
0:25:27,7,38,45
0:25:28,8,4,639
0:25:29,7,3,4
0:25:30,7,5,2
0:25:31,8,532,10
0:25:32,7,4,3
0:25:33,8,4,308
0:25:34,915,26,4
0:25:35,9,7,17
0:25:36,8,7,639
0:25:37,7,7,17
0:25:38,9,37,989
0:25:39,8,4,6
0:25:40,9,7,45
0:25:41,7,2,21
0:25:42,8,3,5
0:25:43,9,3,45
0:25:44,7,7,2
0:25:45,7,225,5
0:25:46,9,3,39
0:25:47,8,3,25
0:25:48,9,6,3
0:25:49,8,22,5
0:25:50,7,31,22
0:25:51,9,42,30
0:25:52,8,5,45
0:25:53,8,772,5
0:25:54,8,7,8
0:25:55,7,5,4
0:25:56,8,29,44
0:25:57,8,6,5
0:25:58,9,49,2
0:25:59,7,6,17
0:26:00,9,3,3
0:26:01,8,5,5
0:26:02,8,5,22
0:26:03,8,7,5
0:26:04,7,6,6
0:26:05,7,7,5
0:26:06,7,7,19
0:26:07,9,596,39
0:26:08,7,7,1
0:26:09,7,4,2
0:26:10,7,6,45
0:26:11,8,386,41
0:26:12,8,4,31
0:26:13,7,271,6
0:26:14,8,5,261
0:26:15,7,5,12
0:26:16,7,45,5
0:26:17,7,5,20
0:26:18,8,2,4
0:26:19,7,7,6
0:26:20,8,7,12
0:26:21,868,5,3
0:26:22,9,7,6
0:26:23,7,28,571
0:26:24,9,24,2
0:26:25,915,7,39
0:26:26,7,452,11
0:26:27,9,5,4
0:26:28,8,6,43
0:26:29,9,7,4
0:26:30,8,7,5
0:26:31,8,3,4
0:26:32,8,3,3
0:26:33,803,296,29
0:26:34,9,47,2
0:26:35,9,777,4
0:26:36,8,397,14
0:26:37,9,5,32
0:26:38,7,5,37
0:26:39,7,6,5
0:26:40,9,23,16
0:26:41,7,2,340
0:26:42,7,5,1
0:26:43,8,5,5
0:26:44,9,2,4
0:26:45,8,7,18
0:26:46,8,7,12
0:26:47,7,5,519
0:26:48,9,38,4
0:26:49,8,4,11
0:26:50,7,728,21
0:26:51,7,5,6
0:26:52,8,7,5
0:26:53,881,37,30
0:26:54,865,28,368
0:26:55,871,5,3
0:26:56,7,678,3
0:26:57,8,5,40
0:26:58,8,6,13
0:26:59,8,3,6
0:27:00,873,4,23
0:27:01,8,5,5
0:27:02,7,31,3
0:27:03,7,6,40
0:27:04,7,4,1
0:27:05,8,44,34
0:27:06,7,5,25
0:27:07,8,31,5
0:27:08,8,7,19
0:27:09,8,2,35
0:27:10,8,58,5
0:27:11,9,7,5
0:27:12,9,5,5
0:27:13,7,7,23
0:27:14,9,49,3
0:27:15,7,6,6
0:27:16,8,4,33
0:27:17,9,2,37
0:27:18,9,5,2
0:27:19,9,5,49
0:27:20,7,6,3
0:27:21,7,2,5
0:27:22,9,6,17
0:27:23,7,687,6
0:27:24,7,3,5
0:27:25,8,46,14
0:27:26,8,6,44
0:27:27,9,34,26
0:27:28,8,712,3
0:27:29,8,4,3
0:27:30,8,6,34
0:27:31,8,6,40
0:27:32,9,5,33
0:27:33,8,22,505
0:27:34,8,4,1
0:27:35,7,2,40
0:27:36,7,35,34
0:27:37,9,7,5
0:27:38,8,6,5
0:27:39,8,5,2
0:27:40,8,4,8
0:27:41,9,6,2
0:27:42,881,6,6
0:27:43,7,5,2
0:27:44,8,5,883
0:27:45,8,7,640
0:27:46,901,6,3
0:27:47,7,6,12
0:27:48,8,22,23
0:27:49,8,3,5
0:27:50,9,7,6
0:27:51,7,7,17
0:27:52,9,5,1
0:27:53,8,41,4
0:27:54,7,727,5
0:27:55,8,4,3
0:27:56,8,4,4
0:27:57,9,41,48
0:27:58,8,5,39
0:27:59,7,7,3
0:28:00,8,7,2
0:28:01,887,658,45
0:28:02,8,45,5
0:28:03,8,6,520
0:28:04,8,4,4
0:28:05,8,6,3
0:28:06,872,5,41
0:28:07,8,2,10
0:28:08,9,30,5
0:28:09,9,30,21
0:28:10,8,3,22
0:28:11,8,47,17
0:28:12,7,6,3
0:28:13,8,6,240
0:28:14,8,35,41
0:28:15,8,25,5
0:28:16,8,24,5
0:28:17,7,5,9
0:28:18,8,4,119
0:28:19,8,7,600
0:28:20,8,7,11
0:28:21,7,6,5
0:28:22,7,704,5
0:28:23,9,4,4
0:28:24,8,22,49
0:28:25,7,5,43
0:28:26,930,7,32
0:28:27,9,36,35
0:28:28,7,5,6
0:28:29,8,42,6
0:28:30,9,29,47
0:28:31,9,46,4
0:28:32,8,3,6
0:28:33,7,23,2
0:28:34,8,45,12
0:28:35,7,3,2
0:28:36,781,3,2
0:28:37,9,7,3
0:28:38,8,6,583
0:28:39,8,4,2
0:28:40,7,5,11
0:28:41,8,6,19
0:28:42,9,46,5
0:28:43,7,5,23
0:28:44,8,4,41
0:28:45,8,474,886
0:28:46,8,436,18
0:28:47,8,7,40
0:28:48,8,23,2
0:28:49,8,5,5
0:28:50,8,7,243
0:28:51,7,5,5
0:28:52,7,25,4
0:28:53,7,533,3
0:28:54,8,6,19
0:28:55,7,5,5
0:28:56,9,3,2
0:28:57,9,22,7
0:28:58,880,35,4
0:28:59,8,45,4
0:29:00,9,4,49
0:29:01,9,2,2
0:29:02,7,6,3
0:29:03,8,2,3
0:29:04,8,48,6
0:29:05,9,7,640
0:29:06,881,39,5
0:29:07,8,30,16
0:29:08,9,5,44
0:29:09,9,2,12
0:29:10,7,5,4
0:29:11,7,47,4
0:29:12,7,5,40
0:29:13,9,47,3
0:29:14,9,30,43
0:29:15,8,5,24
0:29:16,9,46,350
0:29:17,8,6,6
0:29:18,8,5,23
0:29:19,9,6,3
0:29:20,8,22,5
0:29:21,8,5,5
0:29:22,7,616,3
0:29:23,847,6,5
0:29:24,875,28,33
0:29:25,9,48,5
0:29:26,7,48,29
0:29:27,9,4,3
0:29:28,931,3,5
0:29:29,9,6,11
0:29:30,7,6,4
0:29:31,9,6,16
0:29:32,8,5,4
0:29:33,8,7,36
0:29:34,916,44,3
0:29:35,839,7,48
0:29:36,8,47,14
0:29:37,7,537,34
0:29:38,7,3,29
0:29:39,792,540,6
0:29:40,7,48,2
0:29:41,9,5,640
0:29:42,7,34,5
0:29:43,923,5,4
0:29:44,882,6,33
0:29:45,9,3,4
0:29:46,775,663,1
0:29:47,8,5,11
0:29:48,7,3,427
0:29:49,7,3,21
0:29:50,8,766,23
0:29:51,8,41,3
0:29:52,8,4,5
0:29:53,9,45,5
0:29:54,9,5,4
0:29:55,9,4,6
0:29:56,7,48,10
0:29:57,9,2,4
0:29:58,8,5,4
0:29:59,7,7,6
0:30:00,8,5,49
0:30:01,8,6,3
0:30:02,899,24,40
0:30:03,9,3,41
0:30:04,8,25,5
0:30:05,7,5,3
0:30:06,8,2,255
0:30:07,7,7,30
0:30:08,7,7,39
0:30:09,7,2,8
0:30:10,9,5,14
0:30:11,8,32,10
0:30:12,920,4,5
0:30:13,7,3,2
0:30:14,9,22,5
0:30:15,7,6,27
0:30:16,8,3,24
0:30:17,910,26,47
0:30:18,9,515,4
0:30:19,7,630,5
0:30:20,8,4,3
0:30:21,8,39,5
0:30:22,8,7,42
0:30:23,7,3,2
0:30:24,887,44,7
0:30:25,8,6,32
0:30:26,9,7,561
0:30:27,8,5,28
0:30:28,8,7,4
0:30:29,8,6,22
0:30:30,8,4,28
0:30:31,7,625,3
0:30:32,8,7,41
0:30:33,8,7,5
0:30:34,8,35,23
0:30:35,8,5,6
0:30:36,9,6,38
0:30:37,9,23,3
0:30:38,9,4,17
0:30:39,9,4,47
0:30:40,8,6,18
0:30:41,8,5,5
0:30:42,8,5,5
0:30:43,9,5,22
0:30:44,8,45,12
0:30:45,9,7,5
0:30:46,9,41,14
0:30:47,888,2,36
0:30:48,9,4,18
0:30:49,7,29,35
0:30:50,9,5,29
0:30:51,8,271,13
0:30:52,796,7,43
0:30:53,7,729,2
0:30:54,7,2,5
0:30:55,9,6,5
0:30:56,8,5,3
0:30:57,9,6,6
0:30:58,8,3,5
0:30:59,7,424,1
0:31:00,8,44,16
0:31:01,8,2,36
0:31:02,8,7,2
0:31:03,7,6,456
0:31:04,8,4,46
0:31:05,8,5,3
0:31:06,8,625,9
0:31:07,804,5,22
0:31:08,8,7,6
0:31:09,7,7,5
0:31:10,81,4,17
0:31:11,9,26,11
0:31:12,8,6,13
0:31:13,8,4,3
0:31:14,9,4,37
0:31:15,9,32,3
0:31:16,785,4,5
0:31:17,9,5,21
0:31:18,9,2,4
0:31:19,7,5,33
0:31:20,767,5,3
0:31:21,8,6,3
0:31:22,7,533,6
0:31:23,9,2,41
0:31:24,887,3,16
0:31:25,8,4,23
0:31:26,8,7,3
0:31:27,7,6,21
0:31:28,883,3,3
0:31:29,7,42,451
0:31:30,9,25,28
0:31:31,8,6,390
0:31:32,8,46,19
0:31:33,9,7,25
0:31:34,8,5,37
0:31:35,7,6,3
0:31:36,8,5,5
0:31:37,8,7,27
0:31:38,8,4,1
0:31:39,8,7,6
0:31:40,9,48,15
0:31:41,8,4,2
0:31:42,8,48,11
0:31:43,8,5,13
0:31:44,8,6,5
0:31:45,8,37,30
0:31:46,906,6,535
0:31:47,9,25,23
0:31:48,811,3,43
0:31:49,7,6,32
0:31:50,7,5,4
0:31:51,8,5,5
0:31:52,7,5,36
0:31:53,8,5,3
0:31:54,8,32,43
0:31:55,9,5,1
0:31:56,8,6,1
0:31:57,8,40,31
0:31:58,7,6,5
0:31:59,7,5,15
0:32:00,8,7,6
0:32:01,7,42,2
0:32:02,8,6,43
0:32:03,934,7,20
0:32:04,9,39,14
0:32:05,8,23,10
0:32:06,7,38,5
0:32:07,822,5,5
0:32:08,8,3,22
0:32:09,8,3,2
0:32:10,9,4,6
0:32:11,949,3,3
0:32:12,9,2,33
0:32:13,7,26,5
0:32:14,7,256,24
0:32:15,7,3,3
0:32:16,8,6,11
0:32:17,758,6,5
0:32:18,9,7,2
0:32:19,7,557,5
0:32:20,9,4,8
0:32:21,939,6,40
0:32:22,8,6,6
0:32:23,7,3,25
0:32:24,9,36,7
0:32:25,804,35,1
0:32:26,8,47,48
0:32:27,9,6,4
0:32:28,7,3,5
0:32:29,8,2,36
0:32:30,8,5,12
0:32:31,7,5,19
0:32:32,8,6,30
0:32:33,9,4,1
0:32:34,9,6,2
0:32:35,76,7,13
0:32:36,8,3,10
0:32:37,9,28,17
0:32:38,8,653,31
0:32:39,8,24,5
0:32:40,9,6,2
0:32:41,7,40,3
0:32:42,7,6,22
0:32:43,8,5,48
0:32:44,9,6,21
0:32:45,863,4,4
0:32:46,8,25,5
0:32:47,7,5,12
0:32:48,8,698,1
0:32:49,7,5,6
0:32:50,7,2,5
0:32:51,8,3,41
0:32:52,8,6,5
0:32:53,7,7,5
0:32:54,7,6,5
0:32:55,9,562,13
0:32:56,9,7,4
0:32:57,7,34,4
0:32:58,9,5,4
0:32:59,7,48,4
0:33:00,9,4,4
0:33:01,8,7,5
0:33:02,8,7,4
0:33:03,7,28,429
0:33:04,76,23,1
0:33:05,8,2,11
0:33:06,8,2,6
0:33:07,7,29,3
0:33:08,9,24,46
0:33:09,7,3,5
0:33:10,8,5,2
0:33:11,9,7,5
0:33:12,9,6,13
0:33:13,756,5,10
0:33:14,8,3,4
0:33:15,847,39,8
0:33:16,7,3,15
0:33:17,91,668,36
0:33:18,802,317,16
0:33:19,9,5,11
0:33:20,5,27,39
0:33:21,6,1,5
0:33:22,5,3,5
0:33:23,5,19,5
0:33:24,6,10,12
0:33:25,6,5,23
0:33:26,58,5,45
0:33:27,536,7,16
0:33:28,5,41,18
0:33:29,6,9,17
0:33:30,684,20,2
0:33:31,6,3,25
0:33:32,5,9,4
0:33:33,543,75,5
0:33:34,5,10,4
0:33:35,5,1,47
0:33:36,6,23,25
0:33:37,5,17,31
0:33:38,5,2,6
0:33:39,5,5,6
0:33:40,5,6,5
0:33:41,5,12,5
0:33:42,5,14,34
0:33:43,5,23,5
0:33:44,5,16,25
0:33:45,49,1,552
0:33:46,6,17,9
0:33:47,6,2,44
0:33:48,691,24,2
0:33:49,6,28,5
0:33:50,5,12,6
0:33:51,5,1,3
0:33:52,5,3,24
0:33:53,5,13,3
0:33:54,6,15,7
0:33:55,6,8,4
0:33:56,6,9,8
0:33:57,5,32,3
0:33:58,5,2,18
0:33:59,695,280,3
0:34:00,6,26,537
0:34:01,5,8,24
0:34:02,6,2,24
0:34:03,6,16,13
0:34:04,5,6,5
0:34:05,5,10,4
0:34:06,6,22,4
0:34:07,5,4,1
0:34:08,5,30,9
0:34:09,6,41,31
0:34:10,591,984,475
0:34:11,6,24,5
0:34:12,6,11,40
0:34:13,5,7,3
0:34:14,5,2,49
0:34:15,5,29,5
0:34:16,5,2,4
0:34:17,6,3,208
0:34:18,5,21,33
0:34:19,5,2,3
0:34:20,646,3,2
0:34:21,6,22,11
0:34:22,5,18,3
0:34:23,5,8,34
0:34:24,5,22,31
0:34:25,6,19,27
0:34:26,6,21,4
0:34:27,6,1,13
0:34:28,5,6,39
0:34:29,5,18,34
0:34:30,6,823,16
0:34:31,5,11,2
0:34:32,6,8,28
0:34:33,6,30,31
0:34:34,570,3,1
0:34:35,629,5,38
0:34:36,517,2,259
0:34:37,5,18,27
0:34:38,6,28,157
0:34:39,6,2,2
0:34:40,5,30,17
0:34:41,5,26,3
0:34:42,5,21,3
0:34:43,6,13,2
0:34:44,671,32,3
0:34:45,5,3,18
0:34:46,5,5,3
0:34:47,6,20,50
0:34:48,5,571,4
0:34:49,5,2,3
0:34:50,634,327,393
0:34:51,5,41,5
0:34:52,5,6,5
0:34:53,696,26,4
0:34:54,5,23,1
0:34:55,6,10,2
0:34:56,5,12,5
0:34:57,5,23,2
0:34:58,6,29,4
0:34:59,5,2,4
0:35:00,6,5,1
0:35:01,6,23,5
0:35:02,564,31,5
0:35:03,6,579,17
0:35:04,5,22,34
0:35:05,5,10,54
0:35:06,6,2,27
0:35:07,6,23,8
0:35:08,6,9,20
0:35:09,6,26,30
0:35:10,6,4,4
0:35:11,6,17,30
0:35:12,5,1,44
0:35:13,6,9,14
0:35:14,6,26,45
0:35:15,6,1,13
0:35:16,5,24,29
0:35:17,5,12,35
0:35:18,5,29,4
0:35:19,5,1,17
0:35:20,6,13,38
0:35:21,6,17,3
0:35:22,6,55,2
0:35:23,5,30,3
0:35:24,5,18,3
0:35:25,6,52,32
0:35:26,6,23,36
0:35:27,6,6,3
0:35:28,5,9,3
0:35:29,5,11,3
0:35:30,5,13,11
0:35:31,5,22,4
0:35:32,5,2,9
0:35:33,6,15,2
0:35:34,6,18,44
0:35:35,614,21,5
0:35:36,5,7,17
0:35:37,6,26,13
0:35:38,6,1,45
0:35:39,6,28,6
0:35:40,5,2,11
0:35:41,6,2,1
0:35:42,6,5,35
0:35:43,5,2,3
0:35:44,504,5,4
0:35:45,6,26,28
0:35:46,5,3,5
0:35:47,677,2,10
0:35:48,6,25,5
0:35:49,6,5,326
0:35:50,5,29,35
0:35:51,6,22,44
0:35:52,533,11,2
0:35:53,5,17,4
0:35:54,687,20,24
0:35:55,5,62,2
0:35:56,6,3,3
0:35:57,6,13,23
0:35:58,5,30,4
0:35:59,541,23,5
0:36:00,5,18,35
0:36:01,6,12,36
0:36:02,5,18,21
0:36:03,5,21,10
0:36:04,6,18,7
0:36:05,662,22,1
0:36:06,6,1,41
0:36:07,5,6,2
0:36:08,5,2,24
0:36:09,6,8,17
0:36:10,5,2,20
0:36:11,6,30,18
0:36:12,6,11,39
0:36:13,6,3,5
0:36:14,5,25,5
0:36:15,631,6,407
0:36:16,5,1,3
0:36:17,5,112,42
0:36:18,5,22,8
0:36:19,523,21,4
0:36:20,6,7,8
0:36:21,5,7,567
0:36:22,5,2,353
0:36:23,560,2,40
0:36:24,6,41,491
0:36:25,62,31,418
0:36:26,6,17,3
0:36:27,6,304,2
0:36:28,6,2,8
0:36:29,5,3,10
0:36:30,666,18,3
0:36:31,5,3,2
0:36:32,5,9,23
0:36:33,5,15,3
0:36:34,6,1,328
0:36:35,6,25,42
0:36:36,5,6,1
0:36:37,6,13,36
0:36:38,6,10,17
0:36:39,6,10,3
0:36:40,5,29,9
0:36:41,6,719,5
0:36:42,5,25,20
0:36:43,6,1,10
0:36:44,4,515,3
0:36:45,6,15,5
0:36:46,6,8,2
0:36:47,6,33,19
0:36:48,5,1,5
0:36:49,6,1,5
0:36:50,5,853,2
0:36:51,593,33,5
0:36:52,5,11,30
0:36:53,6,28,42
0:36:54,5,3,7
0:36:55,5,1,5
0:36:56,5,3,19
0:36:57,6,22,5
0:36:58,6,5,1
0:36:59,5,26,7
0:37:00,5,43,7
0:37:01,5,17,31
0:37:02,6,16,22
0:37:03,5,28,44
0:37:04,6,20,32
0:37:05,6,1,27
0:37:06,5,11,4
0:37:07,6,12,5
0:37:08,5,25,31
0:37:09,5,28,1
0:37:10,5,21,1
0:37:11,6,2,43
0:37:12,6,12,21
0:37:13,5,765,1
0:37:14,595,18,2
0:37:15,5,1,5
0:37:16,5,19,3
0:37:17,5,9,64
0:37:18,6,6,2
0:37:19,5,13,12
0:37:20,6,4,5
0:37:21,6,15,23
0:37:22,507,2,9
0:37:23,5,23,31
0:37:24,6,3,17
0:37:25,5,241,4
0:37:26,5,15,5
0:37:27,6,2,18
0:37:28,6,5,5
0:37:29,6,21,48
0:37:30,668,28,16
0:37:31,5,51,1
0:37:32,6,0,38
0:37:33,5,54,4
0:37:34,6,31,2
0:37:35,5,303,4
0:37:36,5,2,9
0:37:37,6,3,87
0:37:38,5,2,10
0:37:39,5,7,13
0:37:40,6,22,5
0:37:41,5,25,9
0:37:42,6,21,4
0:37:43,6,12,3
0:37:44,5,4,3
0:37:45,5,2,508
0:37:46,5,10,15
0:37:47,6,2,1
0:37:48,6,23,2
0:37:49,5,7,4
0:37:50,6,25,7
0:37:51,6,26,17
0:37:52,624,23,31
0:37:53,5,2,33
0:37:54,5,56,30
0:37:55,6,18,3
0:37:56,5,1,2
0:37:57,6,2,2
0:37:58,5,2,39
0:37:59,690,20,38
0:38:00,6,27,4
0:38:01,5,29,13
0:38:02,6,10,4
0:38:03,6,1,19
0:38:04,5,324,5
0:38:05,5,9,20
0:38:06,6,27,37
0:38:07,6,3,8
0:38:08,5,19,10
0:38:09,6,21,3
0:38:10,6,21,222
0:38:11,5,2,14
0:38:12,6,21,3
0:38:13,6,11,14
0:38:14,5,2,12
0:38:15,5,5,11
0:38:16,6,1,2
0:38:17,6,92,23
0:38:18,6,26,30
0:38:19,6,18,5
0:38:20,5,29,1
0:38:21,5,28,4
0:38:22,6,2,6
0:38:23,6,25,27
0:38:24,5,28,4
0:38:25,5,2,30
0:38:26,6,1,5
0:38:27,570,9,11
0:38:28,6,25,4
0:38:29,5,24,8
0:38:30,5,25,2
0:38:31,6,3,4
0:38:32,5,4,2
0:38:33,6,1,10
0:38:34,6,28,4
0:38:35,6,12,24
0:38:36,5,14,8
0:38:37,6,10,4
0:38:38,6,21,18
0:38:39,6,9,38
0:38:40,6,10,39
0:38:41,5,1,4
0:38:42,6,2,42
0:38:43,5,12,10
0:38:44,6,2,3
0:38:45,6,21,2
0:38:46,6,11,39
0:38:47,5,42,49
0:38:48,6,23,10
0:38:49,6,13,1
0:38:50,5,18,2
0:38:51,5,17,1
0:38:52,5,31,12
0:38:53,5,53,26
0:38:54,6,3,4
0:38:55,6,9,160
0:38:56,6,21,7
0:38:57,6,23,14
0:38:58,6,32,8
0:38:59,5,28,9
0:39:00,5,23,5
0:39:01,5,18,3
0:39:02,6,9,3
0:39:03,5,8,3
0:39:04,5,21,6
0:39:05,6,8,3
0:39:06,6,4,2
0:39:07,5,8,885
0:39:08,6,36,3
0:39:09,6,9,5
0:39:10,6,303,4
0:39:11,5,28,49
0:39:12,5,305,259
0:39:13,6,18,5
0:39:14,6,9,1
0:39:15,6,2,42
0:39:16,5,3,39
0:39:17,6,1,3
0:39:18,565,11,12
0:39:19,6,11,19
0:39:20,5,19,5
0:39:21,6,11,5
0:39:22,6,3,28
0:39:23,5,13,5
0:39:24,5,3,22
0:39:25,5,29,47
0:39:26,5,1,44
0:39:27,6,186,5
0:39:28,6,9,43
0:39:29,6,3,49
0:39:30,4,1,37
0:39:31,6,7,5
0:39:32,6,1,14
0:39:33,5,2,12
0:39:34,5,5,5
0:39:35,6,2,4
0:39:36,5,9,11
0:39:37,5,1,8
0:39:38,5,324,41
0:39:39,6,12,5
0:39:40,6,21,44
0:39:41,5,10,488
0:39:42,6,2,12
0:39:43,5,28,55
0:39:44,6,13,287
0:39:45,6,1,2
0:39:46,5,1,5
0:39:47,6,7,44
0:39:48,6,1,1
0:39:49,576,11,2
0:39:50,5,20,2
0:39:51,687,1,25
0:39:52,5,24,5
0:39:53,6,18,29
0:39:54,5,2,36
0:39:55,6,3,25
0:39:56,5,15,3
0:39:57,6,12,35
0:39:58,6,26,4
0:39:59,5,9,16
0:40:00,5,11,3
0:40:01,5,2,7
0:40:02,5,28,37
0:40:03,6,12,5
0:40:04,6,2,5
0:40:05,6,15,24
0:40:06,6,16,23
0:40:07,5,29,27
0:40:08,6,1,29
0:40:09,6,391,44
0:40:10,6,3,791
0:40:11,5,3,26
0:40:12,5,31,4
0:40:13,6,132,2
0:40:14,5,8,38
0:40:15,6,1,49
0:40:16,533,273,4
0:40:17,5,25,25
0:40:18,6,31,19
0:40:19,6,7,7
0:40:20,5,5,2
0:40:21,5,2,7
0:40:22,653,18,9
0:40:23,604,10,394
0:40:24,5,7,372
0:40:25,504,8,45
0:40:26,6,2,0
0:40:27,5,21,3
0:40:28,5,30,15
0:40:29,516,145,5
0:40:30,5,44,16
0:40:31,6,31,4
0:40:32,5,27,9
0:40:33,6,331,35
0:40:34,6,19,32
0:40:35,6,16,9
0:40:36,5,18,6
0:40:37,5,15,5
0:40:38,6,13,21
0:40:39,6,23,2
0:40:40,5,3,551
0:40:41,583,41,1
0:40:42,547,6,4
0:40:43,603,15,10
0:40:44,5,2,2
0:40:45,5,7,6
0:40:46,6,19,3
0:40:47,6,2,2
0:40:48,5,32,21
0:40:49,5,14,3
0:40:50,6,2,9
0:40:51,5,16,4
0:40:52,6,2,517
0:40:53,5,9,2
0:40:54,6,13,10
0:40:55,6,3,9
0:40:56,6,24,58
0:40:57,5,1,37
0:40:58,5,13,45
0:40:59,5,293,5
0:41:00,5,15,2
0:41:01,6,24,61
0:41:02,687,9,3
0:41:03,575,11,41
0:41:04,5,25,45
0:41:05,5,2,22
0:41:06,5,2,32
0:41:07,6,30,4
0:41:08,6,2,295
0:41:09,5,6,3
0:41:10,5,25,30
0:41:11,5,25,20
0:41:12,5,24,469
0:41:13,5,10,27
0:41:14,5,6,14
0:41:15,6,4,50
0:41:16,6,22,23
0:41:17,6,15,33
0:41:18,5,19,33
0:41:19,5,4,3
0:41:20,6,3,3
0:41:21,5,31,5
0:41:22,5,24,2
0:41:23,6,3,27
0:41:24,5,25,2
0:41:25,5,1,3
0:41:26,6,56,45
0:41:27,5,16,4
0:41:28,6,3,10
0:41:29,5,18,23
0:41:30,6,4,4
0:41:31,6,41,1
0:41:32,5,1,2
0:41:33,5,19,13
0:41:34,6,9,8
0:41:35,6,31,4
0:41:36,5,2,22
0:41:37,6,2,2
0:41:38,6,2,2
0:41:39,6,2,4
0:41:40,5,19,47
0:41:41,6,25,33
0:41:42,5,2,25
0:41:43,6,7,23
0:41:44,6,27,11
0:41:45,6,29,17
0:41:46,6,7,40
0:41:47,5,4,3
0:41:48,6,48,1
0:41:49,5,13,11
0:41:50,5,56,13
0:41:51,6,12,9
0:41:52,6,11,4
0:41:53,6,18,5
0:41:54,6,24,45
0:41:55,5,4,3
0:41:56,6,17,914
0:41:57,5,4,5
0:41:58,6,12,42
0:41:59,6,5,46
0:42:00,6,24,27
0:42:01,6,18,4
0:42:02,6,7,46
0:42:03,5,24,21
0:42:04,6,2,8
0:42:05,6,4,47
0:42:06,6,877,4
0:42:07,6,9,38
0:42:08,5,4,5
0:42:09,5,302,4
0:42:10,5,3,2
0:42:11,6,22,4
0:42:12,591,19,3
0:42:13,5,2,2
0:42:14,5,3,35
0:42:15,6,2,3
0:42:16,6,31,36
0:42:17,610,249,42
0:42:18,6,16,3
0:42:19,4,14,11
0:42:20,565,32,36
0:42:21,69,24,33
0:42:22,5,2,15
0:42:23,5,6,5
0:42:24,5,17,2
0:42:25,6,18,1
0:42:26,5,3,266
0:42:27,5,27,16
0:42:28,5,9,35
0:42:29,6,1,12
0:42:30,5,502,34
0:42:31,5,2,23
0:42:32,5,7,43
0:42:33,6,13,17
0:42:34,611,12,2
0:42:35,5,15,21
0:42:36,5,3,3
0:42:37,631,1,9
0:42:38,6,11,5
0:42:39,5,3,9
0:42:40,5,14,2
0:42:41,532,691,5
0:42:42,6,6,20
0:42:43,6,33,5
0:42:44,6,18,1
0:42:45,5,21,6
0:42:46,6,10,15
0:42:47,5,7,499
0:42:48,5,23,32
0:42:49,5,28,18
0:42:50,5,30,35
0:42:51,5,29,38
0:42:52,6,19,5
0:42:53,6,8,17
0:42:54,542,23,3
0:42:55,642,44,2
0:42:56,5,2,5
0:42:57,6,21,33
0:42:58,5,1,5
0:42:59,6,12,6
0:43:00,6,24,2
0:43:01,6,909,48
0:43:02,6,73,37
0:43:03,6,22,17
0:43:04,6,8,4
0:43:05,5,2,40
0:43:06,5,14,5
0:43:07,5,14,9
0:43:08,6,19,2
0:43:09,5,23,2
0:43:10,6,1,3
0:43:11,5,19,5
0:43:12,6,3,13
0:43:13,624,2,5
0:43:14,6,2,4
0:43:15,6,10,3
0:43:16,578,17,4
0:43:17,6,22,3
0:43:18,6,5,45
0:43:19,6,7,22
0:43:20,5,16,8
0:43:21,5,5,7
0:43:22,5,48,24
0:43:23,6,21,29
0:43:24,6,1,5
0:43:25,6,29,2
0:43:26,6,17,2
0:43:27,6,13,3
0:43:28,6,2,4
0:43:29,5,2,26
0:43:30,6,5,19
0:43:31,5,8,174
0:43:32,6,43,453
0:43:33,5,12,3
0:43:34,6,2,4
0:43:35,6,5,9
0:43:36,6,19,5
0:43:37,5,10,23
0:43:38,5,7,4
0:43:39,6,17,4
0:43:40,603,15,53
0:43:41,5,5,44
0:43:42,673,2,529
0:43:43,5,21,43
0:43:44,5,1,28
0:43:45,5,9,9
0:43:46,6,19,4
0:43:47,6,8,18
0:43:48,6,17,28
0:43:49,5,2,4
0:43:50,5,7,36
0:43:51,6,7,41
0:43:52,562,19,29
0:43:53,6,21,17
0:43:54,668,304,39
0:43:55,6,29,22
0:43:56,6,25,42
0:43:57,5,19,27
0:43:58,6,21,40
0:43:59,5,26,5
0:44:00,5,1,21
0:44:01,5,17,6
0:44:02,6,14,3
0:44:03,5,9,9
0:44:04,5,2,13
0:44:05,6,6,4
0:44:06,6,30,4
0:44:07,5,8,3
0:44:08,5,20,2
0:44:09,616,23,3
0:44:10,6,8,3
0:44:11,5,13,17
0:44:12,5,1,4
0:44:13,5,58,44
0:44:14,6,24,3
0:44:15,5,3,11
0:44:16,6,2,233
0:44:17,6,2,567
0:44:18,6,1,5
0:44:19,5,20,14
0:44:20,5,22,6
0:44:21,5,29,38
0:44:22,5,32,5
0:44:23,5,7,8
0:44:24,692,17,42
0:44:25,5,18,38
0:44:26,6,2,42
0:44:27,505,14,643
0:44:28,6,2,41
0:44:29,5,6,6
0:44:30,6,26,28
0:44:31,5,22,21
0:44:32,5,18,2
0:44:33,6,9,8
0:44:34,6,870,4
0:44:35,513,62,8
0:44:36,5,10,29
0:44:37,6,1,12
0:44:38,606,6,5
0:44:39,5,14,1
0:44:40,5,5,24
0:44:41,6,11,44
0:44:42,6,37,57
0:44:43,49,17,16
0:44:44,549,28,4
0:44:45,5,11,14
0:44:46,6,22,23
0:44:47,5,14,41
0:44:48,5,2,3
0:44:49,5,27,3
0:44:50,5,29,2
0:44:51,6,29,5
0:44:52,5,11,5
0:44:53,5,2,15
0:44:54,515,1,39
0:44:55,5,5,13
0:44:56,5,1,4
0:44:57,6,8,20
0:44:58,5,3,15
0:44:59,6,21,1
0:45:00,51,2,22
0:45:01,5,23,3
0:45:02,5,7,2
0:45:03,6,40,47
0:45:04,6,18,4
0:45:05,5,2,30
0:45:06,5,32,5
0:45:07,6,22,2
0:45:08,5,23,62
0:45:09,6,14,5
0:45:10,6,18,16
0:45:11,5,1,3
0:45:12,6,26,2
0:45:13,5,15,6
0:45:14,5,25,3
0:45:15,5,1,3
0:45:16,6,14,731
0:45:17,6,1,5
0:45:18,5,21,13
0:45:19,6,36,248
0:45:20,5,5,1
0:45:21,5,23,5
0:45:22,5,8,49
0:45:23,6,2,20
0:45:24,5,29,6
0:45:25,5,12,39
0:45:26,571,10,2
0:45:27,6,1,5
0:45:28,5,24,28
0:45:29,6,2,336
0:45:30,542,68,6
0:45:31,6,9,3
0:45:32,6,23,5
0:45:33,5,22,10
0:45:34,6,16,11
0:45:35,6,10,6
0:45:36,5,4,43
0:45:37,6,8,5
0:45:38,6,9,4
0:45:39,5,10,5
0:45:40,634,4,23
0:45:41,6,20,443
0:45:42,5,2,1
0:45:43,5,15,1
0:45:44,6,17,28
0:45:45,5,19,5
0:45:46,502,21,2
0:45:47,6,2,17
0:45:48,6,2,12
0:45:49,6,8,6
0:45:50,5,23,52
0:45:51,6,3,4
0:45:52,6,34,540
0:45:53,6,6,43
0:45:54,6,153,2
0:45:55,6,15,857
0:45:56,5,31,559
0:45:57,5,8,4
0:45:58,5,2,3
0:45:59,669,14,374
0:46:00,5,3,4
0:46:01,6,20,9
0:46:02,5,28,8
0:46:03,5,5,463
0:46:04,6,13,8
0:46:05,6,3,3
0:46:06,570,24,5
0:46:07,5,32,45
0:46:08,6,23,43
0:46:09,6,11,2
0:46:10,5,10,3
0:46:11,6,26,4
0:46:12,665,149,19
0:46:13,6,6,1
0:46:14,6,7,350
0:46:15,5,15,16
0:46:16,6,3,31
0:46:17,6,23,21
0:46:18,5,3,22
0:46:19,5,2,5
0:46:20,5,1,5
0:46:21,5,16,5
0:46:22,5,8,3
0:46:23,5,1,4
0:46:24,5,11,23
0:46:25,5,28,4
0:46:26,506,12,6
0:46:27,5,30,32
0:46:28,6,2,4
0:46:29,5,11,5
0:46:30,6,4,3
0:46:31,6,1,41
0:46:32,5,670,4
0:46:33,5,13,48
0:46:34,549,14,3
0:46:35,5,23,19
0:46:36,6,29,17
0:46:37,5,22,6
0:46:38,5,12,24
0:46:39,5,15,3
0:46:40,5,22,5
0:46:41,6,6,4
0:46:42,510,1,12
0:46:43,6,11,5
0:46:44,6,22,2
0:46:45,5,6,3
0:46:46,6,9,16
0:46:47,6,1,1
0:46:48,6,1,4
0:46:49,5,44,2
0:46:50,6,112,3
0:46:51,5,7,2
0:46:52,5,2,4
0:46:53,623,20,3
0:46:54,6,22,4
0:46:55,5,61,15
0:46:56,5,247,18
0:46:57,6,2,16
0:46:58,6,2,47
0:46:59,5,3,1
0:47:00,6,22,2
0:47:01,5,10,5
0:47:02,5,2,24
0:47:03,6,12,3
0:47:04,5,29,20
0:47:05,5,7,11
0:47:06,6,1,5
0:47:07,5,18,4
0:47:08,6,2,3
0:47:09,6,277,4
0:47:10,5,25,21
0:47:11,5,24,2
0:47:12,5,8,5
0:47:13,5,1,31
0:47:14,5,2,40
0:47:15,539,23,32
0:47:16,5,8,4
0:47:17,5,26,2
0:47:18,6,18,45
0:47:19,640,19,5
0:47:20,6,26,464
0:47:21,5,2,4
0:47:22,657,20,3
0:47:23,6,7,24
0:47:24,5,804,7
0:47:25,5,34,1
0:47:26,5,10,5
0:47:27,5,30,15
0:47:28,6,17,409
0:47:29,6,29,3
0:47:30,6,26,4
0:47:31,5,1,46
0:47:32,6,26,3
0:47:33,6,9,18
0:47:34,668,18,5
0:47:35,5,15,1
0:47:36,6,3,42
0:47:37,6,1,33
0:47:38,651,3,14
0:47:39,6,3,17
0:47:40,5,207,5
0:47:41,6,1,14
0:47:42,6,16,11
0:47:43,5,1,15
0:47:44,5,2,2
0:47:45,5,6,23
0:47:46,5,23,4
0:47:47,540,27,11
0:47:48,5,22,47
0:47:49,5,2,1
0:47:50,63,13,5
0:47:51,6,2,2
0:47:52,6,23,4
0:47:53,506,19,33
0:47:54,5,253,2
0:47:55,6,4,4
0:47:56,6,22,4
0:47:57,6,16,32
0:47:58,6,2,4
0:47:59,6,28,13
0:48:00,6,8,9
0:48:01,5,106,3
0:48:02,6,2,22
0:48:03,5,2,20
0:48:04,5,5,34
0:48:05,647,16,12
0:48:06,5,24,4
0:48:07,5,2,5
0:48:08,6,3,3
0:48:09,5,5,3
0:48:10,5,32,8
0:48:11,593,1,5
0:48:12,5,1,9
0:48:13,6,13,2
0:48:14,6,14,49
0:48:15,5,4,13
0:48:16,5,23,3
0:48:17,57,20,43
0:48:18,5,3,5
0:48:19,5,18,524
0:48:20,5,1,1
0:48:21,6,14,1
0:48:22,6,21,38
0:48:23,5,20,4
0:48:24,5,25,4
0:48:25,5,23,24
0:48:26,6,1,4
0:48:27,6,7,16
0:48:28,6,2,5
0:48:29,6,32,1
0:48:30,642,2,8
0:48:31,5,19,23
0:48:32,5,10,2
0:48:33,6,5,43
0:48:34,5,2,10
0:48:35,5,1,9
0:48:36,5,20,14
0:48:37,5,315,5
0:48:38,5,6,4
0:48:39,5,22,1
0:48:40,5,3,5
0:48:41,5,11,4
0:48:42,5,2,1
0:48:43,698,2,43
0:48:44,5,3,4
0:48:45,6,3,23
0:48:46,570,60,3
0:48:47,6,6,1
0:48:48,6,19,3
0:48:49,5,1,4
0:48:50,5,12,41
0:48:51,6,14,4
0:48:52,5,2,1
0:48:53,5,25,35
0:48:54,6,12,45
0:48:55,6,2,327
0:48:56,6,3,758
0:48:57,5,11,4
0:48:58,5,10,23
0:48:59,6,13,27
0:49:00,6,37,36
0:49:01,5,19,4
0:49:02,6,1,3
0:49:03,5,27,5
0:49:04,6,2,22
0:49:05,6,14,5
0:49:06,6,10,2
0:49:07,625,17,2
0:49:08,6,10,3
0:49:09,5,23,24
0:49:10,6,24,31
0:49:11,6,30,5
0:49:12,6,2,327
0:49:13,6,13,46
0:49:14,520,3,5
0:49:15,6,896,22
0:49:16,6,11,38
0:49:17,6,2,4
0:49:18,5,32,1
0:49:19,5,12,17
0:49:20,5,3,27
0:49:21,6,30,1
0:49:22,6,4,5
0:49:23,6,2,25
0:49:24,605,22,44
0:49:25,5,24,73
0:49:26,5,7,30
0:49:27,5,20,10
0:49:28,6,3,3
0:49:29,5,29,22
0:49:30,6,1,20
0:49:31,6,12,4
0:49:32,5,8,6
0:49:33,68,2,8
0:49:34,6,8,3
0:49:35,5,22,5
0:49:36,6,15,5
0:49:37,6,30,17
0:49:38,5,10,24
0:49:39,563,6,2
0:49:40,6,9,17
0:49:41,6,2,7
0:49:42,6,1,27
0:49:43,585,122,22
0:49:44,6,2,11
0:49:45,5,231,39
0:49:46,696,42,38
0:49:47,5,1,14
0:49:48,5,21,474
0:49:49,6,305,4
0:49:50,6,3,32
0:49:51,52,12,8
0:49:52,5,4,3
0:49:53,5,2,4
0:49:54,5,20,209
0:49:55,6,18,6
0:49:56,6,26,4
0:49:57,5,2,10
0:49:58,6,31,5
0:49:59,5,21,8
0:50:00,6,29,11
0:50:01,6,1,39
0:50:02,6,30,36
0:50:03,6,3,27
0:50:04,6,2,1
0:50:05,5,4,43
0:50:06,6,2,451
0:50:07,6,3,8
0:50:08,6,14,17
0:50:09,6,24,290
0:50:10,696,24,23
0:50:11,6,2,4
0:50:12,5,15,14
0:50:13,6,1,9
0:50:14,5,6,46
0:50:15,5,3,15
0:50:16,6,3,25
0:50:17,6,225,39
0:50:18,5,11,9
0:50:19,5,9,472
0:50:20,6,16,3
0:50:21,662,22,13
0:50:22,5,1,2
0:50:23,5,2,45
0:50:24,5,9,8
0:50:25,6,22,10
0:50:26,6,58,8
0:50:27,5,33,4
0:50:28,6,21,20
0:50:29,6,12,1
0:50:30,551,17,4
0:50:31,5,2,380
0:50:32,5,35,5
0:50:33,6,17,3
0:50:34,5,28,4
0:50:35,6,2,13
0:50:36,5,15,25
0:50:37,6,4,4
0:50:38,536,24,17
0:50:39,5,1,22
0:50:40,6,2,5
0:50:41,6,31,1
0:50:42,5,25,33
0:50:43,667,9,40
0:50:44,6,43,55
0:50:45,5,3,49
0:50:46,5,29,2
0:50:47,5,23,9
0:50:48,589,24,23
0:50:49,6,12,299
0:50:50,5,255,23
0:50:51,6,13,3
0:50:52,6,20,4
0:50:53,6,2,21
0:50:54,5,2,18
0:50:55,5,3,3
0:50:56,603,23,4
0:50:57,5,1,5
0:50:58,5,30,49
0:50:59,5,23,2
0:51:00,661,10,5
0:51:01,5,25,3
0:51:02,6,5,1
0:51:03,635,14,2
0:51:04,680,2,47
0:51:05,6,24,22
0:51:06,6,3,4
0:51:07,643,23,5
0:51:08,5,33,14
0:51:09,5,31,5
0:51:10,6,14,18
0:51:11,556,14,5
0:51:12,6,1,4
0:51:13,6,9,7
0:51:14,5,23,3
0:51:15,6,1,39
0:51:16,6,2,15
0:51:17,6,3,5
0:51:18,5,2,4
0:51:19,6,2,5
0:51:20,5,23,29
0:51:21,6,16,46
0:51:22,5,52,38
0:51:23,6,3,21
0:51:24,5,29,16
0:51:25,6,13,19
0:51:26,6,11,4
0:51:27,6,9,11
0:51:28,5,1,4
0:51:29,5,8,35
0:51:30,6,18,26
0:51:31,5,384,2
0:51:32,6,29,16
0:51:33,5,16,2
0:51:34,5,13,8
0:51:35,6,50,5
0:51:36,5,3,44
0:51:37,5,256,17
0:51:38,5,824,39
0:51:39,5,2,49
0:51:40,6,16,551
0:51:41,5,17,5
0:51:42,5,8,4
0:51:43,6,13,2
0:51:44,6,16,3
0:51:45,5,1,13
0:51:46,6,12,5
0:51:47,5,16,15
0:51:48,5,13,1
0:51:49,5,1,3
0:51:50,5,45,5
0:51:51,6,2,444
0:51:52,673,18,21
0:51:53,6,15,12
0:51:54,6,19,1
0:51:55,6,3,370
0:51:56,5,20,5
0:51:57,571,13,20
0:51:58,5,18,41
0:51:59,5,9,3
0:52:00,6,21,4
0:52:01,5,1,4
0:52:02,5,10,4
0:52:03,6,2,12
0:52:04,6,7,2
0:52:05,6,16,42
0:52:06,5,3,54
0:52:07,6,1,3
0:52:08,6,10,10
0:52:09,667,5,6
0:52:10,5,795,5
0:52:11,5,31,21
0:52:12,5,25,4
0:52:13,5,23,36
0:52:14,6,2,53
0:52:15,634,9,1
0:52:16,5,794,2
0:52:17,6,4,23
0:52:18,5,27,17
0:52:19,668,3,1
0:52:20,6,2,5
0:52:21,680,3,5
0:52:22,5,3,39
0:52:23,6,2,17
0:52:24,6,18,12
0:52:25,5,23,3
0:52:26,5,1,11
0:52:27,5,23,3
0:52:28,5,13,41
0:52:29,5,1,4
0:52:30,509,16,11
0:52:31,5,2,9
0:52:32,6,1,5
0:52:33,6,18,284
0:52:34,6,779,19
0:52:35,5,1,23
0:52:36,5,303,16
0:52:37,6,31,41
0:52:38,6,1,3
0:52:39,6,2,3
0:52:40,5,3,954
0:52:41,5,19,4
0:52:42,5,6,2
0:52:43,686,6,35
0:52:44,6,4,12
0:52:45,6,3,3
0:52:46,6,1,36
0:52:47,5,2,5
0:52:48,5,28,4
0:52:49,6,7,5
0:52:50,5,23,39
0:52:51,6,2,10
0:52:52,5,22,28
0:52:53,6,22,11
0:52:54,6,32,4
0:52:55,6,24,26
0:52:56,5,2,50
0:52:57,676,2,18
0:52:58,605,23,28
0:52:59,6,25,2
0:53:00,5,20,4
0:53:01,5,6,454
0:53:02,6,28,1
0:53:03,6,5,5
0:53:04,5,29,5
0:53:05,6,15,16
0:53:06,682,11,38
0:53:07,595,3,5
0:53:08,5,10,21
0:53:09,5,18,46
0:53:10,6,27,48
0:53:11,5,2,4
0:53:12,577,3,55
0:53:13,6,1,8
0:53:14,5,6,40
0:53:15,6,6,3
0:53:16,5,24,347
0:53:17,6,1,49
0:53:18,6,2,5
0:53:19,6,20,14
0:53:20,6,3,3
0:53:21,5,27,31
0:53:22,5,2,17
0:53:23,5,17,2
0:53:24,6,12,4
0:53:25,6,22,12
0:53:26,6,2,6
0:53:27,5,1,21
0:53:28,5,9,3
0:53:29,6,2,7
0:53:30,6,2,5
0:53:31,5,26,5
0:53:32,5,2,287
0:53:33,667,20,4
0:53:34,5,23,528
0:53:35,6,30,5
0:53:36,6,20,3
0:53:37,6,1,11
0:53:38,5,4,41
0:53:39,6,22,5
0:53:40,5,7,5
0:53:41,672,3,6
0:53:42,5,2,38
0:53:43,6,31,20
0:53:44,6,14,2
0:53:45,5,9,3
0:53:46,600,17,3
0:53:47,5,3,14
0:53:48,6,17,13
0:53:49,5,21,25
0:53:50,5,2,7
0:53:51,5,2,3
0:53:52,6,20,18
0:53:53,6,31,22
0:53:54,5,1,3
0:53:55,541,8,13
0:53:56,5,2,4
0:53:57,6,2,2
0:53:58,5,20,5
0:53:59,5,26,7
0:54:00,5,3,4
0:54:01,6,4,5
0:54:02,5,145,45
0:54:03,645,22,35
0:54:04,6,20,5
0:54:05,6,2,4
0:54:06,6,49,1
0:54:07,6,3,404
0:54:08,6,20,16
0:54:09,5,22,32
0:54:10,523,13,5
0:54:11,6,17,4
0:54:12,5,24,4
0:54:13,6,17,2
0:54:14,5,4,1
0:54:15,5,2,16
0:54:16,6,19,22
0:54:17,5,2,2
0:54:18,6,2,1
0:54:19,6,59,441
0:54:20,644,19,4
0:54:21,5,23,3
0:54:22,5,1,5
0:54:23,5,22,13
0:54:24,5,17,24
0:54:25,6,3,2
0:54:26,6,9,3
0:54:27,5,1,3
0:54:28,6,26,33
0:54:29,6,17,39
0:54:30,6,23,17
0:54:31,5,27,20
0:54:32,5,3,5
0:54:33,6,2,4
0:54:34,598,9,10
0:54:35,5,18,44
0:54:36,609,11,4
0:54:37,6,17,4
0:54:38,5,3,2
0:54:39,6,8,12
0:54:40,6,19,4
0:54:41,638,2,49
0:54:42,6,9,4
0:54:43,6,16,40
0:54:44,5,32,2
0:54:45,5,8,1
0:54:46,513,889,46
0:54:47,575,1,4
0:54:48,6,7,14
0:54:49,5,3,17
0:54:50,6,55,47
0:54:51,5,3,10
0:54:52,6,29,398
0:54:53,5,21,501
0:54:54,5,1,42
0:54:55,5,7,374
0:54:56,6,2,21
0:54:57,5,11,305
0:54:58,5,7,22
0:54:59,5,18,42
0:55:00,5,2,45
0:55:01,602,25,5
0:55:02,639,2,9
0:55:03,5,28,29
0:55:04,561,3,3
0:55:05,6,20,2
0:55:06,6,14,6
0:55:07,5,9,15
0:55:08,5,40,5
0:55:09,6,18,5
0:55:10,6,16,1
0:55:11,6,16,38
0:55:12,6,22,22
0:55:13,5,1,4
0:55:14,6,3,7
0:55:15,6,251,3
0:55:16,658,41,5
0:55:17,5,3,6
0:55:18,6,2,6
0:55:19,6,2,6
0:55:20,5,11,47
0:55:21,590,179,4
0:55:22,583,3,5
0:55:23,6,10,15
0:55:24,6,9,10
0:55:25,5,6,5
0:55:26,5,2,13
0:55:27,5,10,506
0:55:28,6,24,3
0:55:29,6,2,10
0:55:30,5,14,10
0:55:31,612,10,3
0:55:32,5,22,3
0:55:33,6,11,5
0:55:34,5,3,26
0:55:35,5,12,435
0:55:36,5,19,11
0:55:37,5,20,47
0:55:38,5,28,4
0:55:39,6,16,30
0:55:40,5,24,4
0:55:41,6,10,2
0:55:42,6,22,4
0:55:43,5,18,3
0:55:44,680,19,27
0:55:45,6,1,509
0:55:46,6,14,28
0:55:47,6,3,24
0:55:48,6,29,48
0:55:49,6,19,12
0:55:50,6,13,17
0:55:51,6,23,454
0:55:52,5,2,6
0:55:53,655,27,51
0:55:54,6,10,3
0:55:55,5,15,5
0:55:56,6,20,8
0:55:57,6,28,4
0:55:58,6,7,339
0:55:59,5,26,4
0:56:00,5,14,19
0:56:01,6,1,2
0:56:02,6,24,29
0:56:03,6,7,23
0:56:04,5,179,2
0:56:05,5,32,4
0:56:06,6,4,33
0:56:07,5,30,27
0:56:08,5,30,5
0:56:09,6,3,5
0:56:10,5,8,2
0:56:11,6,30,24
0:56:12,6,2,11
0:56:13,6,27,15
0:56:14,5,273,3
0:56:15,5,1,5
0:56:16,616,33,514
0:56:17,6,21,23
0:56:18,5,2,11
0:56:19,5,29,44
0:56:20,5,1,46
0:56:21,605,2,40
0:56:22,6,20,16
0:56:23,5,4,55
0:56:24,6,23,24
0:56:25,5,4,4
0:56:26,5,317,2
0:56:27,6,8,6
0:56:28,6,2,5
0:56:29,62,7,15
0:56:30,6,1,5
0:56:31,6,3,515
0:56:32,6,2,1
0:56:33,6,13,4
0:56:34,6,14,35
0:56:35,6,4,2
0:56:36,5,23,3
0:56:37,543,29,21
0:56:38,5,3,6
0:56:39,5,2,19
0:56:40,5,16,516
0:56:41,6,3,4
0:56:42,6,41,4
0:56:43,6,1,8
0:56:44,6,14,5
0:56:45,5,2,8
0:56:46,5,4,5
0:56:47,680,24,71
0:56:48,5,6,3
0:56:49,5,31,30
0:56:50,5,3,26
0:56:51,6,8,27
0:56:52,5,2,31
0:56:53,5,1,4
0:56:54,6,16,49
0:56:55,6,27,13
0:56:56,6,3,4
0:56:57,5,1,17
0:56:58,6,2,28
0:56:59,5,31,5
0:57:00,6,2,25
0:57:01,6,14,4
0:57:02,6,2,7
0:57:03,5,2,5
0:57:04,6,13,388
0:57:05,5,6,4
0:57:06,6,25,18
0:57:07,5,13,2
0:57:08,5,28,35
0:57:09,6,15,34
0:57:10,6,16,5
0:57:11,5,25,49
0:57:12,526,6,25
0:57:13,564,14,4
0:57:14,537,21,31
0:57:15,6,1,31
0:57:16,5,884,5
0:57:17,6,4,5
0:57:18,6,20,24
0:57:19,6,784,36
0:57:20,6,3,4
0:57:21,610,8,14
0:57:22,5,3,4
0:57:23,5,35,12
0:57:24,649,3,37
0:57:25,6,327,2
0:57:26,6,20,17
0:57:27,5,9,49
0:57:28,5,16,49
0:57:29,5,30,7
0:57:30,5,1,12
0:57:31,6,3,37
0:57:32,5,17,38
0:57:33,5,23,3
0:57:34,6,25,40
0:57:35,6,2,45
0:57:36,5,20,34
0:57:37,6,1,3
0:57:38,6,15,7
0:57:39,6,23,5
0:57:40,591,22,23
0:57:41,6,1,5
0:57:42,6,9,51
0:57:43,6,48,14
0:57:44,6,105,4
0:57:45,5,3,1
0:57:46,5,16,18
0:57:47,5,7,34
0:57:48,5,2,18
0:57:49,6,32,3
0:57:50,6,6,19
0:57:51,6,21,34
0:57:52,5,1,973
0:57:53,6,15,14
0:57:54,59,17,33
0:57:55,6,2,4
0:57:56,5,3,22
0:57:57,686,10,16
0:57:58,5,1,5
0:57:59,6,8,4
0:58:00,5,2,5
0:58:01,6,25,47
0:58:02,5,22,1
0:58:03,5,24,41
0:58:04,6,10,13
0:58:05,6,1,4
0:58:06,6,9,49
0:58:07,5,3,2
0:58:08,5,2,4
0:58:09,5,19,319
0:58:10,6,8,22
0:58:11,6,900,520
0:58:12,6,22,7
0:58:13,6,2,1
0:58:14,5,29,2
0:58:15,615,23,5
0:58:16,6,2,11
0:58:17,630,24,3
0:58:18,6,5,32
0:58:19,5,1,2
0:58:20,5,11,4
0:58:21,514,2,15
0:58:22,5,13,4
0:58:23,6,15,2
0:58:24,6,20,28
0:58:25,6,29,33
0:58:26,6,22,6
0:58:27,6,27,3
0:58:28,6,7,24
0:58:29,6,18,1
0:58:30,5,21,21
0:58:31,6,21,4
0:58:32,6,30,4
0:58:33,6,8,5
0:58:34,5,12,22
0:58:35,5,23,23
0:58:36,6,1,3
0:58:37,6,21,12
0:58:38,5,2,25
0:58:39,5,1,31
0:58:40,6,30,4
0:58:41,6,2,20
0:58:42,5,1,8
0:58:43,6,2,2
0:58:44,6,8,11
0:58:45,5,3,544
0:58:46,6,3,46
0:58:47,690,22,3
0:58:48,6,26,2
0:58:49,5,38,3
0:58:50,5,14,4
0:58:51,6,6,18
0:58:52,5,17,21
0:58:53,6,9,5
0:58:54,6,1,5
0:58:55,6,59,5
0:58:56,5,10,471
0:58:57,5,10,2
0:58:58,5,21,15
0:58:59,5,3,413
0:59:00,5,5,3
0:59:01,5,20,1
0:59:02,6,13,291
0:59:03,5,2,3
0:59:04,5,2,197
0:59:05,5,8,43
0:59:06,5,17,44
0:59:07,578,26,5
0:59:08,557,27,3
0:59:09,5,1,5
0:59:10,6,32,5
0:59:11,5,20,48
0:59:12,6,29,225
0:59:13,6,387,3
0:59:14,6,13,3
0:59:15,6,11,6
0:59:16,5,23,5
0:59:17,5,2,4
0:59:18,5,3,7
0:59:19,5,2,5
0:59:20,5,25,6
0:59:21,5,24,5
0:59:22,56,16,19
0:59:23,6,18,14
0:59:24,5,1,5
0:59:25,6,37,7
0:59:26,696,58,506
0:59:27,5,18,14
0:59:28,5,2,8
0:59:29,6,3,3
0:59:30,6,46,5
0:59:31,6,8,46
0:59:32,5,12,2
0:59:33,6,5,44
0:59:34,658,27,4
0:59:35,6,45,21
0:59:36,6,12,17
0:59:37,6,25,4
0:59:38,6,17,1
0:59:39,5,23,17
0:59:40,5,3,3
0:59:41,6,16,37
0:59:42,6,5,5
0:59:43,6,51,45
0:59:44,5,2,1
0:59:45,5,26,18
0:59:46,6,11,3
0:59:47,5,2,1
0:59:48,6,8,56
0:59:49,6,1,45
0:59:50,5,22,2
0:59:51,6,13,3
0:59:52,6,275,4
0:59:53,5,10,44
0:59:54,5,805,26
0:59:55,6,24,1
0:59:56,6,9,12
0:59:57,6,29,10
0:59:58,5,28,45
0:59:59,6,11,68
1:00:00,5,28,3
1:00:01,5,29,3
1:00:02,6,8,29
1:00:03,6,19,3
1:00:04,5,12,5
1:00:05,660,349,5
1:00:06,5,10,46
1:00:07,5,17,20
1:00:08,5,18,12
1:00:09,6,22,3
1:00:10,5,26,46
1:00:11,5,16,11
1:00:12,5,4,14
1:00:13,6,21,2
1:00:14,5,8,2
1:00:15,6,2,27
1:00:16,6,24,5
1:00:17,5,2,1
1:00:18,5,2,2
1:00:19,6,32,3
1:00:20,5,24,5
1:00:21,6,4,4
1:00:22,5,13,4
1:00:23,663,4,34
1:00:24,6,2,42
1:00:25,6,13,16
1:00:26,5,2,2
1:00:27,6,24,17
1:00:28,5,11,3
1:00:29,6,2,16
1:00:30,5,19,1
1:00:31,6,22,3
1:00:32,6,2,4
1:00:33,5,16,22
1:00:34,6,23,953
1:00:35,5,22,4
1:00:36,6,10,5
1:00:37,5,26,1
1:00:38,5,27,453
1:00:39,6,8,17
1:00:40,6,25,4
1:00:41,6,3,7
1:00:42,5,443,42
1:00:43,6,35,5
1:00:44,632,774,8
1:00:45,6,2,14
1:00:46,6,18,275
1:00:47,5,28,18
1:00:48,6,16,619
1:00:49,5,3,1
1:00:50,6,8,11
1:00:51,5,23,3
1:00:52,5,7,5
1:00:53,5,1,1
1:00:54,5,10,20
1:00:55,5,33,42
1:00:56,6,308,3
1:00:57,6,1,832
1:00:58,678,30,5
1:00:59,5,11,3
1:01:00,6,20,44
1:01:01,6,10,16
1:01:02,616,124,4
1:01:03,5,19,31
1:01:04,6,1,2
1:01:05,620,28,2
1:01:06,5,27,5
1:01:07,6,3,45
1:01:08,6,3,46
1:01:09,6,10,2
1:01:10,5,20,17
1:01:11,5,20,2
1:01:12,5,21,3
1:01:13,6,16,1
1:01:14,6,14,21
1:01:15,6,2,402
1:01:16,6,964,29
1:01:17,5,6,8
1:01:18,542,5,2
1:01:19,5,2,30
1:01:20,5,2,2
1:01:21,677,10,1
1:01:22,6,11,21
1:01:23,6,16,2
1:01:24,6,4,9
1:01:25,5,16,4
1:01:26,614,11,2
1:01:27,6,18,3
1:01:28,6,8,5
1:01:29,5,20,1
1:01:30,509,16,19
1:01:31,5,10,3
1:01:32,6,12,3
1:01:33,5,31,1
1:01:34,6,3,22
1:01:35,6,70,32
1:01:36,6,20,567
1:01:37,6,2,471
1:01:38,6,16,45
1:01:39,6,6,4
1:01:40,6,2,17
1:01:41,5,16,14
1:01:42,6,21,3
1:01:43,5,25,4
1:01:44,6,2,3
1:01:45,566,32,5
1:01:46,52,24,10
1:01:47,6,1,38
1:01:48,6,6,35
1:01:49,5,27,11
1:01:50,6,13,5
1:01:51,6,6,5
1:01:52,58,17,4
1:01:53,6,9,3
1:01:54,6,9,2
1:01:55,5,32,29
1:01:56,6,20,5
1:01:57,5,9,16
1:01:58,548,26,336
1:01:59,6,13,7
1:02:00,669,4,5
1:02:01,5,21,14
1:02:02,6,833,5
1:02:03,6,23,4
1:02:04,5,16,26
1:02:05,5,6,1
1:02:06,6,25,9
1:02:07,5,3,18
1:02:08,6,1,41
1:02:09,6,13,2
1:02:10,6,7,4
1:02:11,5,22,36
1:02:12,6,14,3
1:02:13,517,23,4
1:02:14,6,5,16
1:02:15,5,28,21
1:02:16,5,24,2
1:02:17,6,2,18
1:02:18,6,2,5
1:02:19,6,2,43
1:02:20,5,9,47
1:02:21,5,15,43
1:02:22,508,6,3
1:02:23,5,22,34
1:02:24,6,15,4
1:02:25,5,9,5
1:02:26,636,28,2
1:02:27,583,1,29
1:02:28,5,8,10
1:02:29,5,1,3
1:02:30,5,17,21
1:02:31,5,14,3
1:02:32,6,17,46
1:02:33,6,21,23
1:02:34,5,2,22
1:02:35,6,42,2
1:02:36,6,9,43
1:02:37,5,21,23
1:02:38,517,26,32
1:02:39,6,2,2
1:02:40,6,13,34
1:02:41,6,6,40
1:02:42,6,2,5
1:02:43,6,5,14
1:02:44,6,24,23
1:02:45,6,1,43
1:02:46,5,13,37
1:02:47,5,786,23
1:02:48,5,26,40
1:02:49,5,20,10
1:02:50,683,29,4
1:02:51,6,15,3
1:02:52,6,304,3
1:02:53,6,24,498
1:02:54,5,29,2
1:02:55,6,9,4
1:02:56,5,1,5
1:02:57,5,3,12
1:02:58,5,3,4
1:02:59,5,32,4
1:03:00,5,3,30
1:03:01,5,41,3
1:03:02,5,15,3
1:03:03,5,6,5
1:03:04,610,2,3
1:03:05,6,956,432
1:03:06,5,21,59
1:03:07,6,15,4
1:03:08,6,3,2
1:03:09,5,3,32
1:03:10,6,12,2
1:03:11,6,2,5
1:03:12,6,31,4
1:03:13,5,24,29
1:03:14,5,32,4
1:03:15,6,6,459
1:03:16,6,20,29
1:03:17,6,3,792
1:03:18,5,36,2
1:03:19,6,23,4
1:03:20,558,1,18
1:03:21,6,11,10
1:03:22,6,8,3
1:03:23,6,47,2
1:03:24,5,26,8
1:03:25,6,2,4
1:03:26,6,17,465
1:03:27,5,2,17
1:03:28,5,21,24
1:03:29,6,11,5
1:03:30,6,103,48
1:03:31,6,266,4
1:03:32,6,21,5
1:03:33,5,3,5
1:03:34,6,21,46
1:03:35,6,2,12
1:03:36,5,16,40
1:03:37,5,2,1
1:03:38,6,31,4
1:03:39,6,16,4
1:03:40,6,9,4
1:03:41,6,2,2
1:03:42,6,17,49
1:03:43,6,2,1
1:03:44,6,9,24
1:03:45,5,213,26
1:03:46,5,7,3
1:03:47,6,33,36
1:03:48,5,10,49
1:03:49,6,17,5
1:03:50,6,11,3
1:03:51,6,23,43
1:03:52,5,2,342
1:03:53,6,19,17
1:03:54,6,27,24
1:03:55,5,2,4
1:03:56,5,8,28
1:03:57,507,11,46
1:03:58,5,15,19
1:03:59,545,13,4
1:04:00,6,15,17
1:04:01,6,30,3
1:04:02,5,33,14
1:04:03,5,6,46
1:04:04,5,28,1
1:04:05,5,6,46
1:04:06,6,9,49
1:04:07,5,13,19
1:04:08,5,2,36
1:04:09,5,19,4
1:04:10,6,1,28
1:04:11,6,7,5
1:04:12,5,1,20
1:04:13,5,11,4
1:04:14,5,11,5
1:04:15,5,1,26
1:04:16,6,40,3
1:04:17,6,11,36
1:04:18,5,2,5
1:04:19,5,292,5
1:04:20,5,20,2
1:04:21,5,24,10
1:04:22,5,4,5
1:04:23,6,7,33
1:04:24,550,1,286
1:04:25,5,2,3
1:04:26,5,31,17
1:04:27,6,17,2
1:04:28,6,21,5
1:04:29,5,16,348
1:04:30,6,1,47
1:04:31,6,23,36
1:04:32,6,13,32
1:04:33,6,11,23
1:04:34,6,457,39
1:04:35,5,16,2
1:04:36,6,2,11
1:04:37,5,9,4
1:04:38,629,281,2
1:04:39,6,15,5
1:04:40,5,14,5
1:04:41,570,41,5
1:04:42,6,24,18
1:04:43,5,8,2
1:04:44,6,2,5
1:04:45,5,3,5
1:04:46,6,23,19
1:04:47,672,13,12
1:04:48,6,7,5
1:04:49,5,7,19
1:04:50,545,24,5
1:04:51,6,30,17
1:04:52,6,7,2
1:04:53,5,18,20
1:04:54,67,7,5
1:04:55,558,31,24
1:04:56,5,7,28
1:04:57,5,22,10
1:04:58,5,21,10
1:04:59,6,55,2
1:05:00,640,2,720
1:05:01,5,51,6
1:05:02,514,14,1
1:05:03,5,2,433
1:05:04,5,34,5
1:05:05,6,2,43
1:05:06,5,18,44
1:05:07,6,26,3
1:05:08,5,21,4
1:05:09,6,30,2
1:05:10,6,1,4
1:05:11,617,22,3
1:05:12,6,12,45
1:05:13,6,2,4
1:05:14,6,17,5
1:05:15,5,9,46
1:05:16,6,3,3
1:05:17,5,3,9
1:05:18,6,15,3
1:05:19,5,11,3
1:05:20,5,15,3
1:05:21,5,22,300
1:05:22,6,12,5
1:05:23,6,13,4
1:05:24,5,2,53
1:05:25,6,27,44
1:05:26,6,20,22
1:05:27,5,17,1
1:05:28,5,17,34
1:05:29,5,3,44
1:05:30,5,11,20
1:05:31,6,1,4
1:05:32,6,12,36
1:05:33,5,19,7
1:05:34,686,6,35
1:05:35,6,11,12
1:05:36,5,1,29
1:05:37,5,30,5
1:05:38,5,980,36
1:05:39,6,3,46
1:05:40,5,19,14
1:05:41,5,4,2
1:05:42,5,19,1
1:05:43,5,10,5
1:05:44,6,1,14
1:05:45,6,30,55
1:05:46,588,3,4
1:05:47,6,2,7
1:05:48,5,15,14
1:05:49,5,30,42
1:05:50,5,2,3
1:05:51,5,16,3
1:05:52,6,12,4
1:05:53,5,13,45
1:05:54,598,2,38
1:05:55,5,177,25
1:05:56,6,2,7
1:05:57,6,7,19
1:05:58,5,2,4
1:05:59,5,33,3
1:06:00,5,15,4
1:06:01,5,23,21
1:06:02,6,44,26
1:06:03,6,22,12
1:06:04,6,8,5
1:06:05,636,23,4
1:06:06,5,27,43
1:06:07,6,6,39
1:06:08,5,19,4
1:06:09,5,18,5
1:06:10,6,1,452
1:06:11,5,25,5
1:06:12,6,6,15
1:06:13,6,20,2
1:06:14,5,18,26
1:06:15,5,7,41
1:06:16,5,9,4
1:06:17,6,3,548
1:06:18,5,11,7
1:06:19,6,3,30
1:06:20,6,15,8
1:06:21,5,11,19
1:06:22,6,2,4
1:06:23,6,11,4
1:06:24,6,1,39
1:06:25,5,2,23
1:06:26,5,25,10
1:06:27,5,1,49
1:06:28,6,9,33
1:06:29,6,10,19
1:06:30,5,9,1
1:06:31,6,3,34
1:06:32,5,18,17
1:06:33,6,14,1
1:06:34,6,276,8
1:06:35,6,9,4
1:06:36,534,2,15
1:06:37,6,21,23
1:06:38,18,45,7
1:06:39,8,434,8
1:06:40,2,4,5
1:06:41,12,27,8
1:06:42,29,3,9
1:06:43,6,12,9
1:06:44,40,3,6
1:06:45,5,4,7
1:06:46,425,4,6
1:06:47,5,41,6
1:06:48,46,4,45
1:06:49,3,17,9
1:06:50,9,11,8
1:06:51,5,2,8
1:06:52,4,534,49
1:06:53,2,13,5
1:06:54,5,1,8
1:06:55,39,3,9
1:06:56,12,29,8
1:06:57,33,5,9
1:06:58,7,1,5
1:06:59,256,13,434
1:07:00,6,24,617
1:07:01,6,3,9
1:07:02,3,12,956
1:07:03,16,31,5
1:07:04,40,39,9
1:07:05,6,14,8
1:07:06,6,19,827
1:07:07,46,2,5
1:07:08,3,3,9
1:07:09,7,36,5
1:07:10,7,4,9
1:07:11,6,2,8
1:07:12,5,17,9
1:07:13,23,5,7
1:07:14,3,2,6
1:07:15,3,3,7
1:07:16,7,285,5
1:07:17,7,538,9
1:07:18,31,38,4
1:07:19,25,5,9
1:07:20,12,23,6
1:07:21,35,21,5
1:07:22,7,4,9
1:07:23,404,13,6
1:07:24,41,3,8
1:07:25,5,2,4
1:07:26,4,5,8
1:07:27,28,5,8
1:07:28,2,15,771
1:07:29,4,40,7
1:07:30,32,14,5
1:07:31,3,462,925
1:07:32,7,3,827
1:07:33,543,31,9
1:07:34,3,358,5
1:07:35,48,2,49
1:07:36,16,2,6
1:07:37,7,2,6
1:07:38,6,15,9
1:07:39,5,19,7
1:07:40,24,47,5
1:07:41,25,13,580
1:07:42,49,4,7
1:07:43,492,443,6
1:07:44,47,4,450
1:07:45,4,25,9
1:07:46,15,34,6
1:07:47,2,27,6
1:07:48,2,14,5
1:07:49,6,38,8
1:07:50,5,40,6
1:07:51,10,5,9
1:07:52,6,2,7
1:07:53,28,2,4
1:07:54,4,4,9
1:07:55,4,5,9
1:07:56,1,3,46
1:07:57,24,12,9
1:07:58,728,42,5
1:07:59,23,28,8
1:08:00,7,5,5
1:08:01,15,37,6
1:08:02,46,4,89
1:08:03,38,5,5
1:08:04,5,3,7
1:08:05,5,5,7
1:08:06,6,28,8
1:08:07,7,42,7
1:08:08,14,17,9
1:08:09,32,21,5
1:08:10,41,33,8
1:08:11,29,11,509
1:08:12,3,525,5
1:08:13,5,19,6
1:08:14,37,17,9
1:08:15,736,23,7
1:08:16,33,49,6
1:08:17,785,2,43
1:08:18,5,43,9
1:08:19,1,2,572
1:08:20,7,2,5
1:08:21,5,1,953
1:08:22,4,25,5
1:08:23,7,17,9
1:08:24,29,446,8
1:08:25,4,5,6
1:08:26,4,3,7
1:08:27,8,5,4
1:08:28,731,1,8
1:08:29,43,1,7
1:08:30,42,1,5
1:08:31,5,4,8
1:08:32,44,36,8
1:08:33,7,5,47
1:08:34,5,5,5
1:08:35,8,35,742
1:08:36,3,25,6
1:08:37,6,1,8
1:08:38,6,33,960
1:08:39,6,46,5
1:08:40,17,2,9
1:08:41,3,4,9
1:08:42,3,43,7
1:08:43,8,5,877
1:08:44,18,2,5
1:08:45,458,2,5
1:08:46,11,2,8
1:08:47,11,5,8
1:08:48,55,31,5
1:08:49,5,4,7
1:08:50,5,2,8
1:08:51,5,5,5
1:08:52,6,5,923
1:08:53,564,4,6
1:08:54,45,4,857
1:08:55,32,28,4
1:08:56,22,1,918
1:08:57,18,27,7
1:08:58,7,4,8
1:08:59,7,1,9
1:09:00,7,47,9
1:09:01,375,3,9
1:09:02,555,30,7
1:09:03,5,2,5
1:09:04,5,3,4
1:09:05,5,21,6
1:09:06,36,3,9
1:09:07,2,11,5
1:09:08,12,26,8
1:09:09,7,4,5
,10,3,5
,5,4,8
,6,40,6
,2,37,7
,10,5,5
,19,4,6
,36,23,7
,6,2,5
,37,5,7
,6,24,5
,20,1,9
,5,22,8
,3,4,933
,5,4,5
,5,20,7
,6,43,8
,32,2,8
,4,18,45
,6,354,6
,6,4,5
,1,2,5
,337,471,9
,5,2,6
,9,4,6
,2,3,4
,9,434,5
,4,36,5
,182,2,44
,14,49,6
,3,14,8
,6,5,5
,5,4,8
,21,44,7
,6,2,9
,3,13,46
,6,2,7
,1,24,9
,432,19,9
,3,1,5
,47,3,5
,2,3,6
,4,16,5
,3,32,7
,386,21,5
,29,5,7
,6,4,5
,1,2,7
,5,46,6
,49,3,9
,7,28,7
,51,3,9
,5,45,5
,44,27,567
,21,43,7
,626,3,9
,7,11,7
,0,22,5
,6,46,7
,4,3,5
,10,2,8
,19,30,7
,35,24,776
,16,29,6
,9,4,5
,6,49,6
,28,5,934
,6,2,9
,9,23,8
,4,46,791
,17,49,8
,5,29,8
,26,24,6
,17,36,8
,39,2,6
,6,5,5
,7,47,9
,6,5,8
,6,3,6
,62,4,4
,6,42,10
,35,2,6
,4,20,8
,38,38,48
,19,301,9
,25,15,9
,136,5,7
,2,4,9
,3,15,7
,14,12,4
,20,19,592
,1,21,5
,5,29,4
,3,11,5
,4,1,5
,5,42,8
,8,27,7
,13,5,6
,6,27,9
,15,30,9
,597,11,7
,4,36,7
,6,3,7
,38,11,8
,3,18,875
,811,12,6
,30,22,7
,25,2,46
,3,4,46
,20,34,6
,5,4,8
,7,431,9
,5,549,8
,49,5,4
,3,20,5
,10,218,9
,4,12,6
,6,3,5
,16,5,7
,5,2,8
,41,501,6
,1,21,8
,7,5,9
,49,20,8
,6,23,9
,5,5,8
,4,1,7
,3,5,9
,5,37,8
,22,5,9
,37,32,8
,2,3,7
,45,44,5
,5,3,8
,6,16,7
,3,5,9
,14,36,762
,6,33,6
,10,48,9
,39,43,5
,141,375,7
,3,182,9
,7,19,6
,23,489,9
,5,19,885
,2,2,7
,133,46,4
,17,243,7
,4,3,901
,5,25,9
,6,5,709
,43,314,4
,3,3,47
,710,5,5
,24,36,7
,626,15,5
,3,16,9
,714,3,5
,6,1,8
,7,25,4
,4,46,6
,11,2,9
,17,3,8
,8,12,8
,2,3,6
,21,26,6
,5,4,7
,6,1,6
,48,17,9
,5,29,6
,65,38,5
,5,3,8
,5,288,6
,6,423,7
,7,30,786
,31,14,7
,5,480,9
,4,3,8
,4,3,9
,6,23,5
,12,32,8
,11,3,5
,6,33,7
,7,46,9
,7,38,5
,14,4,8
,5,16,999
,22,49,9
,5,4,6
,13,35,7
,3,38,7
,46,42,7
,5,26,7
,7,359,7
,8,49,6
,24,17,9
,53,5,5
,30,3,9
,6,47,8
,24,15,6
,2,19,534
,1,4,9
,49,24,6
,36,4,47
,13,5,9
,5,45,8
,24,26,4
,526,3,9
,24,16,9
,1,5,8
,28,3,7
,534,48,7
,6,38,6
,4,43,5
,7,48,6
,15,2,9
,5,14,9
,3,476,7
,38,14,5
,3,1,9
,1,12,6
,19,3,46
,5,1,7
,7,49,7
,21,26,9
,628,47,7
,6,54,6
,36,2,7
,6,5,4
,6,5,960
,4,22,5
,6,47,8
,2,15,7
,5,5,6
,7,47,903
,287,5,7
,6,2,5
,5,26,6
,27,43,45
,2,16,9
,12,1,777
,6,43,6
,14,43,8
,5,14,9
,9,17,6
,12,25,909
,5,22,898
,6,13,6
,1,4,47
,47,16,6
,5,17,7
,8,43,9
,6,45,6
,7,1,8
,4,1,8
,4,3,701
,47,21,8
,3,47,706
,20,41,9
,48,18,8
,5,45,7
,16,11,5
,4,28,5
,40,21,45
,4,22,7
,5,4,638
,5,3,49
,41,41,7
,3,15,6
,28,28,9
,1,5,7
,4,12,4
,6,13,6
,2,4,6
,5,32,8
,49,30,8
,1,22,526
,7,21,880
,19,5,6
,7,30,7
,37,4,8
,1,4,6
,20,4,9
,43,3,9
,27,1,5
,5,26,7
,5,5,7
,11,48,7
,9,5,747
,5,2,8
,21,3,9
,673,4,5
,22,34,8
,3,31,7
,15,5,5
,5,252,7
,44,4,8
,11,4,611
,5,2,8
,23,4,5
,6,11,5
,6,43,9
,4,44,6
,39,3,5
,4,35,6
,22,5,5
,20,302,6
,6,13,9
,7,16,6
,9,5,4
,7,2,8
,5,34,9
,39,33,7
,16,3,672
,2,1,8
,41,11,7
,6,23,8
,14,5,5
,40,1,5
,3,4,8
,24,20,4
,5,13,49
,40,2,6
,3,4,6
,5,13,9
,43,5,825
,42,504,5
,4,26,778
,866,38,4
,6,22,8
,6,15,7
,5,4,478
,2,30,9
,6,26,530
,22,2,46
,27,4,9
,3,17,7
,426,2,7
,568,317,8
,44,25,7
,5,2,5
,4,48,5
,49,30,8
,3,16,4
,16,36,6
,40,42,5
,6,3,4
,6,12,431
,5,2,9
,1,40,5
,6,30,8
,2,37,5
,39,1,9
,2,5,6
,4,23,4
,6,24,469
,41,2,7
,7,30,69
,5,33,9
,28,3,7
,1,5,8
,23,4,5
,14,2,6
,643,22,7
,6,15,7
,3,12,628
,7,4,540
,22,36,8
,5,2,6
,9,19,852
,15,16,6
,34,1,5
,609,40,79
,38,4,8
,44,12,8
,5,22,7
,5,293,9
,6,5,8
,4,2,5
,4,16,9
,6,541,8
,6,27,6
,5,23,5
,4,1,4
,46,30,6
,4,42,6
,5,12,7
,3,29,9
,5,45,9
,44,20,9
,2,21,9
,17,528,5
,24,4,8
,3,49,7
,28,39,9
,7,3,7
,5,49,8
,3,14,9
,6,12,5
,33,5,7
,8,45,8
,6,14,9
,24,5,8
,6,5,9
,5,2,937
,5,3,7
,682,15,5
,18,14,7
,3,31,4
,305,31,5
,8,27,7
,11,4,5
,5,20,534
,27,3,9
,1,49,9
,20,4,4
,20,2,493
,22,4,7
,32,4,6
,3,31,8
,24,17,6
,42,40,8
,594,2,5
,4,46,5
,6,2,7
,8,4,6
,5,2,9
,9,5,6
,23,2,6
,7,4,8
,6,27,9
,15,3,7
,4,4,875
,37,5,4
,34,2,7
,7,18,6
,2,18,7
,5,26,5
,38,4,445
,25,5,45
,2,5,4
,44,4,9
,32,2,6
,20,42,6
,3,22,6
,36,15,4
,31,5,5
,5,3,5
,45,3,5
,2,3,7
,26,2,7
,43,4,7
,13,3,7
,45,3,9
,5,4,6
,61,3,7
,6,3,5
,5,5,6
,6,2,7
,5,4,901
,2,19,9
,5,19,7
,6,47,694
,3,34,8
,2,16,9
,5,196,7
,5,49,6
,5,17,794
,11,27,8
,1,14,8
,47,4,5
,6,5,8
,8,2,7
,20,3,5
,4,11,7
,12,36,8
,49,358,6
,4,37,6
,7,26,9
,5,19,7
,18,1,6
,6,1,7
,39,4,45
,3,4,6
,6,37,8
,18,40,5
,13,2,6
,8,41,9
,41,4,7
,5,3,7
,6,49,9
,4,3,4
,6,325,730
,3,5,4
,5,4,6
,26,29,693
,41,1,8
,7,3,6
,31,31,677
,5,4,9
,15,27,5
,8,19,6
,5,4,8
,5,3,864
,494,41,6
,3,5,6
,6,1,5
,3,5,6
,6,4,8
,39,13,43
,5,35,892
,7,48,9
,5,266,6
,31,4,733
,4,48,863
,4,37,6
,38,21,8
,29,27,8
,40,4,6
,7,20,6
,41,35,7
,49,5,5
,7,49,9
,8,27,4
,6,19,9
,4,4,7
,7,1,45
,10,1,7
,3,22,8
,2,4,9
,3,22,7
,6,4,8
,4,2,8
,13,3,683
,5,5,4
,3,13,8
,12,42,7
,6,11,7
,5,2,8
,39,35,6
,22,3,6
,35,5,5
,16,42,7
,715,5,7
,1,29,7
,6,15,5
,8,13,8
,6,48,6
,6,14,6
,27,3,907
,4,39,852
,4,2,9
,8,16,9
,7,16,6
,2,4,8
,27,11,5
,7,2,6
,1,48,5
,3,4,8
,8,3,4
,19,1,9
,5,4,8
,15,4,8
,6,34,7
,6,374,5
,3,47,813
,3,43,4
,16,2,971
,9,1,8
,597,30,9
,6,17,6
,5,2,5
,3,15,49
,4,5,7
,2,18,8
,7,48,7
,5,3,6
,16,24,5
,4,3,4
,3,4,5
,6,3,9
,36,36,6
,4,40,46
,5,17,587
,7,16,5
,31,42,9
,6,2,44
,6,26,8
,833,3,45
,9,3,9
,17,44,6
,7,42,9
,22,3,9
,7,18,43
,46,22,60
,34,2,6
,23,5,839
,22,3,8
,42,3,9
,21,17,7
,2,18,8
,46,4,6
,22,47,7
,6,2,6
,42,31,8
,3,3,602
,26,4,5
,11,29,4
,39,39,8
,47,3,706
,6,3,7
,41,365,8
,5,2,7
,3,26,6
,3,38,8
,2,1,671
,563,2,5
,4,2,758
,33,3,4
,31,3,5
,5,28,44
,33,29,9
,9,25,541
,6,20,6
,6,5,4
,6,23,5
,35,1,47
,2,31,7
,23,38,604
,1,4,9
,5,40,7
,35,3,7
,6,14,5
,34,2,5
,35,268,5
,33,4,6
,8,1,5
,14,2,6
,6,30,4
,7,37,754
,3,15,9
,29,2,7
,2,16,8
,6,3,4
,4,4,6
,23,4,9
,4,42,7
,608,35,5
,329,5,8
,48,44,7
,42,3,8
,3,21,9
,49,3,5
,11,5,903
,3,12,7
,41,5,8
,5,5,5
,14,3,45
,36,34,8
,23,11,45
,39,3,5
,3,47,48
,5,44,5
,6,29,7
,6,4,677
,39,42,650
,15,44,924
,605,4,8
,35,2,7
,5,25,8
,9,4,8
,5,3,5
,23,5,4
,6,4,8
,6,20,45
,652,1,876
,7,40,45
,10,3,4
,5,22,6
,12,3,8
,25,13,7
,4,3,49
,567,35,4
,540,17,9
,6,16,6
,6,25,693
,634,4,5
,8,1,5
,9,488,5
,2,3,5
,21,38,7
,6,21,7
,28,493,743
,37,5,4
,7,25,9
,4,3,4
,5,29,8
,2,38,8
,1,498,801
,299,44,49
,29,3,6
,5,5,9
,6,1,5
,7,4,8
,51,35,5
,12,18,7
,24,4,9
,6,26,9
,3,15,7
,5,2,565
,20,4,4
,5,3,864
,35,3,8
,3,4,4
,6,27,7
,14,1,5
,31,17,7
,37,4,7
,5,15,9
,2,430,5
,4,47,9
,35,1,6
,5,36,916
,6,21,985
,2,42,4
,43,42,7
,4,4,5
,5,37,682
,16,40,775
,6,19,9
,3,31,533
,6,41,5
,5,41,9
,6,35,8
,6,13,7
,3,5,6
,5,2,7
,5,3,6
,5,553,45
,695,20,92
,10,17,45
,11,14,45
,31,12,7
,6,15,5
,716,1,9
,1,5,6
,46,16,7
,15,4,8
,5,2,43
,25,3,6
,6,11,8
,6,38,9
,3,32,7
,2,1,8
,4,20,5
,6,5,8
,5,3,7
,33,2,6
,3,30,6
,1,22,4
,21,49,6
,6,517,7
,6,24,52
,4,16,4
,6,3,820
,3,16,9
,1,49,6
,6,3,5
,18,33,4
,5,26,43
,12,5,49
,16,3,9
,1,21,6
,7,49,9
,18,4,6
,4,4,8
,4,4,4
,4,39,6
,4,17,4
,11,2,6
,7,33,9
,13,38,9
,8,5,6
,11,4,8
,6,5,6
,3,5,8
,667,536,7
,3,15,6
,19,16,8
,228,45,8
,34,21,8
,6,3,6
,35,5,5
,3,5,4
,12,4,8
,23,33,9
,31,5,8
,3,36,5
,31,38,6
,24,15,6
,5,3,4
,4,49,5
,13,4,9
,12,4,6
,4,4,6
,15,27,5
,247,2,7
,16,23,7
,6,20,6
,5,3,6
,34,22,8
,3,40,43
,2,15,8
,3,14,9
,14,21,45
,1,16,8
,5,5,5
,12,31,5
,3,4,7
,5,32,8
,1,3,8
,19,20,47
,4,32,9
,34,4,7
,2,4,8
,6,24,47
,3,12,9
,3,5,8
,5,1,5
,44,3,5
,297,3,5
,3,3,42
,14,5,5
,6,13,43
,21,5,703
,2,23,9
,1,2,7
,52,5,6
,286,1,8
,4,3,8
,5,4,5
,6,46,5
,6,18,7
,3,479,5
,18,1,8
,22,35,6
,3,5,8
,804,44,461
,5,17,7
,4,27,46
,14,45,7
,38,31,43
,3,1,9
,336,28,5
,27,41,834
,5,5,6
,7,1,5
,11,412,6
,11,38,7
,4,39,9
,13,39,7
,6,3,5
,5,40,8
,6,2,7
,18,5,9
,12,2,6
,10,42,7
,583,2,6
,1,37,5
,5,2,44
,7,1,7
,42,4,5
,5,4,6
,9,15,7
,18,26,7
,371,45,6
,3,12,8
,6,46,968
,45,41,4
,2,22,443
,33,2,9
,11,22,5
,272,46,4
,8,18,7
,3,37,8
,7,33,5
,5,3,5
,39,29,8
,7,4,45
,23,4,9
,7,43,945
,3,38,8
,2,43,7
,6,45,938
,17,37,5
,7,26,7
,9,5,8
,23,41,8
,3,540,6
,39,34,5
,1,2,9
,5,4,4
,2,4,5
,7,151,9
,6,49,6
,12,3,6
,49,2,6
,34,5,4
,688,3,6
,175,13,53
,2,5,9
,20,16,4
,24,5,7
,505,39,9
,2,17,9
,3,3,8
,36,3,7
,6,48,8
,1,33,5
,32,39,8
,8,16,9
,409,13,5
,2,4,807
,1,1,9
,6,35,999
,6,2,5
,6,4,5
,6,19,582
,4,2,635
,6,5,9
,7,3,6
,6,41,49
,5,3,6
,6,5,4
,27,21,47
,7,4,4
,2,17,43
,35,3,4
,13,20,5
,24,2,9
,1,5,44
,7,4,8
,6,2,529
,34,20,5
,16,2,7
,30,1,5
,18,5,612
,29,30,6
,3,5,6
,236,2,5
,5,25,7
,2,4,570
,3,3,9
,19,3,5
,5,14,48
,3,24,43
,3,15,8
,7,1,9
,10,3,7
,6,1,46
,5,3,9
,44,4,5
,5,36,4
,2,3,8
,23,5,5
,33,1,7
,6,49,7
,6,3,6
,7,4,5
,9,4,5
,33,555,7
,36,4,6
,35,527,8
,8,25,5
,3,5,9
,4,1,5
,1,32,6
,39,5,4
,24,4,9
,678,4,7
,5,20,6
,3,3,7
,7,4,4
,17,250,9
,49,40,907
,24,4,8
,4,25,4
,7,12,9
,46,42,815
,431,30,5
,6,15,651
,15,441,8
,6,4,5
,29,14,6
,18,3,7
,1,4,5
,2,28,43
,11,12,8
,31,16,7
,2,4,5
,3,15,7
,3,3,7
,7,2,8
,2,13,7
,8,19,4
,59,3,7
,4,43,44
,7,48,6
,6,4,7
,15,3,9
,5,23,7
,474,2,6
,6,21,8
,5,17,8
,6,20,807
,2,4,8
,5,5,6
,6,5,7
,7,2,7
,551,15,7
,3,2,8
,5,3,7
,44,416,8
,2,3,7
,32,19,7
,70,2,9
,7,230,7
,26,4,6
,5,32,49
,2,20,886
,12,29,8
,7,38,6
,917,45,7
,29,4,5
,1,3,7
,7,1,4
,2,4,7
,27,2,7
,5,37,5
,6,514,6
,2,41,9
,34,5,485
,5,47,9
,1,11,6
,35,3,7
,21,45,6
,6,335,7
,5,3,5
,6,41,990
,6,22,5
,41,5,5
,20,21,8
,14,5,9
,3,40,8
,5,19,6
,10,48,9
,3,3,84
,3,5,6
,5,23,6
,6,4,6
,5,3,9
,2,2,8
,4,49,6
,20,30,9
,4,5,5
,33,3,5
,5,1,7
,5,39,45
,40,23,45
,5,14,474
,2,4,9
,42,4,7
,4,1,760
,6,3,7
,35,13,7
,6,42,7
,574,3,8
,6,5,8
,7,14,9
,2,24,5
,5,24,7
,461,2,6
,625,1,9
,20,43,5
,1,2,8
,11,2,8
,4,5,7
,7,5,7
,1,22,7
,6,28,4
,44,4,6
,28,15,7
,5,15,4
,49,31,8
,33,2,6
,2,20,8
,5,37,4
,5,2,764
,2,24,827
,42,14,8
,6,5,7
,8,2,8
,57,21,9
,25,49,589
,37,48,9
,6,14,6
,12,16,5
,6,2,8
,35,5,6
,258,36,7
,15,13,9
,5,30,8
,7,5,9
,5,31,6
,214,4,6
,2,42,6
,27,3,9
,5,3,921
,12,2,8
,1,4,8
,1,40,4
,4,40,567
,4,1,8
,47,23,9
,12,28,48
,442,20,8
,4,24,6
,6,45,9
,4,2,5
,6,3,9
,21,5,5
,28,44,8
,11,4,7
,7,35,48
,6,5,6
,7,29,909
,5,5,4
,6,3,6
,3,5,5
,3,28,43
,9,11,7
,38,3,9
,5,44,6
,44,3,4
,5,11,66
,17,26,9
,2,4,8
,5,33,9
,43,5,7
,14,17,7
,21,5,7
,5,48,5
,3,36,5
,5,24,435
,32,4,7
,6,17,8
,5,5,922
,21,1,6
,13,4,5
,895,533,5
,7,16,47
,20,4,44
,6,36,8
,2,2,8
,567,4,7
,5,22,7
,53,1,6
,7,3,7
,6,44,9
,28,4,6
,1,32,8
,40,2,5
,35,3,7
,3,3,7
,7,34,9
,1,1,6
,41,22,9
,6,14,6
,15,14,9
,1,2,6
,15,5,6
,43,36,42
,29,5,8
,11,15,5
,7,4,9
,2,4,5
,35,4,539
,725,5,48
,66,17,5
,25,5,6
,6,49,7
,21,17,9
,31,29,7
,3,48,6
,3,5,67
,6,5,7
,1,22,7
,37,30,6
,18,1,8
,6,27,5
,3,13,5
,6,4,9
,4,15,5
,19,5,9
,6,2,7
,5,12,6
,4,5,8
,668,15,5
,13,3,8
,5,3,8
,5,26,5
,30,2,8
,2,4,973
,5,5,6
,3,2,9
,4,4,8
,5,1,8
,3,3,6
,6,1,6
,7,15,6
,27,4,796
,573,2,6
,4,41,9
,3,12,5
,10,2,7
,5,4,86
,7,13,7
,6,3,9
,4,1,8
,27,2,8
,5,1,6
,6,35,6
,38,3,92
,20,43,7
,6,40,9
,5,2,5
,5,3,4
,5,14,654
,48,39,672
,41,2,4
,14,28,737
,42,2,5
,19,39,4
,41,3,5
,48,45,47
,621,1,9
,5,23,9
,7,28,6
,19,46,8
,6,399,6
,4,4,7
,6,30,8
,28,4,46
,426,5,7
,5,39,589
,4,3,4
,7,12,9
,48,48,739
,5,2,6
,2,4,8
,6,5,5
,18,22,43
,686,12,8
,4,37,4
,5,2,5
,6,32,6
,7,20,8
,16,19,5
,6,1,8
,6,2,5
,34,26,9
,14,4,574
,47,55,863
,29,2,46
,3,12,9
,6,14,986
,6,5,4
,16,32,4
,48,4,5
,6,27,6
,2,4,553
,730,16,9
,2,5,907
,3,5,7
,42,2,5
,5,33,6
,14,3,8
,6,5,8
,2,12,6
,8,13,9
,7,46,6
,48,14,43
,1,1,5
,4,1,74
,6,4,5
,47,24,9
,425,5,7
,6,16,9
,28,12,9
,39,2,4
,6,4,5
,10,4,7
,2,3,7
,5,23,6
,19,3,9
,47,46,9
,5,1,6
,6,4,8
,7,46,4
,3,12,7
,3,43,8
,2,40,8
,5,43,8
,7,3,811
,5,2,9
,5,127,9
,633,3,5
,5,5,9
,31,5,6
,32,3,9
,7,3,8
,10,36,43
,12,3,6
,19,476,7
,4,16,9
,5,15,45
,4,2,4
,10,13,7
,6,3,6
,1,4,9
,7,1,8
,7,44,4
,11,4,8
,607,3,6
,6,41,735
,25,32,7
,1,268,7
,3,1,9
,15,1,9
,6,16,8
,4,3,6
,19,3,9
,7,37,7
,710,4,46
,38,2,9
,39,42,4
,29,2,9
,31,17,6
,3,37,9
,551,4,8
,7,331,6
,6,48,5
,5,3,6
,9,45,8
,17,19,5
,6,24,923
,20,4,7
,704,43,6
,17,25,7
,3,43,5
,15,3,6
,7,4,5
,2,426,4
,3,26,8
,7,4,9
,11,2,4
,2,3,6
,3,18,6
,5,44,5
,40,2,8
,5,46,5
,5,1,6
,6,5,6
,5,502,5
,7,4,8
,9,45,8
,5,35,7
,18,13,9
,3,46,6
,31,3,4
,4,506,5
,42,5,9
,1,21,588
,8,2,8
,5,201,9
,4,21,7
,6,487,9
,5,3,5
,4,1,4
,2,19,7
,5,23,8
,19,11,4
,4,5,8
,2,48,8
,16,17,5
,6,13,5
,10,32,8
,14,35,7
,7,2,8
,8,3,4
,922,17,7
,5,28,9
,489,2,8
,6,34,8
,7,4,5
,21,4,632
,5,5,6
,3,53,8
,5,5,5
,5,35,7
,3,3,9
,7,19,4
,19,5,5
,3,31,4
,5,46,9
,28,24,7
,2,49,9
,14,4,6
,11,33,9
,6,393,6
,25,37,588
,39,49,7
,35,36,9
,12,15,8
,6,14,6
,5,15,8
,22,18,8
,2,5,9
,47,47,5
,2,3,7
,4,3,5
,3,4,43
,6,20,8
,20,23,5
,46,2,6
,9,36,8
,9,14,5
,7,552,842
,3,2,7
,1,4,8
,5,48,6
,6,4,6
,5,4,6
,11,3,8
,5,5,5
,6,13,7
,44,5,6
,4,5,808
,7,3,7
,24,23,8
,393,14,5
,7,18,8
,6,462,46
,35,5,5
,12,13,614
,7,42,5
,5,11,5
,1,38,6
,11,370,5
,21,39,8
,16,20,9
,6,3,5
,486,14,7
,3,20,9
,6,4,8
,5,22,5
,5,3,654
,5,5,9
,7,5,5
,241,1,9
,6,3,9
,573,342,6
,5,25,7
,5,12,6
,2,44,5
,5,2,4
,5,301,45
,5,4,6
,30,2,8
,11,18,4
,9,48,5
,12,43,5
,17,4,499
,33,3,6
,450,16,46
,1,20,7
,7,2,7
,5,401,46
,1,18,4
,8,13,9
,5,2,725
,29,3,6
,26,4,7
,33,4,8
,3,13,9
,27,1,7
,3,20,7
,7,4,7
,1,31,7
,696,19,7
,4,522,4
,6,41,49
,39,13,5
,3,259,4
,5,12,6
,36,2,7
,3,3,8
,11,23,9
,19,4,8
,4,1,9
,595,14,4
,4,18,8
,1,4,5
,2,4,5
,20,4,5
,5,2,6
,46,50,9
,44,4,4
,42,11,8
,4,5,7
,4,2,5
,2,13,6
,3,4,6
,7,24,9
,513,3,8
,5,18,7
,6,4,8
,4,18,579
,5,45,7
,30,28,6
,4,5,9
,6,18,8
,6,4,8
,5,4,7
,17,4,9
,15,3,745
,7,42,9
,4,2,4
,6,5,4
,7,4,6
,302,43,738
,3,4,6
,6,3,8
,2,3,6
,7,1,5
,32,21,431
,3,19,890
,7,28,6
,12,26,9
,6,12,9
,5,17,4
,5,22,8
,2,5,6
,5,4,43
,1,44,5
,1,3,481
,2,4,7
,4,3,6
,5,4,959
,4,4,9
,29,12,9
,2,49,664
,21,4,8
,6,12,9
,7,25,8
,6,3,751
,2,35,6
,5,3,7
,4,4,5
,24,30,6
,6,4,86
,12,3,570
,588,2,9
,2,37,4
,41,271,5
,3,41,9
,20,23,7
,27,26,5
,18,19,7
,3,20,451
,3,15,9
,46,4,7
,6,1,9
,48,27,5
,299,36,7
,6,13,7
,2,20,4
,23,374,819
,3,1,770
,7,1,8
,35,552,8
,1,3,5
,45,5,7
,3,43,9
,5,4,9
,10,5,43
,11,20,6
,908,28,706
,7,24,7
,1,4,6
,3,31,8
,46,5,4
,377,4,9
,45,3,649
,49,4,8
,11,18,7
,22,4,48
,4,423,7
,30,3,8
,1,3,9
,12,25,9
,42,11,8
,3,36,8
,608,27,7
,300,5,9
,5,3,7
,11,18,5
,21,4,6
,6,30,9
,35,4,9
,7,1,669
,5,4,9
,2,4,45
,23,237,8
,5,37,7
,6,4,496
,6,17,6
,2,3,4
,3,44,6
,32,37,6
,7,5,635
,49,45,5
,2,3,9
,21,502,5
,34,25,6
,6,2,514
,41,2,7
,3,42,8
,922,12,4
,11,3,45
,18,16,9
,7,41,44
,3,19,6
,5,4,8
,3,3,5
,6,33,5
,5,49,9
,43,2,946
,7,3,6
,5,440,5
,710,4,46
,12,31,9
,5,5,9
,6,26,46
,538,41,8
,41,33,4
,3,44,8
,13,4,598
,21,15,9
,6,3,9
,13,3,5
,11,4,8
,1,26,6
,5,5,6
,7,32,7
,42,43,43
,6,15,6
,1,11,7
,7,5,4
,6,17,5
,6,15,8
,12,32,6
,6,2,792
,6,15,9
,3,3,9
,5,26,7
,6,24,5
,11,4,8
,8,11,9
,5,15,900
,6,4,5
,4,4,6
,48,14,6
,3,36,6
,49,41,923
,2,3,4
,6,5,8
,5,23,7
,3,2,9
,61,23,4
,5,15,645
,5,3,5
,32,3,9
,8,42,4
,3,4,9
,7,16,8
,65,3,7
,24,20,5
,3,324,9
,3,22,6
,6,1,5
,6,2,9
,6,545,6
,17,5,533
,5,3,5
,5,4,5
,7,18,6
,589,1,9
,38,42,9
,6,44,6
,4,25,837
,4,38,714
,5,5,5
,27,409,6
,7,544,5
,4,22,5
,6,41,829
,7,5,9
,5,5,5
,1,42,9
,19,2,4
,46,14,6
,14,38,6
,1,5,9
,4,3,5
,323,30,777
,4,2,6
,6,361,507
,6,5,7
,5,3,6
,3,2,968
,6,5,754
,10,2,47
,31,14,5
,36,12,6
,5,2,5
,15,4,7
,5,19,7
,384,30,8
,1,13,9
,6,16,9
,31,4,6
,41,14,7
,18,17,730
,5,3,8
,6,32,8
,7,2,88
,7,16,8
,2,24,6
,6,1,8
,6,13,8
,4,5,5
,3,3,8
,9,15,5
,7,29,6
,38,1,6
,6,28,8
,57,19,7
,18,5,9
,6,3,6
,6,498,7
,2,16,9
,19,27,8
,4,18,5
,6,3,751
,2,32,8
,3,4,8
,7,3,6
,17,2,7
,3,40,4
,2,1,5
,651,21,6
,4,21,6
,5,4,43
,7,33,9
,15,3,6
,11,4,764
,5,15,9
,3,4,7
,39,18,8
,6,46,8
,5,5,9
,3,4,696
,5,30,966
,1,31,8
,4,14,9
,7,34,6
,2,3,9
,22,41,5
,7,16,5
,6,19,8
,3,2,45
,66,4,4
,17,5,9
,6,3,5
,22,12,6
,6,5,4
,31,27,7
,351,5,8
,719,25,5
,1,4,9
,1,21,6
,5,5,7
,5,2,7
,520,1,8
,2,5,49
,3,3,5
,549,23,7
,5,24,5
,26,2,627
,6,15,6
,5,4,9
,2,1,6
,4,36,9
,21,11,67
,4,4,7
,6,14,6
,23,39,548
,33,49,6
,46,3,7
,744,43,587
,11,277,42
,6,3,6
,14,12,9
,56,1,920
,2,3,9
,18,48,7
,14,42,5
,6,44,7
,4,25,6
,3,46,46
,2,5,5
,13,37,6
,4,449,591
,6,14,5
,365,16,8
,14,22,5
,13,5,7
,35,42,8
,6,3,999
,7,4,5
,7,43,9
,6,1,9
,28,2,6
,35,1,8
,25,26,5
,4,16,583
,4,4,7
,27,1,5
